"id","admin_0_iso_2","date","analysis","geo_name","geo_id","indicator_type","indicator_category","indicator_source","indicator_variant","indicator_value","reliability_score","reliability_score_description","collection_households_total","collection_households_rural","collection_households_urban","collection_households_displacement","collection_clusters_total","reliability_hard_to_reach","collection_date_from","collection_date_to","collection_percentage_phone","collection_overlap_face2face","collection_selection_bias"
nWtdHXAVhkB4,KE,2026-07-27T00:00:00,Acute Food Insecurity,Dadaab,752245141,fcs,FCS Phase 1-2,WFP,Food Consumption Score,53,R2,,,,,2464,,,2026-04-24T00:00:00,2026-05-16T00:00:00,,,false
DYt81BYmFSef,KE,2026-07-27T00:00:00,Acute Food Insecurity,Dadaab,752245141,fcs,FCS Phase 3,WFP,Food Consumption Score,34,R2,,,,,2464,,,2026-04-24T00:00:00,2026-05-16T00:00:00,,,false
dKU7g29WQKtB,KE,2026-07-27T00:00:00,Acute Food Insecurity,Dadaab,752245141,fcs,FCS Phase 4-5,WFP,Food Consumption Score,13,R2,,,,,2464,,,2026-04-24T00:00:00,2026-05-16T00:00:00,,,false
WkimH6kBAICd,KE,2026-07-27T00:00:00,Acute Food Insecurity,Kakuma,325694451,fcs,FCS Phase 1-2,WFP,Food Consumption Score,35,R2,,,,,2527,,,2026-04-24T00:00:00,2026-05-16T00:00:00,,,false
L2gYBS9OKX-k,KE,2026-07-27T00:00:00,Acute Food Insecurity,Kakuma,325694451,fcs,FCS Phase 3,WFP,Food Consumption Score,46,R2,,,,,2527,,,2026-04-24T00:00:00,2026-05-16T00:00:00,,,false
k49a9TP58fZA,KE,2026-07-27T00:00:00,Acute Food Insecurity,Kakuma,325694451,fcs,FCS Phase 4-5,WFP,Food Consumption Score,19,R2,,,,,2527,,,2026-04-24T00:00:00,2026-05-16T00:00:00,,,false
Gg_B_mrzdyWG,KE,2026-07-27T00:00:00,Acute Food Insecurity,Kalobeyei,1805698982,fcs,FCS Phase 1-2,WFP,Food Consumption Score,21,R2,,,,,278,,,2026-04-24T00:00:00,2026-05-16T00:00:00,,,false
ipFxwqxiPRbh,KE,2026-07-27T00:00:00,Acute Food Insecurity,Kalobeyei,1805698982,fcs,FCS Phase 3,WFP,Food Consumption Score,54,R2,,,,,278,,,2026-04-24T00:00:00,2026-05-16T00:00:00,,,false
xEpafS29kWtg,KE,2026-07-27T00:00:00,Acute Food Insecurity,Kalobeyei,1805698982,fcs,FCS Phase 4-5,WFP,Food Consumption Score,25,R2,,,,,278,,,2026-04-24T00:00:00,2026-05-16T00:00:00,,,false
sAWIz9Vz-AZQ,KE,2026-07-27T00:00:00,Acute Food Insecurity,Dadaab,752245141,hdds,HDDS Phase 1-2,WFP,Household Dietary Diversity Score,84,R2,,,,,2464,,,2026-04-24T00:00:00,2026-05-16T00:00:00,,,false
YYsLh3KsPGLf,KE,2026-07-27T00:00:00,Acute Food Insecurity,Dadaab,752245141,hdds,HDDS Phase 3,WFP,Household Dietary Diversity Score,14,R2,,,,,2464,,,2026-04-24T00:00:00,2026-05-16T00:00:00,,,false
OuX0nLxvT1-E,KE,2026-07-27T00:00:00,Acute Food Insecurity,Dadaab,752245141,hdds,HDDS Phase 4-5,WFP,Household Dietary Diversity Score,2,R2,,,,,2464,,,2026-04-24T00:00:00,2026-05-16T00:00:00,,,false
yW1OxSuBwQEU,KE,2026-07-27T00:00:00,Acute Food Insecurity,Kakuma,325694451,hdds,HDDS Phase 1-2,WFP,Household Dietary Diversity Score,37,R2,,,,,2527,,,2026-04-24T00:00:00,2026-05-16T00:00:00,,,false
lIOvkbG-qtL9,KE,2026-07-27T00:00:00,Acute Food Insecurity,Kakuma,325694451,hdds,HDDS Phase 3,WFP,Household Dietary Diversity Score,52,R2,,,,,2527,,,2026-04-24T00:00:00,2026-05-16T00:00:00,,,false
_UpS_Luyax_H,KE,2026-07-27T00:00:00,Acute Food Insecurity,Kakuma,325694451,hdds,HDDS Phase 4-5,WFP,Household Dietary Diversity Score,11,R2,,,,,2527,,,2026-04-24T00:00:00,2026-05-16T00:00:00,,,false
Ux95hC_wMzLK,KE,2026-07-27T00:00:00,Acute Food Insecurity,Kalobeyei,1805698982,hdds,HDDS Phase 1-2,WFP,Household Dietary Diversity Score,42,R2,,,,,278,,,2026-04-24T00:00:00,2026-05-16T00:00:00,,,false
Ca7D8fiVUwxC,KE,2026-07-27T00:00:00,Acute Food Insecurity,Kalobeyei,1805698982,hdds,HDDS Phase 3,WFP,Household Dietary Diversity Score,49,R2,,,,,278,,,2026-04-24T00:00:00,2026-05-16T00:00:00,,,false
Npmn7cEFgDjx,KE,2026-07-27T00:00:00,Acute Food Insecurity,Kalobeyei,1805698982,hdds,HDDS Phase 4-5,WFP,Household Dietary Diversity Score,9,R2,,,,,278,,,2026-04-24T00:00:00,2026-05-16T00:00:00,,,false
S3JfAa3Qj_Nl,KE,2026-07-27T00:00:00,Acute Food Insecurity,Dadaab,752245141,lcs,LCS Phase 1,WFP,Livelihood Coping Strategy,34,R2,,,,,2464,,,2026-04-24T00:00:00,2026-05-16T00:00:00,,,false
m2uY-0UYLFLl,KE,2026-07-27T00:00:00,Acute Food Insecurity,Dadaab,752245141,lcs,LCS Phase 2,WFP,Livelihood Coping Strategy,32,R2,,,,,2464,,,2026-04-24T00:00:00,2026-05-16T00:00:00,,,false
9_xFeaUQrj0p,KE,2026-07-27T00:00:00,Acute Food Insecurity,Dadaab,752245141,lcs,LCS Phase 3,WFP,Livelihood Coping Strategy,26,R2,,,,,2464,,,2026-04-24T00:00:00,2026-05-16T00:00:00,,,false
vLTFYPR8kMfA,KE,2026-07-27T00:00:00,Acute Food Insecurity,Dadaab,752245141,lcs,LCS Phase 4-5,WFP,Livelihood Coping Strategy,8,R2,,,,,2464,,,2026-04-24T00:00:00,2026-05-16T00:00:00,,,false
NoBZgtNZUQvR,KE,2026-07-27T00:00:00,Acute Food Insecurity,Kakuma,325694451,lcs,LCS Phase 1,WFP,Livelihood Coping Strategy,32,R2,,,,,2527,,,2026-04-24T00:00:00,2026-05-16T00:00:00,,,false
b6v0YA-ta-Ev,KE,2026-07-27T00:00:00,Acute Food Insecurity,Kakuma,325694451,lcs,LCS Phase 2,WFP,Livelihood Coping Strategy,48,R2,,,,,2527,,,2026-04-24T00:00:00,2026-05-16T00:00:00,,,false
e8XqMydLRwnI,KE,2026-07-27T00:00:00,Acute Food Insecurity,Kakuma,325694451,lcs,LCS Phase 3,WFP,Livelihood Coping Strategy,12,R2,,,,,2527,,,2026-04-24T00:00:00,2026-05-16T00:00:00,,,false
GXBTypKfBpwU,KE,2026-07-27T00:00:00,Acute Food Insecurity,Kakuma,325694451,lcs,LCS Phase 4-5,WFP,Livelihood Coping Strategy,8,R2,,,,,2527,,,2026-04-24T00:00:00,2026-05-16T00:00:00,,,false
Pkb7sineXLWg,KE,2026-07-27T00:00:00,Acute Food Insecurity,Kalobeyei,1805698982,lcs,LCS Phase 1,WFP,Livelihood Coping Strategy,26,R2,,,,,278,,,2026-04-24T00:00:00,2026-05-16T00:00:00,,,false
KlKalbufytYx,KE,2026-07-27T00:00:00,Acute Food Insecurity,Kalobeyei,1805698982,lcs,LCS Phase 2,WFP,Livelihood Coping Strategy,47,R2,,,,,278,,,2026-04-24T00:00:00,2026-05-16T00:00:00,,,false
zY8CBeJjvT9h,KE,2026-07-27T00:00:00,Acute Food Insecurity,Kalobeyei,1805698982,lcs,LCS Phase 3,WFP,Livelihood Coping Strategy,15,R2,,,,,278,,,2026-04-24T00:00:00,2026-05-16T00:00:00,,,false
uHdEHVxj0cf7,KE,2026-07-27T00:00:00,Acute Food Insecurity,Kalobeyei,1805698982,lcs,LCS Phase 4-5,WFP,Livelihood Coping Strategy,12,R2,,,,,278,,,2026-04-24T00:00:00,2026-05-16T00:00:00,,,false
K5L6PKLuEB_Y,KE,2026-07-27T00:00:00,Acute Food Insecurity,Dadaab,752245141,hhs,HHS Phase 1,WFP,Household Hunger Score,53,R2,,,,,2464,,,2026-04-24T00:00:00,2026-05-16T00:00:00,,,false
ZsJAZxDA2ZYU,KE,2026-07-27T00:00:00,Acute Food Insecurity,Dadaab,752245141,hhs,HHS Phase 2,WFP,Household Hunger Score,7,R2,,,,,2464,,,2026-04-24T00:00:00,2026-05-16T00:00:00,,,false
1-_Kgesulex7,KE,2026-07-27T00:00:00,Acute Food Insecurity,Dadaab,752245141,hhs,HHS Phase 3,WFP,Household Hunger Score,39,R2,,,,,2464,,,2026-04-24T00:00:00,2026-05-16T00:00:00,,,false
SFT4USqDdDvi,KE,2026-07-27T00:00:00,Acute Food Insecurity,Dadaab,752245141,hhs,HHS Phase 4,WFP,Household Hunger Score,1,R2,,,,,2464,,,2026-04-24T00:00:00,2026-05-16T00:00:00,,,false
wiRiA2nthgHS,KE,2026-07-27T00:00:00,Acute Food Insecurity,Dadaab,752245141,hhs,HHS Phase 5,WFP,Household Hunger Score,0,R2,,,,,2464,,,2026-04-24T00:00:00,2026-05-16T00:00:00,,,false
PfEEqiTuXbMJ,KE,2026-07-27T00:00:00,Acute Food Insecurity,Kakuma,325694451,hhs,HHS Phase 1,WFP,Household Hunger Score,27,R2,,,,,2527,,,2026-04-24T00:00:00,2026-05-16T00:00:00,,,false
Pndv4nkH2lOu,KE,2026-07-27T00:00:00,Acute Food Insecurity,Kakuma,325694451,hhs,HHS Phase 2,WFP,Household Hunger Score,8,R2,,,,,2527,,,2026-04-24T00:00:00,2026-05-16T00:00:00,,,false
2qG8yWkf2aXa,KE,2026-07-27T00:00:00,Acute Food Insecurity,Kakuma,325694451,hhs,HHS Phase 3,WFP,Household Hunger Score,58,R2,,,,,2527,,,2026-04-24T00:00:00,2026-05-16T00:00:00,,,false
pSDSnOysP1fD,KE,2026-07-27T00:00:00,Acute Food Insecurity,Kakuma,325694451,hhs,HHS Phase 4,WFP,Household Hunger Score,3,R2,,,,,2527,,,2026-04-24T00:00:00,2026-05-16T00:00:00,,,false
qqiYd7JXvbw7,KE,2026-07-27T00:00:00,Acute Food Insecurity,Kakuma,325694451,hhs,HHS Phase 5,WFP,Household Hunger Score,4,R2,,,,,2527,,,2026-04-24T00:00:00,2026-05-16T00:00:00,,,false
5gVG5G-W1lAF,KE,2026-07-27T00:00:00,Acute Food Insecurity,Kalobeyei,1805698982,hhs,HHS Phase 1,WFP,Household Hunger Score,38,R2,,,,,278,,,2026-04-24T00:00:00,2026-05-16T00:00:00,,,false
AJ4KPcFXNbSO,KE,2026-07-27T00:00:00,Acute Food Insecurity,Kalobeyei,1805698982,hhs,HHS Phase 2,WFP,Household Hunger Score,12,R2,,,,,278,,,2026-04-24T00:00:00,2026-05-16T00:00:00,,,false
kkishNgktIIx,KE,2026-07-27T00:00:00,Acute Food Insecurity,Kalobeyei,1805698982,hhs,HHS Phase 3,WFP,Household Hunger Score,49,R2,,,,,278,,,2026-04-24T00:00:00,2026-05-16T00:00:00,,,false
L5v2rhk8VGHz,KE,2026-07-27T00:00:00,Acute Food Insecurity,Kalobeyei,1805698982,hhs,HHS Phase 4,WFP,Household Hunger Score,1,R2,,,,,278,,,2026-04-24T00:00:00,2026-05-16T00:00:00,,,false
EicYZ-WMgRgG,KE,2026-07-27T00:00:00,Acute Food Insecurity,Kalobeyei,1805698982,hhs,HHS Phase 5,WFP,Household Hunger Score,0,R2,,,,,278,,,2026-04-24T00:00:00,2026-05-16T00:00:00,,,false
Rz671cWyB2no,KE,2026-07-27T00:00:00,Acute Food Insecurity,Dadaab,752245141,rcsi,RCSI Phase 1,WFP,Reduced Coping Strategies Index,22,R2,,,,,2464,,,2026-04-24T00:00:00,2026-05-16T00:00:00,,,false
17lXFOXKKJjV,KE,2026-07-27T00:00:00,Acute Food Insecurity,Dadaab,752245141,rcsi,RCSI Phase 2,WFP,Reduced Coping Strategies Index,67,R2,,,,,2464,,,2026-04-24T00:00:00,2026-05-16T00:00:00,,,false
6yBOUtyLw6la,KE,2026-07-27T00:00:00,Acute Food Insecurity,Dadaab,752245141,rcsi,RCSI Phase 3+,WFP,Reduced Coping Strategies Index,11,R2,,,,,2464,,,2026-04-24T00:00:00,2026-05-16T00:00:00,,,false
gQRy8vA67snK,KE,2026-07-27T00:00:00,Acute Food Insecurity,Kakuma,325694451,rcsi,RCSI Phase 1,WFP,Reduced Coping Strategies Index,5,R2,,,,,2527,,,2026-04-24T00:00:00,2026-05-16T00:00:00,,,false
h0atCgx1C90L,KE,2026-07-27T00:00:00,Acute Food Insecurity,Kakuma,325694451,rcsi,RCSI Phase 2,WFP,Reduced Coping Strategies Index,56,R2,,,,,2527,,,2026-04-24T00:00:00,2026-05-16T00:00:00,,,false
t2saZBshCAuU,KE,2026-07-27T00:00:00,Acute Food Insecurity,Kakuma,325694451,rcsi,RCSI Phase 3+,WFP,Reduced Coping Strategies Index,39,R2,,,,,2527,,,2026-04-24T00:00:00,2026-05-16T00:00:00,,,false
xfFAOFuyTEet,KE,2026-07-27T00:00:00,Acute Food Insecurity,Kalobeyei,1805698982,rcsi,RCSI Phase 1,WFP,Reduced Coping Strategies Index,5,R2,,,,,278,,,2026-04-24T00:00:00,2026-05-16T00:00:00,,,false
XaRu8V-oeu1D,KE,2026-07-27T00:00:00,Acute Food Insecurity,Kalobeyei,1805698982,rcsi,RCSI Phase 2,WFP,Reduced Coping Strategies Index,55,R2,,,,,278,,,2026-04-24T00:00:00,2026-05-16T00:00:00,,,false
q92fqD2QZLTP,KE,2026-07-27T00:00:00,Acute Food Insecurity,Kalobeyei,1805698982,rcsi,RCSI Phase 3+,WFP,Reduced Coping Strategies Index,40,R2,,,,,278,,,2026-04-24T00:00:00,2026-05-16T00:00:00,,,false
,,2026-04-15T00:00:00,Acute Food Insecurity Analysis,Baringo,,fcs,FCS Phase 1-2,NDMA,Food Consumption Score,60,R1+,,,265,,,,,2026-04-01T00:00:00,2026-04-30T00:00:00,,,
,,2026-04-15T00:00:00,Acute Food Insecurity Analysis,Baringo,,fcs,FCS Phase 3,NDMA,Food Consumption Score,34,R1+,,,265,,,,,2026-04-01T00:00:00,2026-04-30T00:00:00,,,
,,2026-04-15T00:00:00,Acute Food Insecurity Analysis,Baringo,,fcs,FCS Phase 4-5,NDMA,Food Consumption Score,5,R1+,,,265,,,,,2026-04-01T00:00:00,2026-04-30T00:00:00,,,
,,2026-04-15T00:00:00,Acute Food Insecurity Analysis,Baringo,,rcsi,RCSI Phase 1,NDMA,Reduced Coping Strategies Index,10,R1+,,,265,,,,,2026-04-01T00:00:00,2026-04-30T00:00:00,,,
,,2026-04-15T00:00:00,Acute Food Insecurity Analysis,Baringo,,rcsi,RCSI Phase 2,NDMA,Reduced Coping Strategies Index,73,R1+,,,265,,,,,2026-04-01T00:00:00,2026-04-30T00:00:00,,,
,,2026-04-15T00:00:00,Acute Food Insecurity Analysis,Baringo,,rcsi,RCSI Phase 3+,NDMA,Reduced Coping Strategies Index,17,R1+,,,265,,,,,2026-04-01T00:00:00,2026-04-30T00:00:00,,,
,,2026-04-15T00:00:00,Acute Food Insecurity Analysis,Baringo,,lcs,LCS Phase 1,NDMA,Livelihood Coping Strategy,82,R1+,,,265,,,,,2026-04-01T00:00:00,2026-04-30T00:00:00,,,
,,2026-04-15T00:00:00,Acute Food Insecurity Analysis,Baringo,,lcs,LCS Phase 2,NDMA,Livelihood Coping Strategy,18,R1+,,,265,,,,,2026-04-01T00:00:00,2026-04-30T00:00:00,,,
,,2026-04-15T00:00:00,Acute Food Insecurity Analysis,Baringo,,lcs,LCS Phase 3,NDMA,Livelihood Coping Strategy,0,R1+,,,265,,,,,2026-04-01T00:00:00,2026-04-30T00:00:00,,,
,,2026-04-15T00:00:00,Acute Food Insecurity Analysis,Baringo,,lcs,LCS Phase 4-5,NDMA,Livelihood Coping Strategy,0,R1+,,,265,,,,,2026-04-01T00:00:00,2026-04-30T00:00:00,,,
,,2026-02-15T00:00:00,Acute Food Insecurity Analysis,Baringo,,fcs,FCS Phase 1-2,NDMA,Food Consumption Score,43,R1+,,,266,,,,,2026-02-01T00:00:00,2026-02-28T00:00:00,,,
,,2026-02-15T00:00:00,Acute Food Insecurity Analysis,Baringo,,fcs,FCS Phase 3,NDMA,Food Consumption Score,50,R1+,,,266,,,,,2026-02-01T00:00:00,2026-02-28T00:00:00,,,
,,2026-02-15T00:00:00,Acute Food Insecurity Analysis,Baringo,,fcs,FCS Phase 4-5,NDMA,Food Consumption Score,7,R1+,,,266,,,,,2026-02-01T00:00:00,2026-02-28T00:00:00,,,
,,2026-02-15T00:00:00,Acute Food Insecurity Analysis,Baringo,,rcsi,RCSI Phase 1,NDMA,Reduced Coping Strategies Index,6,R1+,,,266,,,,,2026-02-01T00:00:00,2026-02-28T00:00:00,,,
,,2026-02-15T00:00:00,Acute Food Insecurity Analysis,Baringo,,rcsi,RCSI Phase 2,NDMA,Reduced Coping Strategies Index,72,R1+,,,266,,,,,2026-02-01T00:00:00,2026-02-28T00:00:00,,,
,,2026-02-15T00:00:00,Acute Food Insecurity Analysis,Baringo,,rcsi,RCSI Phase 3+,NDMA,Reduced Coping Strategies Index,22,R1+,,,266,,,,,2026-02-01T00:00:00,2026-02-28T00:00:00,,,
,,2026-02-15T00:00:00,Acute Food Insecurity Analysis,Baringo,,lcs,LCS Phase 1,NDMA,Livelihood Coping Strategy,82,R1+,,,266,,,,,2026-02-01T00:00:00,2026-02-28T00:00:00,,,
,,2026-02-15T00:00:00,Acute Food Insecurity Analysis,Baringo,,lcs,LCS Phase 2,NDMA,Livelihood Coping Strategy,18,R1+,,,266,,,,,2026-02-01T00:00:00,2026-02-28T00:00:00,,,
,,2026-02-15T00:00:00,Acute Food Insecurity Analysis,Baringo,,lcs,LCS Phase 3,NDMA,Livelihood Coping Strategy,0,R1+,,,266,,,,,2026-02-01T00:00:00,2026-02-28T00:00:00,,,
,,2026-02-15T00:00:00,Acute Food Insecurity Analysis,Baringo,,lcs,LCS Phase 4-5,NDMA,Livelihood Coping Strategy,0,R1+,,,266,,,,,2026-02-01T00:00:00,2026-02-28T00:00:00,,,
,,2026-01-15T00:00:00,Acute Food Insecurity Analysis,Baringo,,fcs,FCS Phase 1-2,NDMA,Food Consumption Score,42,R1+,,,268,,,,,2026-01-01T00:00:00,2026-01-31T00:00:00,,,
,,2026-01-15T00:00:00,Acute Food Insecurity Analysis,Baringo,,fcs,FCS Phase 3,NDMA,Food Consumption Score,51,R1+,,,268,,,,,2026-01-01T00:00:00,2026-01-31T00:00:00,,,
,,2026-01-15T00:00:00,Acute Food Insecurity Analysis,Baringo,,fcs,FCS Phase 4-5,NDMA,Food Consumption Score,7,R1+,,,268,,,,,2026-01-01T00:00:00,2026-01-31T00:00:00,,,
,,2026-01-15T00:00:00,Acute Food Insecurity Analysis,Baringo,,rcsi,RCSI Phase 1,NDMA,Reduced Coping Strategies Index,9,R1+,,,268,,,,,2026-01-01T00:00:00,2026-01-31T00:00:00,,,
,,2026-01-15T00:00:00,Acute Food Insecurity Analysis,Baringo,,rcsi,RCSI Phase 2,NDMA,Reduced Coping Strategies Index,70,R1+,,,268,,,,,2026-01-01T00:00:00,2026-01-31T00:00:00,,,
,,2026-01-15T00:00:00,Acute Food Insecurity Analysis,Baringo,,rcsi,RCSI Phase 3+,NDMA,Reduced Coping Strategies Index,22,R1+,,,268,,,,,2026-01-01T00:00:00,2026-01-31T00:00:00,,,
,,2026-01-15T00:00:00,Acute Food Insecurity Analysis,Baringo,,lcs,LCS Phase 1,NDMA,Livelihood Coping Strategy,79,R1+,,,268,,,,,2026-01-01T00:00:00,2026-01-31T00:00:00,,,
,,2026-01-15T00:00:00,Acute Food Insecurity Analysis,Baringo,,lcs,LCS Phase 2,NDMA,Livelihood Coping Strategy,20,R1+,,,268,,,,,2026-01-01T00:00:00,2026-01-31T00:00:00,,,
,,2026-01-15T00:00:00,Acute Food Insecurity Analysis,Baringo,,lcs,LCS Phase 3,NDMA,Livelihood Coping Strategy,0,R1+,,,268,,,,,2026-01-01T00:00:00,2026-01-31T00:00:00,,,
,,2026-01-15T00:00:00,Acute Food Insecurity Analysis,Baringo,,lcs,LCS Phase 4-5,NDMA,Livelihood Coping Strategy,0,R1+,,,268,,,,,2026-01-01T00:00:00,2026-01-31T00:00:00,,,
,,2026-06-15T00:00:00,Acute Food Insecurity Analysis,Baringo,,fcs,FCS Phase 1-2,NDMA,Food Consumption Score,59,R1+,,,264,,,,,2026-06-01T00:00:00,2026-06-30T00:00:00,,,
,,2026-06-15T00:00:00,Acute Food Insecurity Analysis,Baringo,,fcs,FCS Phase 3,NDMA,Food Consumption Score,38,R1+,,,264,,,,,2026-06-01T00:00:00,2026-06-30T00:00:00,,,
,,2026-06-15T00:00:00,Acute Food Insecurity Analysis,Baringo,,fcs,FCS Phase 4-5,NDMA,Food Consumption Score,3,R1+,,,264,,,,,2026-06-01T00:00:00,2026-06-30T00:00:00,,,
,,2026-06-15T00:00:00,Acute Food Insecurity Analysis,Baringo,,rcsi,RCSI Phase 1,NDMA,Reduced Coping Strategies Index,6,R1+,,,264,,,,,2026-06-01T00:00:00,2026-06-30T00:00:00,,,
,,2026-06-15T00:00:00,Acute Food Insecurity Analysis,Baringo,,rcsi,RCSI Phase 2,NDMA,Reduced Coping Strategies Index,79,R1+,,,264,,,,,2026-06-01T00:00:00,2026-06-30T00:00:00,,,
,,2026-06-15T00:00:00,Acute Food Insecurity Analysis,Baringo,,rcsi,RCSI Phase 3+,NDMA,Reduced Coping Strategies Index,15,R1+,,,264,,,,,2026-06-01T00:00:00,2026-06-30T00:00:00,,,
,,2026-06-15T00:00:00,Acute Food Insecurity Analysis,Baringo,,lcs,LCS Phase 1,NDMA,Livelihood Coping Strategy,80,R1+,,,264,,,,,2026-06-01T00:00:00,2026-06-30T00:00:00,,,
,,2026-06-15T00:00:00,Acute Food Insecurity Analysis,Baringo,,lcs,LCS Phase 2,NDMA,Livelihood Coping Strategy,20,R1+,,,264,,,,,2026-06-01T00:00:00,2026-06-30T00:00:00,,,
,,2026-06-15T00:00:00,Acute Food Insecurity Analysis,Baringo,,lcs,LCS Phase 3,NDMA,Livelihood Coping Strategy,0,R1+,,,264,,,,,2026-06-01T00:00:00,2026-06-30T00:00:00,,,
,,2026-06-15T00:00:00,Acute Food Insecurity Analysis,Baringo,,lcs,LCS Phase 4-5,NDMA,Livelihood Coping Strategy,0,R1+,,,264,,,,,2026-06-01T00:00:00,2026-06-30T00:00:00,,,
,,2026-03-15T00:00:00,Acute Food Insecurity Analysis,Baringo,,fcs,FCS Phase 1-2,NDMA,Food Consumption Score,54,R1+,,,271,,,,,2026-03-01T00:00:00,2026-03-31T00:00:00,,,
,,2026-03-15T00:00:00,Acute Food Insecurity Analysis,Baringo,,fcs,FCS Phase 3,NDMA,Food Consumption Score,42,R1+,,,271,,,,,2026-03-01T00:00:00,2026-03-31T00:00:00,,,
,,2026-03-15T00:00:00,Acute Food Insecurity Analysis,Baringo,,fcs,FCS Phase 4-5,NDMA,Food Consumption Score,5,R1+,,,271,,,,,2026-03-01T00:00:00,2026-03-31T00:00:00,,,
,,2026-03-15T00:00:00,Acute Food Insecurity Analysis,Baringo,,rcsi,RCSI Phase 1,NDMA,Reduced Coping Strategies Index,8,R1+,,,271,,,,,2026-03-01T00:00:00,2026-03-31T00:00:00,,,
,,2026-03-15T00:00:00,Acute Food Insecurity Analysis,Baringo,,rcsi,RCSI Phase 2,NDMA,Reduced Coping Strategies Index,76,R1+,,,271,,,,,2026-03-01T00:00:00,2026-03-31T00:00:00,,,
,,2026-03-15T00:00:00,Acute Food Insecurity Analysis,Baringo,,rcsi,RCSI Phase 3+,NDMA,Reduced Coping Strategies Index,16,R1+,,,271,,,,,2026-03-01T00:00:00,2026-03-31T00:00:00,,,
,,2026-03-15T00:00:00,Acute Food Insecurity Analysis,Baringo,,lcs,LCS Phase 1,NDMA,Livelihood Coping Strategy,83,R1+,,,271,,,,,2026-03-01T00:00:00,2026-03-31T00:00:00,,,
,,2026-03-15T00:00:00,Acute Food Insecurity Analysis,Baringo,,lcs,LCS Phase 2,NDMA,Livelihood Coping Strategy,17,R1+,,,271,,,,,2026-03-01T00:00:00,2026-03-31T00:00:00,,,
,,2026-03-15T00:00:00,Acute Food Insecurity Analysis,Baringo,,lcs,LCS Phase 3,NDMA,Livelihood Coping Strategy,0,R1+,,,271,,,,,2026-03-01T00:00:00,2026-03-31T00:00:00,,,
,,2026-03-15T00:00:00,Acute Food Insecurity Analysis,Baringo,,lcs,LCS Phase 4-5,NDMA,Livelihood Coping Strategy,0,R1+,,,271,,,,,2026-03-01T00:00:00,2026-03-31T00:00:00,,,
,,2026-05-15T00:00:00,Acute Food Insecurity Analysis,Baringo,,fcs,FCS Phase 1-2,NDMA,Food Consumption Score,62,R1+,,,269,,,,,2026-04-01T00:00:00,2026-04-30T00:00:00,,,
,,2026-05-15T00:00:00,Acute Food Insecurity Analysis,Baringo,,fcs,FCS Phase 3,NDMA,Food Consumption Score,34,R1+,,,269,,,,,2026-04-01T00:00:00,2026-04-30T00:00:00,,,
,,2026-05-15T00:00:00,Acute Food Insecurity Analysis,Baringo,,fcs,FCS Phase 4-5,NDMA,Food Consumption Score,4,R1+,,,269,,,,,2026-04-01T00:00:00,2026-04-30T00:00:00,,,
,,2026-05-15T00:00:00,Acute Food Insecurity Analysis,Baringo,,rcsi,RCSI Phase 1,NDMA,Reduced Coping Strategies Index,10,R1+,,,269,,,,,2026-04-01T00:00:00,2026-04-30T00:00:00,,,
,,2026-05-15T00:00:00,Acute Food Insecurity Analysis,Baringo,,rcsi,RCSI Phase 2,NDMA,Reduced Coping Strategies Index,76,R1+,,,269,,,,,2026-04-01T00:00:00,2026-04-30T00:00:00,,,
,,2026-05-15T00:00:00,Acute Food Insecurity Analysis,Baringo,,rcsi,RCSI Phase 3+,NDMA,Reduced Coping Strategies Index,14,R1+,,,269,,,,,2026-04-01T00:00:00,2026-04-30T00:00:00,,,
,,2026-05-15T00:00:00,Acute Food Insecurity Analysis,Baringo,,lcs,LCS Phase 1,NDMA,Livelihood Coping Strategy,83,R1+,,,269,,,,,2026-04-01T00:00:00,2026-04-30T00:00:00,,,
,,2026-05-15T00:00:00,Acute Food Insecurity Analysis,Baringo,,lcs,LCS Phase 2,NDMA,Livelihood Coping Strategy,17,R1+,,,269,,,,,2026-04-01T00:00:00,2026-04-30T00:00:00,,,
,,2026-05-15T00:00:00,Acute Food Insecurity Analysis,Baringo,,lcs,LCS Phase 3,NDMA,Livelihood Coping Strategy,0,R1+,,,269,,,,,2026-04-01T00:00:00,2026-04-30T00:00:00,,,
,,2026-05-15T00:00:00,Acute Food Insecurity Analysis,Baringo,,lcs,LCS Phase 4-5,NDMA,Livelihood Coping Strategy,0,R1+,,,269,,,,,2026-04-01T00:00:00,2026-04-30T00:00:00,,,
,,2026-04-15T00:00:00,Acute Food Insecurity Analysis,Embu,,fcs,FCS Phase 1-2,NDMA,Food Consumption Score,67,R1+,,,120,,,,,2026-04-01T00:00:00,2026-04-30T00:00:00,,,
,,2026-04-15T00:00:00,Acute Food Insecurity Analysis,Embu,,fcs,FCS Phase 3,NDMA,Food Consumption Score,33,R1+,,,120,,,,,2026-04-01T00:00:00,2026-04-30T00:00:00,,,
,,2026-04-15T00:00:00,Acute Food Insecurity Analysis,Embu,,fcs,FCS Phase 4-5,NDMA,Food Consumption Score,1,R1+,,,120,,,,,2026-04-01T00:00:00,2026-04-30T00:00:00,,,
,,2026-04-15T00:00:00,Acute Food Insecurity Analysis,Embu,,rcsi,RCSI Phase 1,NDMA,Reduced Coping Strategies Index,36,R1+,,,120,,,,,2026-04-01T00:00:00,2026-04-30T00:00:00,,,
,,2026-04-15T00:00:00,Acute Food Insecurity Analysis,Embu,,rcsi,RCSI Phase 2,NDMA,Reduced Coping Strategies Index,63,R1+,,,120,,,,,2026-04-01T00:00:00,2026-04-30T00:00:00,,,
,,2026-04-15T00:00:00,Acute Food Insecurity Analysis,Embu,,rcsi,RCSI Phase 3+,NDMA,Reduced Coping Strategies Index,2,R1+,,,120,,,,,2026-04-01T00:00:00,2026-04-30T00:00:00,,,
,,2026-04-15T00:00:00,Acute Food Insecurity Analysis,Embu,,lcs,LCS Phase 1,NDMA,Livelihood Coping Strategy,71,R1+,,,120,,,,,2026-04-01T00:00:00,2026-04-30T00:00:00,,,
,,2026-04-15T00:00:00,Acute Food Insecurity Analysis,Embu,,lcs,LCS Phase 2,NDMA,Livelihood Coping Strategy,29,R1+,,,120,,,,,2026-04-01T00:00:00,2026-04-30T00:00:00,,,
,,2026-04-15T00:00:00,Acute Food Insecurity Analysis,Embu,,lcs,LCS Phase 3,NDMA,Livelihood Coping Strategy,0,R1+,,,120,,,,,2026-04-01T00:00:00,2026-04-30T00:00:00,,,
,,2026-04-15T00:00:00,Acute Food Insecurity Analysis,Embu,,lcs,LCS Phase 4-5,NDMA,Livelihood Coping Strategy,0,R1+,,,120,,,,,2026-04-01T00:00:00,2026-04-30T00:00:00,,,
,,2026-02-15T00:00:00,Acute Food Insecurity Analysis,Embu,,fcs,FCS Phase 1-2,NDMA,Food Consumption Score,68,R1+,,,119,,,,,2026-02-01T00:00:00,2026-02-28T00:00:00,,,
,,2026-02-15T00:00:00,Acute Food Insecurity Analysis,Embu,,fcs,FCS Phase 3,NDMA,Food Consumption Score,31,R1+,,,119,,,,,2026-02-01T00:00:00,2026-02-28T00:00:00,,,
,,2026-02-15T00:00:00,Acute Food Insecurity Analysis,Embu,,fcs,FCS Phase 4-5,NDMA,Food Consumption Score,1,R1+,,,119,,,,,2026-02-01T00:00:00,2026-02-28T00:00:00,,,
,,2026-02-15T00:00:00,Acute Food Insecurity Analysis,Embu,,rcsi,RCSI Phase 1,NDMA,Reduced Coping Strategies Index,29,R1+,,,119,,,,,2026-02-01T00:00:00,2026-02-28T00:00:00,,,
,,2026-02-15T00:00:00,Acute Food Insecurity Analysis,Embu,,rcsi,RCSI Phase 2,NDMA,Reduced Coping Strategies Index,66,R1+,,,119,,,,,2026-02-01T00:00:00,2026-02-28T00:00:00,,,
,,2026-02-15T00:00:00,Acute Food Insecurity Analysis,Embu,,rcsi,RCSI Phase 3+,NDMA,Reduced Coping Strategies Index,4,R1+,,,119,,,,,2026-02-01T00:00:00,2026-02-28T00:00:00,,,
,,2026-02-15T00:00:00,Acute Food Insecurity Analysis,Embu,,lcs,LCS Phase 1,NDMA,Livelihood Coping Strategy,75,R1+,,,119,,,,,2026-02-01T00:00:00,2026-02-28T00:00:00,,,
,,2026-02-15T00:00:00,Acute Food Insecurity Analysis,Embu,,lcs,LCS Phase 2,NDMA,Livelihood Coping Strategy,24,R1+,,,119,,,,,2026-02-01T00:00:00,2026-02-28T00:00:00,,,
,,2026-02-15T00:00:00,Acute Food Insecurity Analysis,Embu,,lcs,LCS Phase 3,NDMA,Livelihood Coping Strategy,2,R1+,,,119,,,,,2026-02-01T00:00:00,2026-02-28T00:00:00,,,
,,2026-02-15T00:00:00,Acute Food Insecurity Analysis,Embu,,lcs,LCS Phase 4-5,NDMA,Livelihood Coping Strategy,0,R1+,,,119,,,,,2026-02-01T00:00:00,2026-02-28T00:00:00,,,
,,2026-01-15T00:00:00,Acute Food Insecurity Analysis,Embu,,fcs,FCS Phase 1-2,NDMA,Food Consumption Score,56,R1+,,,117,,,,,2026-01-01T00:00:00,2026-01-31T00:00:00,,,
,,2026-01-15T00:00:00,Acute Food Insecurity Analysis,Embu,,fcs,FCS Phase 3,NDMA,Food Consumption Score,43,R1+,,,117,,,,,2026-01-01T00:00:00,2026-01-31T00:00:00,,,
,,2026-01-15T00:00:00,Acute Food Insecurity Analysis,Embu,,fcs,FCS Phase 4-5,NDMA,Food Consumption Score,1,R1+,,,117,,,,,2026-01-01T00:00:00,2026-01-31T00:00:00,,,
,,2026-01-15T00:00:00,Acute Food Insecurity Analysis,Embu,,rcsi,RCSI Phase 1,NDMA,Reduced Coping Strategies Index,35,R1+,,,117,,,,,2026-01-01T00:00:00,2026-01-31T00:00:00,,,
,,2026-01-15T00:00:00,Acute Food Insecurity Analysis,Embu,,rcsi,RCSI Phase 2,NDMA,Reduced Coping Strategies Index,65,R1+,,,117,,,,,2026-01-01T00:00:00,2026-01-31T00:00:00,,,
,,2026-01-15T00:00:00,Acute Food Insecurity Analysis,Embu,,rcsi,RCSI Phase 3+,NDMA,Reduced Coping Strategies Index,0,R1+,,,117,,,,,2026-01-01T00:00:00,2026-01-31T00:00:00,,,
,,2026-01-15T00:00:00,Acute Food Insecurity Analysis,Embu,,lcs,LCS Phase 1,NDMA,Livelihood Coping Strategy,56,R1+,,,117,,,,,2026-01-01T00:00:00,2026-01-31T00:00:00,,,
,,2026-01-15T00:00:00,Acute Food Insecurity Analysis,Embu,,lcs,LCS Phase 2,NDMA,Livelihood Coping Strategy,43,R1+,,,117,,,,,2026-01-01T00:00:00,2026-01-31T00:00:00,,,
,,2026-01-15T00:00:00,Acute Food Insecurity Analysis,Embu,,lcs,LCS Phase 3,NDMA,Livelihood Coping Strategy,1,R1+,,,117,,,,,2026-01-01T00:00:00,2026-01-31T00:00:00,,,
,,2026-01-15T00:00:00,Acute Food Insecurity Analysis,Embu,,lcs,LCS Phase 4-5,NDMA,Livelihood Coping Strategy,0,R1+,,,117,,,,,2026-01-01T00:00:00,2026-01-31T00:00:00,,,
,,2026-06-15T00:00:00,Acute Food Insecurity Analysis,Embu,,fcs,FCS Phase 1-2,NDMA,Food Consumption Score,71,R1+,,,119,,,,,2026-06-01T00:00:00,2026-06-30T00:00:00,,,
,,2026-06-15T00:00:00,Acute Food Insecurity Analysis,Embu,,fcs,FCS Phase 3,NDMA,Food Consumption Score,29,R1+,,,119,,,,,2026-06-01T00:00:00,2026-06-30T00:00:00,,,
,,2026-06-15T00:00:00,Acute Food Insecurity Analysis,Embu,,fcs,FCS Phase 4-5,NDMA,Food Consumption Score,0,R1+,,,119,,,,,2026-06-01T00:00:00,2026-06-30T00:00:00,,,
,,2026-06-15T00:00:00,Acute Food Insecurity Analysis,Embu,,rcsi,RCSI Phase 1,NDMA,Reduced Coping Strategies Index,57,R1+,,,119,,,,,2026-06-01T00:00:00,2026-06-30T00:00:00,,,
,,2026-06-15T00:00:00,Acute Food Insecurity Analysis,Embu,,rcsi,RCSI Phase 2,NDMA,Reduced Coping Strategies Index,43,R1+,,,119,,,,,2026-06-01T00:00:00,2026-06-30T00:00:00,,,
,,2026-06-15T00:00:00,Acute Food Insecurity Analysis,Embu,,rcsi,RCSI Phase 3+,NDMA,Reduced Coping Strategies Index,0,R1+,,,119,,,,,2026-06-01T00:00:00,2026-06-30T00:00:00,,,
,,2026-06-15T00:00:00,Acute Food Insecurity Analysis,Embu,,lcs,LCS Phase 1,NDMA,Livelihood Coping Strategy,76,R1+,,,119,,,,,2026-06-01T00:00:00,2026-06-30T00:00:00,,,
,,2026-06-15T00:00:00,Acute Food Insecurity Analysis,Embu,,lcs,LCS Phase 2,NDMA,Livelihood Coping Strategy,24,R1+,,,119,,,,,2026-06-01T00:00:00,2026-06-30T00:00:00,,,
,,2026-06-15T00:00:00,Acute Food Insecurity Analysis,Embu,,lcs,LCS Phase 3,NDMA,Livelihood Coping Strategy,0,R1+,,,119,,,,,2026-06-01T00:00:00,2026-06-30T00:00:00,,,
,,2026-06-15T00:00:00,Acute Food Insecurity Analysis,Embu,,lcs,LCS Phase 4-5,NDMA,Livelihood Coping Strategy,0,R1+,,,119,,,,,2026-06-01T00:00:00,2026-06-30T00:00:00,,,
,,2026-03-15T00:00:00,Acute Food Insecurity Analysis,Embu,,fcs,FCS Phase 1-2,NDMA,Food Consumption Score,53,R1+,,,120,,,,,2026-03-01T00:00:00,2026-03-31T00:00:00,,,
,,2026-03-15T00:00:00,Acute Food Insecurity Analysis,Embu,,fcs,FCS Phase 3,NDMA,Food Consumption Score,47,R1+,,,120,,,,,2026-03-01T00:00:00,2026-03-31T00:00:00,,,
,,2026-03-15T00:00:00,Acute Food Insecurity Analysis,Embu,,fcs,FCS Phase 4-5,NDMA,Food Consumption Score,0,R1+,,,120,,,,,2026-03-01T00:00:00,2026-03-31T00:00:00,,,
,,2026-03-15T00:00:00,Acute Food Insecurity Analysis,Embu,,rcsi,RCSI Phase 1,NDMA,Reduced Coping Strategies Index,34,R1+,,,120,,,,,2026-03-01T00:00:00,2026-03-31T00:00:00,,,
,,2026-03-15T00:00:00,Acute Food Insecurity Analysis,Embu,,rcsi,RCSI Phase 2,NDMA,Reduced Coping Strategies Index,63,R1+,,,120,,,,,2026-03-01T00:00:00,2026-03-31T00:00:00,,,
,,2026-03-15T00:00:00,Acute Food Insecurity Analysis,Embu,,rcsi,RCSI Phase 3+,NDMA,Reduced Coping Strategies Index,3,R1+,,,120,,,,,2026-03-01T00:00:00,2026-03-31T00:00:00,,,
,,2026-03-15T00:00:00,Acute Food Insecurity Analysis,Embu,,lcs,LCS Phase 1,NDMA,Livelihood Coping Strategy,68,R1+,,,120,,,,,2026-03-01T00:00:00,2026-03-31T00:00:00,,,
,,2026-03-15T00:00:00,Acute Food Insecurity Analysis,Embu,,lcs,LCS Phase 2,NDMA,Livelihood Coping Strategy,29,R1+,,,120,,,,,2026-03-01T00:00:00,2026-03-31T00:00:00,,,
,,2026-03-15T00:00:00,Acute Food Insecurity Analysis,Embu,,lcs,LCS Phase 3,NDMA,Livelihood Coping Strategy,1,R1+,,,120,,,,,2026-03-01T00:00:00,2026-03-31T00:00:00,,,
,,2026-03-15T00:00:00,Acute Food Insecurity Analysis,Embu,,lcs,LCS Phase 4-5,NDMA,Livelihood Coping Strategy,3,R1+,,,120,,,,,2026-03-01T00:00:00,2026-03-31T00:00:00,,,
,,2026-05-15T00:00:00,Acute Food Insecurity Analysis,Embu,,fcs,FCS Phase 1-2,NDMA,Food Consumption Score,82,R1+,,,120,,,,,2026-05-01T00:00:00,2026-05-31T00:00:00,,,
,,2026-05-15T00:00:00,Acute Food Insecurity Analysis,Embu,,fcs,FCS Phase 3,NDMA,Food Consumption Score,18,R1+,,,120,,,,,2026-05-01T00:00:00,2026-05-31T00:00:00,,,
,,2026-05-15T00:00:00,Acute Food Insecurity Analysis,Embu,,fcs,FCS Phase 4-5,NDMA,Food Consumption Score,0,R1+,,,120,,,,,2026-05-01T00:00:00,2026-05-31T00:00:00,,,
,,2026-05-15T00:00:00,Acute Food Insecurity Analysis,Embu,,rcsi,RCSI Phase 1,NDMA,Reduced Coping Strategies Index,56,R1+,,,120,,,,,2026-05-01T00:00:00,2026-05-31T00:00:00,,,
,,2026-05-15T00:00:00,Acute Food Insecurity Analysis,Embu,,rcsi,RCSI Phase 2,NDMA,Reduced Coping Strategies Index,44,R1+,,,120,,,,,2026-05-01T00:00:00,2026-05-31T00:00:00,,,
,,2026-05-15T00:00:00,Acute Food Insecurity Analysis,Embu,,rcsi,RCSI Phase 3+,NDMA,Reduced Coping Strategies Index,0,R1+,,,120,,,,,2026-05-01T00:00:00,2026-05-31T00:00:00,,,
,,2026-05-15T00:00:00,Acute Food Insecurity Analysis,Embu,,lcs,LCS Phase 1,NDMA,Livelihood Coping Strategy,76,R1+,,,120,,,,,2026-05-01T00:00:00,2026-05-31T00:00:00,,,
,,2026-05-15T00:00:00,Acute Food Insecurity Analysis,Embu,,lcs,LCS Phase 2,NDMA,Livelihood Coping Strategy,23,R1+,,,120,,,,,2026-05-01T00:00:00,2026-05-31T00:00:00,,,
,,2026-05-15T00:00:00,Acute Food Insecurity Analysis,Embu,,lcs,LCS Phase 3,NDMA,Livelihood Coping Strategy,1,R1+,,,120,,,,,2026-05-01T00:00:00,2026-05-31T00:00:00,,,
,,2026-05-15T00:00:00,Acute Food Insecurity Analysis,Embu,,lcs,LCS Phase 4-5,NDMA,Livelihood Coping Strategy,1,R1+,,,120,,,,,2026-05-01T00:00:00,2026-05-31T00:00:00,,,
,,2026-04-15T00:00:00,Acute Food Insecurity Analysis,Garissa,,fcs,FCS Phase 1-2,NDMA,Food Consumption Score,39,R1+,,,217,,,,,2026-04-01T00:00:00,2026-04-30T00:00:00,,,
,,2026-04-15T00:00:00,Acute Food Insecurity Analysis,Garissa,,fcs,FCS Phase 3,NDMA,Food Consumption Score,46,R1+,,,217,,,,,2026-04-01T00:00:00,2026-04-30T00:00:00,,,
,,2026-04-15T00:00:00,Acute Food Insecurity Analysis,Garissa,,fcs,FCS Phase 4-5,NDMA,Food Consumption Score,15,R1+,,,217,,,,,2026-04-01T00:00:00,2026-04-30T00:00:00,,,
,,2026-04-15T00:00:00,Acute Food Insecurity Analysis,Garissa,,rcsi,RCSI Phase 1,NDMA,Reduced Coping Strategies Index,23,R1+,,,217,,,,,2026-04-01T00:00:00,2026-04-30T00:00:00,,,
,,2026-04-15T00:00:00,Acute Food Insecurity Analysis,Garissa,,rcsi,RCSI Phase 2,NDMA,Reduced Coping Strategies Index,50,R1+,,,217,,,,,2026-04-01T00:00:00,2026-04-30T00:00:00,,,
,,2026-04-15T00:00:00,Acute Food Insecurity Analysis,Garissa,,rcsi,RCSI Phase 3+,NDMA,Reduced Coping Strategies Index,27,R1+,,,217,,,,,2026-04-01T00:00:00,2026-04-30T00:00:00,,,
,,2026-04-15T00:00:00,Acute Food Insecurity Analysis,Garissa,,lcs,LCS Phase 1,NDMA,Livelihood Coping Strategy,79,R1+,,,217,,,,,2026-04-01T00:00:00,2026-04-30T00:00:00,,,
,,2026-04-15T00:00:00,Acute Food Insecurity Analysis,Garissa,,lcs,LCS Phase 2,NDMA,Livelihood Coping Strategy,1,R1+,,,217,,,,,2026-04-01T00:00:00,2026-04-30T00:00:00,,,
,,2026-04-15T00:00:00,Acute Food Insecurity Analysis,Garissa,,lcs,LCS Phase 3,NDMA,Livelihood Coping Strategy,19,R1+,,,217,,,,,2026-04-01T00:00:00,2026-04-30T00:00:00,,,
,,2026-04-15T00:00:00,Acute Food Insecurity Analysis,Garissa,,lcs,LCS Phase 4-5,NDMA,Livelihood Coping Strategy,0,R1+,,,217,,,,,2026-04-01T00:00:00,2026-04-30T00:00:00,,,
,,2026-02-15T00:00:00,Acute Food Insecurity Analysis,Garissa,,fcs,FCS Phase 1-2,NDMA,Food Consumption Score,21,R1+,,,229,,,,,2026-02-01T00:00:00,2026-02-28T00:00:00,,,
,,2026-02-15T00:00:00,Acute Food Insecurity Analysis,Garissa,,fcs,FCS Phase 3,NDMA,Food Consumption Score,63,R1+,,,229,,,,,2026-02-01T00:00:00,2026-02-28T00:00:00,,,
,,2026-02-15T00:00:00,Acute Food Insecurity Analysis,Garissa,,fcs,FCS Phase 4-5,NDMA,Food Consumption Score,15,R1+,,,229,,,,,2026-02-01T00:00:00,2026-02-28T00:00:00,,,
,,2026-02-15T00:00:00,Acute Food Insecurity Analysis,Garissa,,rcsi,RCSI Phase 1,NDMA,Reduced Coping Strategies Index,22,R1+,,,229,,,,,2026-02-01T00:00:00,2026-02-28T00:00:00,,,
,,2026-02-15T00:00:00,Acute Food Insecurity Analysis,Garissa,,rcsi,RCSI Phase 2,NDMA,Reduced Coping Strategies Index,55,R1+,,,229,,,,,2026-02-01T00:00:00,2026-02-28T00:00:00,,,
,,2026-02-15T00:00:00,Acute Food Insecurity Analysis,Garissa,,rcsi,RCSI Phase 3+,NDMA,Reduced Coping Strategies Index,23,R1+,,,229,,,,,2026-02-01T00:00:00,2026-02-28T00:00:00,,,
,,2026-02-15T00:00:00,Acute Food Insecurity Analysis,Garissa,,lcs,LCS Phase 1,NDMA,Livelihood Coping Strategy,78,R1+,,,229,,,,,2026-02-01T00:00:00,2026-02-28T00:00:00,,,
,,2026-02-15T00:00:00,Acute Food Insecurity Analysis,Garissa,,lcs,LCS Phase 2,NDMA,Livelihood Coping Strategy,3,R1+,,,229,,,,,2026-02-01T00:00:00,2026-02-28T00:00:00,,,
,,2026-02-15T00:00:00,Acute Food Insecurity Analysis,Garissa,,lcs,LCS Phase 3,NDMA,Livelihood Coping Strategy,19,R1+,,,229,,,,,2026-02-01T00:00:00,2026-02-28T00:00:00,,,
,,2026-02-15T00:00:00,Acute Food Insecurity Analysis,Garissa,,lcs,LCS Phase 4-5,NDMA,Livelihood Coping Strategy,0,R1+,,,229,,,,,2026-02-01T00:00:00,2026-02-28T00:00:00,,,
,,2026-01-15T00:00:00,Acute Food Insecurity Analysis,Garissa,,fcs,FCS Phase 1-2,NDMA,Food Consumption Score,38,R1+,,,183,,,,,2026-01-01T00:00:00,2026-01-31T00:00:00,,,
,,2026-01-15T00:00:00,Acute Food Insecurity Analysis,Garissa,,fcs,FCS Phase 3,NDMA,Food Consumption Score,46,R1+,,,183,,,,,2026-01-01T00:00:00,2026-01-31T00:00:00,,,
,,2026-01-15T00:00:00,Acute Food Insecurity Analysis,Garissa,,fcs,FCS Phase 4-5,NDMA,Food Consumption Score,16,R1+,,,183,,,,,2026-01-01T00:00:00,2026-01-31T00:00:00,,,
,,2026-01-15T00:00:00,Acute Food Insecurity Analysis,Garissa,,rcsi,RCSI Phase 1,NDMA,Reduced Coping Strategies Index,29,R1+,,,183,,,,,2026-01-01T00:00:00,2026-01-31T00:00:00,,,
,,2026-01-15T00:00:00,Acute Food Insecurity Analysis,Garissa,,rcsi,RCSI Phase 2,NDMA,Reduced Coping Strategies Index,41,R1+,,,183,,,,,2026-01-01T00:00:00,2026-01-31T00:00:00,,,
,,2026-01-15T00:00:00,Acute Food Insecurity Analysis,Garissa,,rcsi,RCSI Phase 3+,NDMA,Reduced Coping Strategies Index,30,R1+,,,183,,,,,2026-01-01T00:00:00,2026-01-31T00:00:00,,,
,,2026-01-15T00:00:00,Acute Food Insecurity Analysis,Garissa,,lcs,LCS Phase 1,NDMA,Livelihood Coping Strategy,83,R1+,,,183,,,,,2026-01-01T00:00:00,2026-01-31T00:00:00,,,
,,2026-01-15T00:00:00,Acute Food Insecurity Analysis,Garissa,,lcs,LCS Phase 2,NDMA,Livelihood Coping Strategy,1,R1+,,,183,,,,,2026-01-01T00:00:00,2026-01-31T00:00:00,,,
,,2026-01-15T00:00:00,Acute Food Insecurity Analysis,Garissa,,lcs,LCS Phase 3,NDMA,Livelihood Coping Strategy,15,R1+,,,183,,,,,2026-01-01T00:00:00,2026-01-31T00:00:00,,,
,,2026-01-15T00:00:00,Acute Food Insecurity Analysis,Garissa,,lcs,LCS Phase 4-5,NDMA,Livelihood Coping Strategy,2,R1+,,,183,,,,,2026-01-01T00:00:00,2026-01-31T00:00:00,,,
,,2026-06-15T00:00:00,Acute Food Insecurity Analysis,Garissa,,fcs,FCS Phase 1-2,NDMA,Food Consumption Score,38,R1+,,,235,,,,,2026-06-01T00:00:00,2026-06-30T00:00:00,,,
,,2026-06-15T00:00:00,Acute Food Insecurity Analysis,Garissa,,fcs,FCS Phase 3,NDMA,Food Consumption Score,47,R1+,,,235,,,,,2026-06-01T00:00:00,2026-06-30T00:00:00,,,
,,2026-06-15T00:00:00,Acute Food Insecurity Analysis,Garissa,,fcs,FCS Phase 4-5,NDMA,Food Consumption Score,15,R1+,,,235,,,,,2026-06-01T00:00:00,2026-06-30T00:00:00,,,
,,2026-06-15T00:00:00,Acute Food Insecurity Analysis,Garissa,,rcsi,RCSI Phase 1,NDMA,Reduced Coping Strategies Index,26,R1+,,,235,,,,,2026-06-01T00:00:00,2026-06-30T00:00:00,,,
,,2026-06-15T00:00:00,Acute Food Insecurity Analysis,Garissa,,rcsi,RCSI Phase 2,NDMA,Reduced Coping Strategies Index,55,R1+,,,235,,,,,2026-06-01T00:00:00,2026-06-30T00:00:00,,,
,,2026-06-15T00:00:00,Acute Food Insecurity Analysis,Garissa,,rcsi,RCSI Phase 3+,NDMA,Reduced Coping Strategies Index,18,R1+,,,235,,,,,2026-06-01T00:00:00,2026-06-30T00:00:00,,,
,,2026-06-15T00:00:00,Acute Food Insecurity Analysis,Garissa,,lcs,LCS Phase 1,NDMA,Livelihood Coping Strategy,87,R1+,,,235,,,,,2026-06-01T00:00:00,2026-06-30T00:00:00,,,
,,2026-06-15T00:00:00,Acute Food Insecurity Analysis,Garissa,,lcs,LCS Phase 2,NDMA,Livelihood Coping Strategy,1,R1+,,,235,,,,,2026-06-01T00:00:00,2026-06-30T00:00:00,,,
,,2026-06-15T00:00:00,Acute Food Insecurity Analysis,Garissa,,lcs,LCS Phase 3,NDMA,Livelihood Coping Strategy,11,R1+,,,235,,,,,2026-06-01T00:00:00,2026-06-30T00:00:00,,,
,,2026-06-15T00:00:00,Acute Food Insecurity Analysis,Garissa,,lcs,LCS Phase 4-5,NDMA,Livelihood Coping Strategy,0,R1+,,,235,,,,,2026-06-01T00:00:00,2026-06-30T00:00:00,,,
,,2026-03-15T00:00:00,Acute Food Insecurity Analysis,Garissa,,fcs,FCS Phase 1-2,NDMA,Food Consumption Score,23,R1+,,,235,,,,,2026-03-01T00:00:00,2026-03-31T00:00:00,,,
,,2026-03-15T00:00:00,Acute Food Insecurity Analysis,Garissa,,fcs,FCS Phase 3,NDMA,Food Consumption Score,57,R1+,,,235,,,,,2026-03-01T00:00:00,2026-03-31T00:00:00,,,
,,2026-03-15T00:00:00,Acute Food Insecurity Analysis,Garissa,,fcs,FCS Phase 4-5,NDMA,Food Consumption Score,20,R1+,,,235,,,,,2026-03-01T00:00:00,2026-03-31T00:00:00,,,
,,2026-03-15T00:00:00,Acute Food Insecurity Analysis,Garissa,,rcsi,RCSI Phase 1,NDMA,Reduced Coping Strategies Index,23,R1+,,,235,,,,,2026-03-01T00:00:00,2026-03-31T00:00:00,,,
,,2026-03-15T00:00:00,Acute Food Insecurity Analysis,Garissa,,rcsi,RCSI Phase 2,NDMA,Reduced Coping Strategies Index,46,R1+,,,235,,,,,2026-03-01T00:00:00,2026-03-31T00:00:00,,,
,,2026-03-15T00:00:00,Acute Food Insecurity Analysis,Garissa,,rcsi,RCSI Phase 3+,NDMA,Reduced Coping Strategies Index,31,R1+,,,235,,,,,2026-03-01T00:00:00,2026-03-31T00:00:00,,,
,,2026-03-15T00:00:00,Acute Food Insecurity Analysis,Garissa,,lcs,LCS Phase 1,NDMA,Livelihood Coping Strategy,79,R1+,,,235,,,,,2026-03-01T00:00:00,2026-03-31T00:00:00,,,
,,2026-03-15T00:00:00,Acute Food Insecurity Analysis,Garissa,,lcs,LCS Phase 2,NDMA,Livelihood Coping Strategy,2,R1+,,,235,,,,,2026-03-01T00:00:00,2026-03-31T00:00:00,,,
,,2026-03-15T00:00:00,Acute Food Insecurity Analysis,Garissa,,lcs,LCS Phase 3,NDMA,Livelihood Coping Strategy,19,R1+,,,235,,,,,2026-03-01T00:00:00,2026-03-31T00:00:00,,,
,,2026-03-15T00:00:00,Acute Food Insecurity Analysis,Garissa,,lcs,LCS Phase 4-5,NDMA,Livelihood Coping Strategy,0,R1+,,,235,,,,,2026-03-01T00:00:00,2026-03-31T00:00:00,,,
,,2026-05-15T00:00:00,Acute Food Insecurity Analysis,Garissa,,fcs,FCS Phase 1-2,NDMA,Food Consumption Score,36,R1+,,,231,,,,,2026-05-01T00:00:00,2026-05-31T00:00:00,,,
,,2026-05-15T00:00:00,Acute Food Insecurity Analysis,Garissa,,fcs,FCS Phase 3,NDMA,Food Consumption Score,51,R1+,,,231,,,,,2026-05-01T00:00:00,2026-05-31T00:00:00,,,
,,2026-05-15T00:00:00,Acute Food Insecurity Analysis,Garissa,,fcs,FCS Phase 4-5,NDMA,Food Consumption Score,13,R1+,,,231,,,,,2026-05-01T00:00:00,2026-05-31T00:00:00,,,
,,2026-05-15T00:00:00,Acute Food Insecurity Analysis,Garissa,,rcsi,RCSI Phase 1,NDMA,Reduced Coping Strategies Index,29,R1+,,,231,,,,,2026-05-01T00:00:00,2026-05-31T00:00:00,,,
,,2026-05-15T00:00:00,Acute Food Insecurity Analysis,Garissa,,rcsi,RCSI Phase 2,NDMA,Reduced Coping Strategies Index,48,R1+,,,231,,,,,2026-05-01T00:00:00,2026-05-31T00:00:00,,,
,,2026-05-15T00:00:00,Acute Food Insecurity Analysis,Garissa,,rcsi,RCSI Phase 3+,NDMA,Reduced Coping Strategies Index,23,R1+,,,231,,,,,2026-05-01T00:00:00,2026-05-31T00:00:00,,,
,,2026-05-15T00:00:00,Acute Food Insecurity Analysis,Garissa,,lcs,LCS Phase 1,NDMA,Livelihood Coping Strategy,83,R1+,,,231,,,,,2026-05-01T00:00:00,2026-05-31T00:00:00,,,
,,2026-05-15T00:00:00,Acute Food Insecurity Analysis,Garissa,,lcs,LCS Phase 2,NDMA,Livelihood Coping Strategy,0,R1+,,,231,,,,,2026-05-01T00:00:00,2026-05-31T00:00:00,,,
,,2026-05-15T00:00:00,Acute Food Insecurity Analysis,Garissa,,lcs,LCS Phase 3,NDMA,Livelihood Coping Strategy,17,R1+,,,231,,,,,2026-05-01T00:00:00,2026-05-31T00:00:00,,,
,,2026-05-15T00:00:00,Acute Food Insecurity Analysis,Garissa,,lcs,LCS Phase 4-5,NDMA,Livelihood Coping Strategy,0,R1+,,,231,,,,,2026-05-01T00:00:00,2026-05-31T00:00:00,,,
,,2026-04-15T00:00:00,Acute Food Insecurity Analysis,Isiolo,,fcs,FCS Phase 1-2,NDMA,Food Consumption Score,53,R1+,,,209,,,,,2026-04-01T00:00:00,2026-04-30T00:00:00,,,
,,2026-04-15T00:00:00,Acute Food Insecurity Analysis,Isiolo,,fcs,FCS Phase 3,NDMA,Food Consumption Score,46,R1+,,,209,,,,,2026-04-01T00:00:00,2026-04-30T00:00:00,,,
,,2026-04-15T00:00:00,Acute Food Insecurity Analysis,Isiolo,,fcs,FCS Phase 4-5,NDMA,Food Consumption Score,1,R1+,,,209,,,,,2026-04-01T00:00:00,2026-04-30T00:00:00,,,
,,2026-04-15T00:00:00,Acute Food Insecurity Analysis,Isiolo,,rcsi,RCSI Phase 1,NDMA,Reduced Coping Strategies Index,18,R1+,,,209,,,,,2026-04-01T00:00:00,2026-04-30T00:00:00,,,
,,2026-04-15T00:00:00,Acute Food Insecurity Analysis,Isiolo,,rcsi,RCSI Phase 2,NDMA,Reduced Coping Strategies Index,82,R1+,,,209,,,,,2026-04-01T00:00:00,2026-04-30T00:00:00,,,
,,2026-04-15T00:00:00,Acute Food Insecurity Analysis,Isiolo,,rcsi,RCSI Phase 3+,NDMA,Reduced Coping Strategies Index,0,R1+,,,209,,,,,2026-04-01T00:00:00,2026-04-30T00:00:00,,,
,,2026-04-15T00:00:00,Acute Food Insecurity Analysis,Isiolo,,lcs,LCS Phase 1,NDMA,Livelihood Coping Strategy,38,R1+,,,209,,,,,2026-04-01T00:00:00,2026-04-30T00:00:00,,,
,,2026-04-15T00:00:00,Acute Food Insecurity Analysis,Isiolo,,lcs,LCS Phase 2,NDMA,Livelihood Coping Strategy,44,R1+,,,209,,,,,2026-04-01T00:00:00,2026-04-30T00:00:00,,,
,,2026-04-15T00:00:00,Acute Food Insecurity Analysis,Isiolo,,lcs,LCS Phase 3,NDMA,Livelihood Coping Strategy,19,R1+,,,209,,,,,2026-04-01T00:00:00,2026-04-30T00:00:00,,,
,,2026-04-15T00:00:00,Acute Food Insecurity Analysis,Isiolo,,lcs,LCS Phase 4-5,NDMA,Livelihood Coping Strategy,0,R1+,,,209,,,,,2026-04-01T00:00:00,2026-04-30T00:00:00,,,
,,2026-02-15T00:00:00,Acute Food Insecurity Analysis,Isiolo,,fcs,FCS Phase 1-2,NDMA,Food Consumption Score,31,R1+,,,210,,,,,2026-02-01T00:00:00,2026-02-28T00:00:00,,,
,,2026-02-15T00:00:00,Acute Food Insecurity Analysis,Isiolo,,fcs,FCS Phase 3,NDMA,Food Consumption Score,66,R1+,,,210,,,,,2026-02-01T00:00:00,2026-02-28T00:00:00,,,
,,2026-02-15T00:00:00,Acute Food Insecurity Analysis,Isiolo,,fcs,FCS Phase 4-5,NDMA,Food Consumption Score,2,R1+,,,210,,,,,2026-02-01T00:00:00,2026-02-28T00:00:00,,,
,,2026-02-15T00:00:00,Acute Food Insecurity Analysis,Isiolo,,rcsi,RCSI Phase 1,NDMA,Reduced Coping Strategies Index,19,R1+,,,210,,,,,2026-02-01T00:00:00,2026-02-28T00:00:00,,,
,,2026-02-15T00:00:00,Acute Food Insecurity Analysis,Isiolo,,rcsi,RCSI Phase 2,NDMA,Reduced Coping Strategies Index,81,R1+,,,210,,,,,2026-02-01T00:00:00,2026-02-28T00:00:00,,,
,,2026-02-15T00:00:00,Acute Food Insecurity Analysis,Isiolo,,rcsi,RCSI Phase 3+,NDMA,Reduced Coping Strategies Index,0,R1+,,,210,,,,,2026-02-01T00:00:00,2026-02-28T00:00:00,,,
,,2026-02-15T00:00:00,Acute Food Insecurity Analysis,Isiolo,,lcs,LCS Phase 1,NDMA,Livelihood Coping Strategy,50,R1+,,,210,,,,,2026-02-01T00:00:00,2026-02-28T00:00:00,,,
,,2026-02-15T00:00:00,Acute Food Insecurity Analysis,Isiolo,,lcs,LCS Phase 2,NDMA,Livelihood Coping Strategy,46,R1+,,,210,,,,,2026-02-01T00:00:00,2026-02-28T00:00:00,,,
,,2026-02-15T00:00:00,Acute Food Insecurity Analysis,Isiolo,,lcs,LCS Phase 3,NDMA,Livelihood Coping Strategy,3,R1+,,,210,,,,,2026-02-01T00:00:00,2026-02-28T00:00:00,,,
,,2026-02-15T00:00:00,Acute Food Insecurity Analysis,Isiolo,,lcs,LCS Phase 4-5,NDMA,Livelihood Coping Strategy,1,R1+,,,210,,,,,2026-02-01T00:00:00,2026-02-28T00:00:00,,,
,,2026-01-15T00:00:00,Acute Food Insecurity Analysis,Isiolo,,fcs,FCS Phase 1-2,NDMA,Food Consumption Score,37,R1+,,,210,,,,,2026-01-01T00:00:00,2026-01-31T00:00:00,,,
,,2026-01-15T00:00:00,Acute Food Insecurity Analysis,Isiolo,,fcs,FCS Phase 3,NDMA,Food Consumption Score,54,R1+,,,210,,,,,2026-01-01T00:00:00,2026-01-31T00:00:00,,,
,,2026-01-15T00:00:00,Acute Food Insecurity Analysis,Isiolo,,fcs,FCS Phase 4-5,NDMA,Food Consumption Score,9,R1+,,,210,,,,,2026-01-01T00:00:00,2026-01-31T00:00:00,,,
,,2026-01-15T00:00:00,Acute Food Insecurity Analysis,Isiolo,,rcsi,RCSI Phase 1,NDMA,Reduced Coping Strategies Index,19,R1+,,,210,,,,,2026-01-01T00:00:00,2026-01-31T00:00:00,,,
,,2026-01-15T00:00:00,Acute Food Insecurity Analysis,Isiolo,,rcsi,RCSI Phase 2,NDMA,Reduced Coping Strategies Index,81,R1+,,,210,,,,,2026-01-01T00:00:00,2026-01-31T00:00:00,,,
,,2026-01-15T00:00:00,Acute Food Insecurity Analysis,Isiolo,,rcsi,RCSI Phase 3+,NDMA,Reduced Coping Strategies Index,0,R1+,,,210,,,,,2026-01-01T00:00:00,2026-01-31T00:00:00,,,
,,2026-01-15T00:00:00,Acute Food Insecurity Analysis,Isiolo,,lcs,LCS Phase 1,NDMA,Livelihood Coping Strategy,47,R1+,,,210,,,,,2026-01-01T00:00:00,2026-01-31T00:00:00,,,
,,2026-01-15T00:00:00,Acute Food Insecurity Analysis,Isiolo,,lcs,LCS Phase 2,NDMA,Livelihood Coping Strategy,47,R1+,,,210,,,,,2026-01-01T00:00:00,2026-01-31T00:00:00,,,
,,2026-01-15T00:00:00,Acute Food Insecurity Analysis,Isiolo,,lcs,LCS Phase 3,NDMA,Livelihood Coping Strategy,5,R1+,,,210,,,,,2026-01-01T00:00:00,2026-01-31T00:00:00,,,
,,2026-01-15T00:00:00,Acute Food Insecurity Analysis,Isiolo,,lcs,LCS Phase 4-5,NDMA,Livelihood Coping Strategy,1,R1+,,,210,,,,,2026-01-01T00:00:00,2026-01-31T00:00:00,,,
,,2026-06-15T00:00:00,Acute Food Insecurity Analysis,Isiolo,,fcs,FCS Phase 1-2,NDMA,Food Consumption Score,63,R1+,,,209,,,,,2026-06-01T00:00:00,2026-06-30T00:00:00,,,
,,2026-06-15T00:00:00,Acute Food Insecurity Analysis,Isiolo,,fcs,FCS Phase 3,NDMA,Food Consumption Score,37,R1+,,,209,,,,,2026-06-01T00:00:00,2026-06-30T00:00:00,,,
,,2026-06-15T00:00:00,Acute Food Insecurity Analysis,Isiolo,,fcs,FCS Phase 4-5,NDMA,Food Consumption Score,0,R1+,,,209,,,,,2026-06-01T00:00:00,2026-06-30T00:00:00,,,
,,2026-06-15T00:00:00,Acute Food Insecurity Analysis,Isiolo,,rcsi,RCSI Phase 1,NDMA,Reduced Coping Strategies Index,23,R1+,,,209,,,,,2026-06-01T00:00:00,2026-06-30T00:00:00,,,
,,2026-06-15T00:00:00,Acute Food Insecurity Analysis,Isiolo,,rcsi,RCSI Phase 2,NDMA,Reduced Coping Strategies Index,77,R1+,,,209,,,,,2026-06-01T00:00:00,2026-06-30T00:00:00,,,
,,2026-06-15T00:00:00,Acute Food Insecurity Analysis,Isiolo,,rcsi,RCSI Phase 3+,NDMA,Reduced Coping Strategies Index,0,R1+,,,209,,,,,2026-06-01T00:00:00,2026-06-30T00:00:00,,,
,,2026-06-15T00:00:00,Acute Food Insecurity Analysis,Isiolo,,lcs,LCS Phase 1,NDMA,Livelihood Coping Strategy,32,R1+,,,209,,,,,2026-06-01T00:00:00,2026-06-30T00:00:00,,,
,,2026-06-15T00:00:00,Acute Food Insecurity Analysis,Isiolo,,lcs,LCS Phase 2,NDMA,Livelihood Coping Strategy,46,R1+,,,209,,,,,2026-06-01T00:00:00,2026-06-30T00:00:00,,,
,,2026-06-15T00:00:00,Acute Food Insecurity Analysis,Isiolo,,lcs,LCS Phase 3,NDMA,Livelihood Coping Strategy,20,R1+,,,209,,,,,2026-06-01T00:00:00,2026-06-30T00:00:00,,,
,,2026-06-15T00:00:00,Acute Food Insecurity Analysis,Isiolo,,lcs,LCS Phase 4-5,NDMA,Livelihood Coping Strategy,2,R1+,,,209,,,,,2026-06-01T00:00:00,2026-06-30T00:00:00,,,
,,2026-03-15T00:00:00,Acute Food Insecurity Analysis,Isiolo,,fcs,FCS Phase 1-2,NDMA,Food Consumption Score,40,R1+,,,209,,,,,2026-03-01T00:00:00,2026-03-31T00:00:00,,,
,,2026-03-15T00:00:00,Acute Food Insecurity Analysis,Isiolo,,fcs,FCS Phase 3,NDMA,Food Consumption Score,57,R1+,,,209,,,,,2026-03-01T00:00:00,2026-03-31T00:00:00,,,
,,2026-03-15T00:00:00,Acute Food Insecurity Analysis,Isiolo,,fcs,FCS Phase 4-5,NDMA,Food Consumption Score,3,R1+,,,209,,,,,2026-03-01T00:00:00,2026-03-31T00:00:00,,,
,,2026-03-15T00:00:00,Acute Food Insecurity Analysis,Isiolo,,rcsi,RCSI Phase 1,NDMA,Reduced Coping Strategies Index,26,R1+,,,209,,,,,2026-03-01T00:00:00,2026-03-31T00:00:00,,,
,,2026-03-15T00:00:00,Acute Food Insecurity Analysis,Isiolo,,rcsi,RCSI Phase 2,NDMA,Reduced Coping Strategies Index,74,R1+,,,209,,,,,2026-03-01T00:00:00,2026-03-31T00:00:00,,,
,,2026-03-15T00:00:00,Acute Food Insecurity Analysis,Isiolo,,rcsi,RCSI Phase 3+,NDMA,Reduced Coping Strategies Index,0,R1+,,,209,,,,,2026-03-01T00:00:00,2026-03-31T00:00:00,,,
,,2026-03-15T00:00:00,Acute Food Insecurity Analysis,Isiolo,,lcs,LCS Phase 1,NDMA,Livelihood Coping Strategy,52,R1+,,,209,,,,,2026-03-01T00:00:00,2026-03-31T00:00:00,,,
,,2026-03-15T00:00:00,Acute Food Insecurity Analysis,Isiolo,,lcs,LCS Phase 2,NDMA,Livelihood Coping Strategy,42,R1+,,,209,,,,,2026-03-01T00:00:00,2026-03-31T00:00:00,,,
,,2026-03-15T00:00:00,Acute Food Insecurity Analysis,Isiolo,,lcs,LCS Phase 3,NDMA,Livelihood Coping Strategy,5,R1+,,,209,,,,,2026-03-01T00:00:00,2026-03-31T00:00:00,,,
,,2026-03-15T00:00:00,Acute Food Insecurity Analysis,Isiolo,,lcs,LCS Phase 4-5,NDMA,Livelihood Coping Strategy,1,R1+,,,209,,,,,2026-03-01T00:00:00,2026-03-31T00:00:00,,,
,,2026-05-15T00:00:00,Acute Food Insecurity Analysis,Isiolo,,fcs,FCS Phase 1-2,NDMA,Food Consumption Score,57,R1+,,,210,,,,,2026-05-01T00:00:00,2026-05-31T00:00:00,,,
,,2026-05-15T00:00:00,Acute Food Insecurity Analysis,Isiolo,,fcs,FCS Phase 3,NDMA,Food Consumption Score,43,R1+,,,210,,,,,2026-05-01T00:00:00,2026-05-31T00:00:00,,,
,,2026-05-15T00:00:00,Acute Food Insecurity Analysis,Isiolo,,fcs,FCS Phase 4-5,NDMA,Food Consumption Score,0,R1+,,,210,,,,,2026-05-01T00:00:00,2026-05-31T00:00:00,,,
,,2026-05-15T00:00:00,Acute Food Insecurity Analysis,Isiolo,,rcsi,RCSI Phase 1,NDMA,Reduced Coping Strategies Index,17,R1+,,,210,,,,,2026-05-01T00:00:00,2026-05-31T00:00:00,,,
,,2026-05-15T00:00:00,Acute Food Insecurity Analysis,Isiolo,,rcsi,RCSI Phase 2,NDMA,Reduced Coping Strategies Index,83,R1+,,,210,,,,,2026-05-01T00:00:00,2026-05-31T00:00:00,,,
,,2026-05-15T00:00:00,Acute Food Insecurity Analysis,Isiolo,,rcsi,RCSI Phase 3+,NDMA,Reduced Coping Strategies Index,0,R1+,,,210,,,,,2026-05-01T00:00:00,2026-05-31T00:00:00,,,
,,2026-05-15T00:00:00,Acute Food Insecurity Analysis,Isiolo,,lcs,LCS Phase 1,NDMA,Livelihood Coping Strategy,35,R1+,,,210,,,,,2026-05-01T00:00:00,2026-05-31T00:00:00,,,
,,2026-05-15T00:00:00,Acute Food Insecurity Analysis,Isiolo,,lcs,LCS Phase 2,NDMA,Livelihood Coping Strategy,47,R1+,,,210,,,,,2026-05-01T00:00:00,2026-05-31T00:00:00,,,
,,2026-05-15T00:00:00,Acute Food Insecurity Analysis,Isiolo,,lcs,LCS Phase 3,NDMA,Livelihood Coping Strategy,17,R1+,,,210,,,,,2026-05-01T00:00:00,2026-05-31T00:00:00,,,
,,2026-05-15T00:00:00,Acute Food Insecurity Analysis,Isiolo,,lcs,LCS Phase 4-5,NDMA,Livelihood Coping Strategy,1,R1+,,,210,,,,,2026-05-01T00:00:00,2026-05-31T00:00:00,,,
,,2026-04-15T00:00:00,Acute Food Insecurity Analysis,Kajiado,,fcs,FCS Phase 1-2,NDMA,Food Consumption Score,73,R1+,,,210,,,,,2026-04-01T00:00:00,2026-04-30T00:00:00,,,
,,2026-04-15T00:00:00,Acute Food Insecurity Analysis,Kajiado,,fcs,FCS Phase 3,NDMA,Food Consumption Score,12,R1+,,,210,,,,,2026-04-01T00:00:00,2026-04-30T00:00:00,,,
,,2026-04-15T00:00:00,Acute Food Insecurity Analysis,Kajiado,,fcs,FCS Phase 4-5,NDMA,Food Consumption Score,14,R1+,,,210,,,,,2026-04-01T00:00:00,2026-04-30T00:00:00,,,
,,2026-04-15T00:00:00,Acute Food Insecurity Analysis,Kajiado,,rcsi,RCSI Phase 1,NDMA,Reduced Coping Strategies Index,50,R1+,,,210,,,,,2026-04-01T00:00:00,2026-04-30T00:00:00,,,
,,2026-04-15T00:00:00,Acute Food Insecurity Analysis,Kajiado,,rcsi,RCSI Phase 2,NDMA,Reduced Coping Strategies Index,50,R1+,,,210,,,,,2026-04-01T00:00:00,2026-04-30T00:00:00,,,
,,2026-04-15T00:00:00,Acute Food Insecurity Analysis,Kajiado,,rcsi,RCSI Phase 3+,NDMA,Reduced Coping Strategies Index,0,R1+,,,210,,,,,2026-04-01T00:00:00,2026-04-30T00:00:00,,,
,,2026-04-15T00:00:00,Acute Food Insecurity Analysis,Kajiado,,lcs,LCS Phase 1,NDMA,Livelihood Coping Strategy,71,R1+,,,210,,,,,2026-04-01T00:00:00,2026-04-30T00:00:00,,,
,,2026-04-15T00:00:00,Acute Food Insecurity Analysis,Kajiado,,lcs,LCS Phase 2,NDMA,Livelihood Coping Strategy,29,R1+,,,210,,,,,2026-04-01T00:00:00,2026-04-30T00:00:00,,,
,,2026-04-15T00:00:00,Acute Food Insecurity Analysis,Kajiado,,lcs,LCS Phase 3,NDMA,Livelihood Coping Strategy,0,R1+,,,210,,,,,2026-04-01T00:00:00,2026-04-30T00:00:00,,,
,,2026-04-15T00:00:00,Acute Food Insecurity Analysis,Kajiado,,lcs,LCS Phase 4-5,NDMA,Livelihood Coping Strategy,0,R1+,,,210,,,,,2026-04-01T00:00:00,2026-04-30T00:00:00,,,
,,2026-02-15T00:00:00,Acute Food Insecurity Analysis,Kajiado,,fcs,FCS Phase 1-2,NDMA,Food Consumption Score,72,R1+,,,210,,,,,2026-02-01T00:00:00,2026-02-28T00:00:00,,,
,,2026-02-15T00:00:00,Acute Food Insecurity Analysis,Kajiado,,fcs,FCS Phase 3,NDMA,Food Consumption Score,14,R1+,,,210,,,,,2026-02-01T00:00:00,2026-02-28T00:00:00,,,
,,2026-02-15T00:00:00,Acute Food Insecurity Analysis,Kajiado,,fcs,FCS Phase 4-5,NDMA,Food Consumption Score,14,R1+,,,210,,,,,2026-02-01T00:00:00,2026-02-28T00:00:00,,,
,,2026-02-15T00:00:00,Acute Food Insecurity Analysis,Kajiado,,rcsi,RCSI Phase 1,NDMA,Reduced Coping Strategies Index,40,R1+,,,210,,,,,2026-02-01T00:00:00,2026-02-28T00:00:00,,,
,,2026-02-15T00:00:00,Acute Food Insecurity Analysis,Kajiado,,rcsi,RCSI Phase 2,NDMA,Reduced Coping Strategies Index,60,R1+,,,210,,,,,2026-02-01T00:00:00,2026-02-28T00:00:00,,,
,,2026-02-15T00:00:00,Acute Food Insecurity Analysis,Kajiado,,rcsi,RCSI Phase 3+,NDMA,Reduced Coping Strategies Index,0,R1+,,,210,,,,,2026-02-01T00:00:00,2026-02-28T00:00:00,,,
,,2026-02-15T00:00:00,Acute Food Insecurity Analysis,Kajiado,,lcs,LCS Phase 1,NDMA,Livelihood Coping Strategy,70,R1+,,,210,,,,,2026-02-01T00:00:00,2026-02-28T00:00:00,,,
,,2026-02-15T00:00:00,Acute Food Insecurity Analysis,Kajiado,,lcs,LCS Phase 2,NDMA,Livelihood Coping Strategy,29,R1+,,,210,,,,,2026-02-01T00:00:00,2026-02-28T00:00:00,,,
,,2026-02-15T00:00:00,Acute Food Insecurity Analysis,Kajiado,,lcs,LCS Phase 3,NDMA,Livelihood Coping Strategy,1,R1+,,,210,,,,,2026-02-01T00:00:00,2026-02-28T00:00:00,,,
,,2026-02-15T00:00:00,Acute Food Insecurity Analysis,Kajiado,,lcs,LCS Phase 4-5,NDMA,Livelihood Coping Strategy,0,R1+,,,210,,,,,2026-02-01T00:00:00,2026-02-28T00:00:00,,,
,,2026-01-15T00:00:00,Acute Food Insecurity Analysis,Kajiado,,fcs,FCS Phase 1-2,NDMA,Food Consumption Score,75,R1+,,,210,,,,,2026-01-01T00:00:00,2026-01-31T00:00:00,,,
,,2026-01-15T00:00:00,Acute Food Insecurity Analysis,Kajiado,,fcs,FCS Phase 3,NDMA,Food Consumption Score,12,R1+,,,210,,,,,2026-01-01T00:00:00,2026-01-31T00:00:00,,,
,,2026-01-15T00:00:00,Acute Food Insecurity Analysis,Kajiado,,fcs,FCS Phase 4-5,NDMA,Food Consumption Score,13,R1+,,,210,,,,,2026-01-01T00:00:00,2026-01-31T00:00:00,,,
,,2026-01-15T00:00:00,Acute Food Insecurity Analysis,Kajiado,,rcsi,RCSI Phase 1,NDMA,Reduced Coping Strategies Index,38,R1+,,,210,,,,,2026-01-01T00:00:00,2026-01-31T00:00:00,,,
,,2026-01-15T00:00:00,Acute Food Insecurity Analysis,Kajiado,,rcsi,RCSI Phase 2,NDMA,Reduced Coping Strategies Index,61,R1+,,,210,,,,,2026-01-01T00:00:00,2026-01-31T00:00:00,,,
,,2026-01-15T00:00:00,Acute Food Insecurity Analysis,Kajiado,,rcsi,RCSI Phase 3+,NDMA,Reduced Coping Strategies Index,0,R1+,,,210,,,,,2026-01-01T00:00:00,2026-01-31T00:00:00,,,
,,2026-01-15T00:00:00,Acute Food Insecurity Analysis,Kajiado,,lcs,LCS Phase 1,NDMA,Livelihood Coping Strategy,67,R1+,,,210,,,,,2026-01-01T00:00:00,2026-01-31T00:00:00,,,
,,2026-01-15T00:00:00,Acute Food Insecurity Analysis,Kajiado,,lcs,LCS Phase 2,NDMA,Livelihood Coping Strategy,32,R1+,,,210,,,,,2026-01-01T00:00:00,2026-01-31T00:00:00,,,
,,2026-01-15T00:00:00,Acute Food Insecurity Analysis,Kajiado,,lcs,LCS Phase 3,NDMA,Livelihood Coping Strategy,0,R1+,,,210,,,,,2026-01-01T00:00:00,2026-01-31T00:00:00,,,
,,2026-01-15T00:00:00,Acute Food Insecurity Analysis,Kajiado,,lcs,LCS Phase 4-5,NDMA,Livelihood Coping Strategy,0,R1+,,,210,,,,,2026-01-01T00:00:00,2026-01-31T00:00:00,,,
,,2026-06-15T00:00:00,Acute Food Insecurity Analysis,Kajiado,,fcs,FCS Phase 1-2,NDMA,Food Consumption Score,73,R1+,,,211,,,,,2026-06-01T00:00:00,2026-06-30T00:00:00,,,
,,2026-06-15T00:00:00,Acute Food Insecurity Analysis,Kajiado,,fcs,FCS Phase 3,NDMA,Food Consumption Score,14,R1+,,,211,,,,,2026-06-01T00:00:00,2026-06-30T00:00:00,,,
,,2026-06-15T00:00:00,Acute Food Insecurity Analysis,Kajiado,,fcs,FCS Phase 4-5,NDMA,Food Consumption Score,13,R1+,,,211,,,,,2026-06-01T00:00:00,2026-06-30T00:00:00,,,
,,2026-06-15T00:00:00,Acute Food Insecurity Analysis,Kajiado,,rcsi,RCSI Phase 1,NDMA,Reduced Coping Strategies Index,63,R1+,,,211,,,,,2026-06-01T00:00:00,2026-06-30T00:00:00,,,
,,2026-06-15T00:00:00,Acute Food Insecurity Analysis,Kajiado,,rcsi,RCSI Phase 2,NDMA,Reduced Coping Strategies Index,37,R1+,,,211,,,,,2026-06-01T00:00:00,2026-06-30T00:00:00,,,
,,2026-06-15T00:00:00,Acute Food Insecurity Analysis,Kajiado,,rcsi,RCSI Phase 3+,NDMA,Reduced Coping Strategies Index,0,R1+,,,211,,,,,2026-06-01T00:00:00,2026-06-30T00:00:00,,,
,,2026-06-15T00:00:00,Acute Food Insecurity Analysis,Kajiado,,lcs,LCS Phase 1,NDMA,Livelihood Coping Strategy,70,R1+,,,211,,,,,2026-06-01T00:00:00,2026-06-30T00:00:00,,,
,,2026-06-15T00:00:00,Acute Food Insecurity Analysis,Kajiado,,lcs,LCS Phase 2,NDMA,Livelihood Coping Strategy,30,R1+,,,211,,,,,2026-06-01T00:00:00,2026-06-30T00:00:00,,,
,,2026-06-15T00:00:00,Acute Food Insecurity Analysis,Kajiado,,lcs,LCS Phase 3,NDMA,Livelihood Coping Strategy,0,R1+,,,211,,,,,2026-06-01T00:00:00,2026-06-30T00:00:00,,,
,,2026-06-15T00:00:00,Acute Food Insecurity Analysis,Kajiado,,lcs,LCS Phase 4-5,NDMA,Livelihood Coping Strategy,0,R1+,,,211,,,,,2026-06-01T00:00:00,2026-06-30T00:00:00,,,
,,2026-03-15T00:00:00,Acute Food Insecurity Analysis,Kajiado,,fcs,FCS Phase 1-2,NDMA,Food Consumption Score,75,R1+,,,210,,,,,2026-03-01T00:00:00,2026-03-31T00:00:00,,,
,,2026-03-15T00:00:00,Acute Food Insecurity Analysis,Kajiado,,fcs,FCS Phase 3,NDMA,Food Consumption Score,11,R1+,,,210,,,,,2026-03-01T00:00:00,2026-03-31T00:00:00,,,
,,2026-03-15T00:00:00,Acute Food Insecurity Analysis,Kajiado,,fcs,FCS Phase 4-5,NDMA,Food Consumption Score,13,R1+,,,210,,,,,2026-03-01T00:00:00,2026-03-31T00:00:00,,,
,,2026-03-15T00:00:00,Acute Food Insecurity Analysis,Kajiado,,rcsi,RCSI Phase 1,NDMA,Reduced Coping Strategies Index,48,R1+,,,210,,,,,2026-03-01T00:00:00,2026-03-31T00:00:00,,,
,,2026-03-15T00:00:00,Acute Food Insecurity Analysis,Kajiado,,rcsi,RCSI Phase 2,NDMA,Reduced Coping Strategies Index,52,R1+,,,210,,,,,2026-03-01T00:00:00,2026-03-31T00:00:00,,,
,,2026-03-15T00:00:00,Acute Food Insecurity Analysis,Kajiado,,rcsi,RCSI Phase 3+,NDMA,Reduced Coping Strategies Index,0,R1+,,,210,,,,,2026-03-01T00:00:00,2026-03-31T00:00:00,,,
,,2026-03-15T00:00:00,Acute Food Insecurity Analysis,Kajiado,,lcs,LCS Phase 1,NDMA,Livelihood Coping Strategy,70,R1+,,,210,,,,,2026-03-01T00:00:00,2026-03-31T00:00:00,,,
,,2026-03-15T00:00:00,Acute Food Insecurity Analysis,Kajiado,,lcs,LCS Phase 2,NDMA,Livelihood Coping Strategy,30,R1+,,,210,,,,,2026-03-01T00:00:00,2026-03-31T00:00:00,,,
,,2026-03-15T00:00:00,Acute Food Insecurity Analysis,Kajiado,,lcs,LCS Phase 3,NDMA,Livelihood Coping Strategy,0,R1+,,,210,,,,,2026-03-01T00:00:00,2026-03-31T00:00:00,,,
,,2026-03-15T00:00:00,Acute Food Insecurity Analysis,Kajiado,,lcs,LCS Phase 4-5,NDMA,Livelihood Coping Strategy,0,R1+,,,210,,,,,2026-03-01T00:00:00,2026-03-31T00:00:00,,,
,,2026-05-15T00:00:00,Acute Food Insecurity Analysis,Kajiado,,fcs,FCS Phase 1-2,NDMA,Food Consumption Score,73,R1+,,,210,,,,,2026-05-01T00:00:00,2026-05-31T00:00:00,,,
,,2026-05-15T00:00:00,Acute Food Insecurity Analysis,Kajiado,,fcs,FCS Phase 3,NDMA,Food Consumption Score,14,R1+,,,210,,,,,2026-05-01T00:00:00,2026-05-31T00:00:00,,,
,,2026-05-15T00:00:00,Acute Food Insecurity Analysis,Kajiado,,fcs,FCS Phase 4-5,NDMA,Food Consumption Score,13,R1+,,,210,,,,,2026-05-01T00:00:00,2026-05-31T00:00:00,,,
,,2026-05-15T00:00:00,Acute Food Insecurity Analysis,Kajiado,,rcsi,RCSI Phase 1,NDMA,Reduced Coping Strategies Index,52,R1+,,,210,,,,,2026-05-01T00:00:00,2026-05-31T00:00:00,,,
,,2026-05-15T00:00:00,Acute Food Insecurity Analysis,Kajiado,,rcsi,RCSI Phase 2,NDMA,Reduced Coping Strategies Index,48,R1+,,,210,,,,,2026-05-01T00:00:00,2026-05-31T00:00:00,,,
,,2026-05-15T00:00:00,Acute Food Insecurity Analysis,Kajiado,,rcsi,RCSI Phase 3+,NDMA,Reduced Coping Strategies Index,0,R1+,,,210,,,,,2026-05-01T00:00:00,2026-05-31T00:00:00,,,
,,2026-05-15T00:00:00,Acute Food Insecurity Analysis,Kajiado,,lcs,LCS Phase 1,NDMA,Livelihood Coping Strategy,70,R1+,,,210,,,,,2026-05-01T00:00:00,2026-05-31T00:00:00,,,
,,2026-05-15T00:00:00,Acute Food Insecurity Analysis,Kajiado,,lcs,LCS Phase 2,NDMA,Livelihood Coping Strategy,30,R1+,,,210,,,,,2026-05-01T00:00:00,2026-05-31T00:00:00,,,
,,2026-05-15T00:00:00,Acute Food Insecurity Analysis,Kajiado,,lcs,LCS Phase 3,NDMA,Livelihood Coping Strategy,0,R1+,,,210,,,,,2026-05-01T00:00:00,2026-05-31T00:00:00,,,
,,2026-05-15T00:00:00,Acute Food Insecurity Analysis,Kajiado,,lcs,LCS Phase 4-5,NDMA,Livelihood Coping Strategy,0,R1+,,,210,,,,,2026-05-01T00:00:00,2026-05-31T00:00:00,,,
,,2026-04-15T00:00:00,Acute Food Insecurity Analysis,Kilifi,,fcs,FCS Phase 1-2,NDMA,Food Consumption Score,79,R1+,,,206,,,,,2026-04-01T00:00:00,2026-04-30T00:00:00,,,
,,2026-04-15T00:00:00,Acute Food Insecurity Analysis,Kilifi,,fcs,FCS Phase 3,NDMA,Food Consumption Score,19,R1+,,,206,,,,,2026-04-01T00:00:00,2026-04-30T00:00:00,,,
,,2026-04-15T00:00:00,Acute Food Insecurity Analysis,Kilifi,,fcs,FCS Phase 4-5,NDMA,Food Consumption Score,1,R1+,,,206,,,,,2026-04-01T00:00:00,2026-04-30T00:00:00,,,
,,2026-04-15T00:00:00,Acute Food Insecurity Analysis,Kilifi,,rcsi,RCSI Phase 1,NDMA,Reduced Coping Strategies Index,58,R1+,,,206,,,,,2026-04-01T00:00:00,2026-04-30T00:00:00,,,
,,2026-04-15T00:00:00,Acute Food Insecurity Analysis,Kilifi,,rcsi,RCSI Phase 2,NDMA,Reduced Coping Strategies Index,41,R1+,,,206,,,,,2026-04-01T00:00:00,2026-04-30T00:00:00,,,
,,2026-04-15T00:00:00,Acute Food Insecurity Analysis,Kilifi,,rcsi,RCSI Phase 3+,NDMA,Reduced Coping Strategies Index,1,R1+,,,206,,,,,2026-04-01T00:00:00,2026-04-30T00:00:00,,,
,,2026-04-15T00:00:00,Acute Food Insecurity Analysis,Kilifi,,lcs,LCS Phase 1,NDMA,Livelihood Coping Strategy,85,R1+,,,206,,,,,2026-04-01T00:00:00,2026-04-30T00:00:00,,,
,,2026-04-15T00:00:00,Acute Food Insecurity Analysis,Kilifi,,lcs,LCS Phase 2,NDMA,Livelihood Coping Strategy,3,R1+,,,206,,,,,2026-04-01T00:00:00,2026-04-30T00:00:00,,,
,,2026-04-15T00:00:00,Acute Food Insecurity Analysis,Kilifi,,lcs,LCS Phase 3,NDMA,Livelihood Coping Strategy,11,R1+,,,206,,,,,2026-04-01T00:00:00,2026-04-30T00:00:00,,,
,,2026-04-15T00:00:00,Acute Food Insecurity Analysis,Kilifi,,lcs,LCS Phase 4-5,NDMA,Livelihood Coping Strategy,0,R1+,,,206,,,,,2026-04-01T00:00:00,2026-04-30T00:00:00,,,
,,2026-02-15T00:00:00,Acute Food Insecurity Analysis,Kilifi,,fcs,FCS Phase 1-2,NDMA,Food Consumption Score,77,R1+,,,210,,,,,2026-02-01T00:00:00,2026-02-28T00:00:00,,,
,,2026-02-15T00:00:00,Acute Food Insecurity Analysis,Kilifi,,fcs,FCS Phase 3,NDMA,Food Consumption Score,22,R1+,,,210,,,,,2026-02-01T00:00:00,2026-02-28T00:00:00,,,
,,2026-02-15T00:00:00,Acute Food Insecurity Analysis,Kilifi,,fcs,FCS Phase 4-5,NDMA,Food Consumption Score,1,R1+,,,210,,,,,2026-02-01T00:00:00,2026-02-28T00:00:00,,,
,,2026-02-15T00:00:00,Acute Food Insecurity Analysis,Kilifi,,rcsi,RCSI Phase 1,NDMA,Reduced Coping Strategies Index,56,R1+,,,210,,,,,2026-02-01T00:00:00,2026-02-28T00:00:00,,,
,,2026-02-15T00:00:00,Acute Food Insecurity Analysis,Kilifi,,rcsi,RCSI Phase 2,NDMA,Reduced Coping Strategies Index,42,R1+,,,210,,,,,2026-02-01T00:00:00,2026-02-28T00:00:00,,,
,,2026-02-15T00:00:00,Acute Food Insecurity Analysis,Kilifi,,rcsi,RCSI Phase 3+,NDMA,Reduced Coping Strategies Index,1,R1+,,,210,,,,,2026-02-01T00:00:00,2026-02-28T00:00:00,,,
,,2026-02-15T00:00:00,Acute Food Insecurity Analysis,Kilifi,,lcs,LCS Phase 1,NDMA,Livelihood Coping Strategy,85,R1+,,,210,,,,,2026-02-01T00:00:00,2026-02-28T00:00:00,,,
,,2026-02-15T00:00:00,Acute Food Insecurity Analysis,Kilifi,,lcs,LCS Phase 2,NDMA,Livelihood Coping Strategy,0,R1+,,,210,,,,,2026-02-01T00:00:00,2026-02-28T00:00:00,,,
,,2026-02-15T00:00:00,Acute Food Insecurity Analysis,Kilifi,,lcs,LCS Phase 3,NDMA,Livelihood Coping Strategy,14,R1+,,,210,,,,,2026-02-01T00:00:00,2026-02-28T00:00:00,,,
,,2026-02-15T00:00:00,Acute Food Insecurity Analysis,Kilifi,,lcs,LCS Phase 4-5,NDMA,Livelihood Coping Strategy,0,R1+,,,210,,,,,2026-02-01T00:00:00,2026-02-28T00:00:00,,,
,,2026-01-15T00:00:00,Acute Food Insecurity Analysis,Kilifi,,fcs,FCS Phase 1-2,NDMA,Food Consumption Score,79,R1+,,,210,,,,,2026-01-01T00:00:00,2026-01-31T00:00:00,,,
,,2026-01-15T00:00:00,Acute Food Insecurity Analysis,Kilifi,,fcs,FCS Phase 3,NDMA,Food Consumption Score,20,R1+,,,210,,,,,2026-01-01T00:00:00,2026-01-31T00:00:00,,,
,,2026-01-15T00:00:00,Acute Food Insecurity Analysis,Kilifi,,fcs,FCS Phase 4-5,NDMA,Food Consumption Score,1,R1+,,,210,,,,,2026-01-01T00:00:00,2026-01-31T00:00:00,,,
,,2026-01-15T00:00:00,Acute Food Insecurity Analysis,Kilifi,,rcsi,RCSI Phase 1,NDMA,Reduced Coping Strategies Index,52,R1+,,,210,,,,,2026-01-01T00:00:00,2026-01-31T00:00:00,,,
,,2026-01-15T00:00:00,Acute Food Insecurity Analysis,Kilifi,,rcsi,RCSI Phase 2,NDMA,Reduced Coping Strategies Index,46,R1+,,,210,,,,,2026-01-01T00:00:00,2026-01-31T00:00:00,,,
,,2026-01-15T00:00:00,Acute Food Insecurity Analysis,Kilifi,,rcsi,RCSI Phase 3+,NDMA,Reduced Coping Strategies Index,2,R1+,,,210,,,,,2026-01-01T00:00:00,2026-01-31T00:00:00,,,
,,2026-01-15T00:00:00,Acute Food Insecurity Analysis,Kilifi,,lcs,LCS Phase 1,NDMA,Livelihood Coping Strategy,84,R1+,,,210,,,,,2026-01-01T00:00:00,2026-01-31T00:00:00,,,
,,2026-01-15T00:00:00,Acute Food Insecurity Analysis,Kilifi,,lcs,LCS Phase 2,NDMA,Livelihood Coping Strategy,0,R1+,,,210,,,,,2026-01-01T00:00:00,2026-01-31T00:00:00,,,
,,2026-01-15T00:00:00,Acute Food Insecurity Analysis,Kilifi,,lcs,LCS Phase 3,NDMA,Livelihood Coping Strategy,15,R1+,,,210,,,,,2026-01-01T00:00:00,2026-01-31T00:00:00,,,
,,2026-01-15T00:00:00,Acute Food Insecurity Analysis,Kilifi,,lcs,LCS Phase 4-5,NDMA,Livelihood Coping Strategy,0,R1+,,,210,,,,,2026-01-01T00:00:00,2026-01-31T00:00:00,,,
,,2026-06-15T00:00:00,Acute Food Insecurity Analysis,Kilifi,,fcs,FCS Phase 1-2,NDMA,Food Consumption Score,85,R1+,,,208,,,,,2026-06-01T00:00:00,2026-06-30T00:00:00,,,
,,2026-06-15T00:00:00,Acute Food Insecurity Analysis,Kilifi,,fcs,FCS Phase 3,NDMA,Food Consumption Score,13,R1+,,,208,,,,,2026-06-01T00:00:00,2026-06-30T00:00:00,,,
,,2026-06-15T00:00:00,Acute Food Insecurity Analysis,Kilifi,,fcs,FCS Phase 4-5,NDMA,Food Consumption Score,1,R1+,,,208,,,,,2026-06-01T00:00:00,2026-06-30T00:00:00,,,
,,2026-06-15T00:00:00,Acute Food Insecurity Analysis,Kilifi,,rcsi,RCSI Phase 1,NDMA,Reduced Coping Strategies Index,67,R1+,,,208,,,,,2026-06-01T00:00:00,2026-06-30T00:00:00,,,
,,2026-06-15T00:00:00,Acute Food Insecurity Analysis,Kilifi,,rcsi,RCSI Phase 2,NDMA,Reduced Coping Strategies Index,32,R1+,,,208,,,,,2026-06-01T00:00:00,2026-06-30T00:00:00,,,
,,2026-06-15T00:00:00,Acute Food Insecurity Analysis,Kilifi,,rcsi,RCSI Phase 3+,NDMA,Reduced Coping Strategies Index,1,R1+,,,208,,,,,2026-06-01T00:00:00,2026-06-30T00:00:00,,,
,,2026-06-15T00:00:00,Acute Food Insecurity Analysis,Kilifi,,lcs,LCS Phase 1,NDMA,Livelihood Coping Strategy,85,R1+,,,208,,,,,2026-06-01T00:00:00,2026-06-30T00:00:00,,,
,,2026-06-15T00:00:00,Acute Food Insecurity Analysis,Kilifi,,lcs,LCS Phase 2,NDMA,Livelihood Coping Strategy,0,R1+,,,208,,,,,2026-06-01T00:00:00,2026-06-30T00:00:00,,,
,,2026-06-15T00:00:00,Acute Food Insecurity Analysis,Kilifi,,lcs,LCS Phase 3,NDMA,Livelihood Coping Strategy,14,R1+,,,208,,,,,2026-06-01T00:00:00,2026-06-30T00:00:00,,,
,,2026-06-15T00:00:00,Acute Food Insecurity Analysis,Kilifi,,lcs,LCS Phase 4-5,NDMA,Livelihood Coping Strategy,0,R1+,,,208,,,,,2026-06-01T00:00:00,2026-06-30T00:00:00,,,
,,2026-03-15T00:00:00,Acute Food Insecurity Analysis,Kilifi,,fcs,FCS Phase 1-2,NDMA,Food Consumption Score,81,R1+,,,203,,,,,2026-03-01T00:00:00,2026-03-31T00:00:00,,,
,,2026-03-15T00:00:00,Acute Food Insecurity Analysis,Kilifi,,fcs,FCS Phase 3,NDMA,Food Consumption Score,17,R1+,,,203,,,,,2026-03-01T00:00:00,2026-03-31T00:00:00,,,
,,2026-03-15T00:00:00,Acute Food Insecurity Analysis,Kilifi,,fcs,FCS Phase 4-5,NDMA,Food Consumption Score,1,R1+,,,203,,,,,2026-03-01T00:00:00,2026-03-31T00:00:00,,,
,,2026-03-15T00:00:00,Acute Food Insecurity Analysis,Kilifi,,rcsi,RCSI Phase 1,NDMA,Reduced Coping Strategies Index,58,R1+,,,203,,,,,2026-03-01T00:00:00,2026-03-31T00:00:00,,,
,,2026-03-15T00:00:00,Acute Food Insecurity Analysis,Kilifi,,rcsi,RCSI Phase 2,NDMA,Reduced Coping Strategies Index,41,R1+,,,203,,,,,2026-03-01T00:00:00,2026-03-31T00:00:00,,,
,,2026-03-15T00:00:00,Acute Food Insecurity Analysis,Kilifi,,rcsi,RCSI Phase 3+,NDMA,Reduced Coping Strategies Index,1,R1+,,,203,,,,,2026-03-01T00:00:00,2026-03-31T00:00:00,,,
,,2026-03-15T00:00:00,Acute Food Insecurity Analysis,Kilifi,,lcs,LCS Phase 1,NDMA,Livelihood Coping Strategy,86,R1+,,,203,,,,,2026-03-01T00:00:00,2026-03-31T00:00:00,,,
,,2026-03-15T00:00:00,Acute Food Insecurity Analysis,Kilifi,,lcs,LCS Phase 2,NDMA,Livelihood Coping Strategy,0,R1+,,,203,,,,,2026-03-01T00:00:00,2026-03-31T00:00:00,,,
,,2026-03-15T00:00:00,Acute Food Insecurity Analysis,Kilifi,,lcs,LCS Phase 3,NDMA,Livelihood Coping Strategy,14,R1+,,,203,,,,,2026-03-01T00:00:00,2026-03-31T00:00:00,,,
,,2026-03-15T00:00:00,Acute Food Insecurity Analysis,Kilifi,,lcs,LCS Phase 4-5,NDMA,Livelihood Coping Strategy,0,R1+,,,203,,,,,2026-03-01T00:00:00,2026-03-31T00:00:00,,,
,,2026-05-15T00:00:00,Acute Food Insecurity Analysis,Kilifi,,fcs,FCS Phase 1-2,NDMA,Food Consumption Score,85,R1+,,,209,,,,,2026-05-01T00:00:00,2026-05-31T00:00:00,,,
,,2026-05-15T00:00:00,Acute Food Insecurity Analysis,Kilifi,,fcs,FCS Phase 3,NDMA,Food Consumption Score,15,R1+,,,209,,,,,2026-05-01T00:00:00,2026-05-31T00:00:00,,,
,,2026-05-15T00:00:00,Acute Food Insecurity Analysis,Kilifi,,fcs,FCS Phase 4-5,NDMA,Food Consumption Score,0,R1+,,,209,,,,,2026-05-01T00:00:00,2026-05-31T00:00:00,,,
,,2026-05-15T00:00:00,Acute Food Insecurity Analysis,Kilifi,,rcsi,RCSI Phase 1,NDMA,Reduced Coping Strategies Index,60,R1+,,,209,,,,,2026-05-01T00:00:00,2026-05-31T00:00:00,,,
,,2026-05-15T00:00:00,Acute Food Insecurity Analysis,Kilifi,,rcsi,RCSI Phase 2,NDMA,Reduced Coping Strategies Index,39,R1+,,,209,,,,,2026-05-01T00:00:00,2026-05-31T00:00:00,,,
,,2026-05-15T00:00:00,Acute Food Insecurity Analysis,Kilifi,,rcsi,RCSI Phase 3+,NDMA,Reduced Coping Strategies Index,1,R1+,,,209,,,,,2026-05-01T00:00:00,2026-05-31T00:00:00,,,
,,2026-05-15T00:00:00,Acute Food Insecurity Analysis,Kilifi,,lcs,LCS Phase 1,NDMA,Livelihood Coping Strategy,85,R1+,,,209,,,,,2026-05-01T00:00:00,2026-05-31T00:00:00,,,
,,2026-05-15T00:00:00,Acute Food Insecurity Analysis,Kilifi,,lcs,LCS Phase 2,NDMA,Livelihood Coping Strategy,1,R1+,,,209,,,,,2026-05-01T00:00:00,2026-05-31T00:00:00,,,
,,2026-05-15T00:00:00,Acute Food Insecurity Analysis,Kilifi,,lcs,LCS Phase 3,NDMA,Livelihood Coping Strategy,13,R1+,,,209,,,,,2026-05-01T00:00:00,2026-05-31T00:00:00,,,
,,2026-05-15T00:00:00,Acute Food Insecurity Analysis,Kilifi,,lcs,LCS Phase 4-5,NDMA,Livelihood Coping Strategy,0,R1+,,,209,,,,,2026-05-01T00:00:00,2026-05-31T00:00:00,,,
,,2026-04-15T00:00:00,Acute Food Insecurity Analysis,Kitui,,fcs,FCS Phase 1-2,NDMA,Food Consumption Score,76,R1+,,,270,,,,,2026-04-01T00:00:00,2026-04-30T00:00:00,,,
,,2026-04-15T00:00:00,Acute Food Insecurity Analysis,Kitui,,fcs,FCS Phase 3,NDMA,Food Consumption Score,23,R1+,,,270,,,,,2026-04-01T00:00:00,2026-04-30T00:00:00,,,
,,2026-04-15T00:00:00,Acute Food Insecurity Analysis,Kitui,,fcs,FCS Phase 4-5,NDMA,Food Consumption Score,0,R1+,,,270,,,,,2026-04-01T00:00:00,2026-04-30T00:00:00,,,
,,2026-04-15T00:00:00,Acute Food Insecurity Analysis,Kitui,,rcsi,RCSI Phase 1,NDMA,Reduced Coping Strategies Index,42,R1+,,,270,,,,,2026-04-01T00:00:00,2026-04-30T00:00:00,,,
,,2026-04-15T00:00:00,Acute Food Insecurity Analysis,Kitui,,rcsi,RCSI Phase 2,NDMA,Reduced Coping Strategies Index,47,R1+,,,270,,,,,2026-04-01T00:00:00,2026-04-30T00:00:00,,,
,,2026-04-15T00:00:00,Acute Food Insecurity Analysis,Kitui,,rcsi,RCSI Phase 3+,NDMA,Reduced Coping Strategies Index,11,R1+,,,270,,,,,2026-04-01T00:00:00,2026-04-30T00:00:00,,,
,,2026-04-15T00:00:00,Acute Food Insecurity Analysis,Kitui,,lcs,LCS Phase 1,NDMA,Livelihood Coping Strategy,88,R1+,,,270,,,,,2026-04-01T00:00:00,2026-04-30T00:00:00,,,
,,2026-04-15T00:00:00,Acute Food Insecurity Analysis,Kitui,,lcs,LCS Phase 2,NDMA,Livelihood Coping Strategy,12,R1+,,,270,,,,,2026-04-01T00:00:00,2026-04-30T00:00:00,,,
,,2026-04-15T00:00:00,Acute Food Insecurity Analysis,Kitui,,lcs,LCS Phase 3,NDMA,Livelihood Coping Strategy,0,R1+,,,270,,,,,2026-04-01T00:00:00,2026-04-30T00:00:00,,,
,,2026-04-15T00:00:00,Acute Food Insecurity Analysis,Kitui,,lcs,LCS Phase 4-5,NDMA,Livelihood Coping Strategy,0,R1+,,,270,,,,,2026-04-01T00:00:00,2026-04-30T00:00:00,,,
,,2026-02-15T00:00:00,Acute Food Insecurity Analysis,Kitui,,fcs,FCS Phase 1-2,NDMA,Food Consumption Score,71,R1+,,,268,,,,,2026-02-01T00:00:00,2026-02-28T00:00:00,,,
,,2026-02-15T00:00:00,Acute Food Insecurity Analysis,Kitui,,fcs,FCS Phase 3,NDMA,Food Consumption Score,26,R1+,,,268,,,,,2026-02-01T00:00:00,2026-02-28T00:00:00,,,
,,2026-02-15T00:00:00,Acute Food Insecurity Analysis,Kitui,,fcs,FCS Phase 4-5,NDMA,Food Consumption Score,3,R1+,,,268,,,,,2026-02-01T00:00:00,2026-02-28T00:00:00,,,
,,2026-02-15T00:00:00,Acute Food Insecurity Analysis,Kitui,,rcsi,RCSI Phase 1,NDMA,Reduced Coping Strategies Index,42,R1+,,,268,,,,,2026-02-01T00:00:00,2026-02-28T00:00:00,,,
,,2026-02-15T00:00:00,Acute Food Insecurity Analysis,Kitui,,rcsi,RCSI Phase 2,NDMA,Reduced Coping Strategies Index,46,R1+,,,268,,,,,2026-02-01T00:00:00,2026-02-28T00:00:00,,,
,,2026-02-15T00:00:00,Acute Food Insecurity Analysis,Kitui,,rcsi,RCSI Phase 3+,NDMA,Reduced Coping Strategies Index,12,R1+,,,268,,,,,2026-02-01T00:00:00,2026-02-28T00:00:00,,,
,,2026-02-15T00:00:00,Acute Food Insecurity Analysis,Kitui,,lcs,LCS Phase 1,NDMA,Livelihood Coping Strategy,91,R1+,,,268,,,,,2026-02-01T00:00:00,2026-02-28T00:00:00,,,
,,2026-02-15T00:00:00,Acute Food Insecurity Analysis,Kitui,,lcs,LCS Phase 2,NDMA,Livelihood Coping Strategy,8,R1+,,,268,,,,,2026-02-01T00:00:00,2026-02-28T00:00:00,,,
,,2026-02-15T00:00:00,Acute Food Insecurity Analysis,Kitui,,lcs,LCS Phase 3,NDMA,Livelihood Coping Strategy,0,R1+,,,268,,,,,2026-02-01T00:00:00,2026-02-28T00:00:00,,,
,,2026-02-15T00:00:00,Acute Food Insecurity Analysis,Kitui,,lcs,LCS Phase 4-5,NDMA,Livelihood Coping Strategy,0,R1+,,,268,,,,,2026-02-01T00:00:00,2026-02-28T00:00:00,,,
,,2026-01-15T00:00:00,Acute Food Insecurity Analysis,Kitui,,fcs,FCS Phase 1-2,NDMA,Food Consumption Score,72,R1+,,,268,,,,,2026-01-01T00:00:00,2026-01-31T00:00:00,,,
,,2026-01-15T00:00:00,Acute Food Insecurity Analysis,Kitui,,fcs,FCS Phase 3,NDMA,Food Consumption Score,23,R1+,,,268,,,,,2026-01-01T00:00:00,2026-01-31T00:00:00,,,
,,2026-01-15T00:00:00,Acute Food Insecurity Analysis,Kitui,,fcs,FCS Phase 4-5,NDMA,Food Consumption Score,4,R1+,,,268,,,,,2026-01-01T00:00:00,2026-01-31T00:00:00,,,
,,2026-01-15T00:00:00,Acute Food Insecurity Analysis,Kitui,,rcsi,RCSI Phase 1,NDMA,Reduced Coping Strategies Index,41,R1+,,,268,,,,,2026-01-01T00:00:00,2026-01-31T00:00:00,,,
,,2026-01-15T00:00:00,Acute Food Insecurity Analysis,Kitui,,rcsi,RCSI Phase 2,NDMA,Reduced Coping Strategies Index,46,R1+,,,268,,,,,2026-01-01T00:00:00,2026-01-31T00:00:00,,,
,,2026-01-15T00:00:00,Acute Food Insecurity Analysis,Kitui,,rcsi,RCSI Phase 3+,NDMA,Reduced Coping Strategies Index,13,R1+,,,268,,,,,2026-01-01T00:00:00,2026-01-31T00:00:00,,,
,,2026-01-15T00:00:00,Acute Food Insecurity Analysis,Kitui,,lcs,LCS Phase 1,NDMA,Livelihood Coping Strategy,92,R1+,,,268,,,,,2026-01-01T00:00:00,2026-01-31T00:00:00,,,
,,2026-01-15T00:00:00,Acute Food Insecurity Analysis,Kitui,,lcs,LCS Phase 2,NDMA,Livelihood Coping Strategy,8,R1+,,,268,,,,,2026-01-01T00:00:00,2026-01-31T00:00:00,,,
,,2026-01-15T00:00:00,Acute Food Insecurity Analysis,Kitui,,lcs,LCS Phase 3,NDMA,Livelihood Coping Strategy,0,R1+,,,268,,,,,2026-01-01T00:00:00,2026-01-31T00:00:00,,,
,,2026-01-15T00:00:00,Acute Food Insecurity Analysis,Kitui,,lcs,LCS Phase 4-5,NDMA,Livelihood Coping Strategy,0,R1+,,,268,,,,,2026-01-01T00:00:00,2026-01-31T00:00:00,,,
,,2026-06-15T00:00:00,Acute Food Insecurity Analysis,Kitui,,fcs,FCS Phase 1-2,NDMA,Food Consumption Score,89,R1+,,,270,,,,,2026-06-01T00:00:00,2026-06-30T00:00:00,,,
,,2026-06-15T00:00:00,Acute Food Insecurity Analysis,Kitui,,fcs,FCS Phase 3,NDMA,Food Consumption Score,10,R1+,,,270,,,,,2026-06-01T00:00:00,2026-06-30T00:00:00,,,
,,2026-06-15T00:00:00,Acute Food Insecurity Analysis,Kitui,,fcs,FCS Phase 4-5,NDMA,Food Consumption Score,1,R1+,,,270,,,,,2026-06-01T00:00:00,2026-06-30T00:00:00,,,
,,2026-06-15T00:00:00,Acute Food Insecurity Analysis,Kitui,,rcsi,RCSI Phase 1,NDMA,Reduced Coping Strategies Index,75,R1+,,,270,,,,,2026-06-01T00:00:00,2026-06-30T00:00:00,,,
,,2026-06-15T00:00:00,Acute Food Insecurity Analysis,Kitui,,rcsi,RCSI Phase 2,NDMA,Reduced Coping Strategies Index,23,R1+,,,270,,,,,2026-06-01T00:00:00,2026-06-30T00:00:00,,,
,,2026-06-15T00:00:00,Acute Food Insecurity Analysis,Kitui,,rcsi,RCSI Phase 3+,NDMA,Reduced Coping Strategies Index,1,R1+,,,270,,,,,2026-06-01T00:00:00,2026-06-30T00:00:00,,,
,,2026-06-15T00:00:00,Acute Food Insecurity Analysis,Kitui,,lcs,LCS Phase 1,NDMA,Livelihood Coping Strategy,94,R1+,,,270,,,,,2026-06-01T00:00:00,2026-06-30T00:00:00,,,
,,2026-06-15T00:00:00,Acute Food Insecurity Analysis,Kitui,,lcs,LCS Phase 2,NDMA,Livelihood Coping Strategy,6,R1+,,,270,,,,,2026-06-01T00:00:00,2026-06-30T00:00:00,,,
,,2026-06-15T00:00:00,Acute Food Insecurity Analysis,Kitui,,lcs,LCS Phase 3,NDMA,Livelihood Coping Strategy,0,R1+,,,270,,,,,2026-06-01T00:00:00,2026-06-30T00:00:00,,,
,,2026-06-15T00:00:00,Acute Food Insecurity Analysis,Kitui,,lcs,LCS Phase 4-5,NDMA,Livelihood Coping Strategy,0,R1+,,,270,,,,,2026-06-01T00:00:00,2026-06-30T00:00:00,,,
,,2026-03-15T00:00:00,Acute Food Insecurity Analysis,Kitui,,fcs,FCS Phase 1-2,NDMA,Food Consumption Score,61,R1+,,,270,,,,,2026-03-01T00:00:00,2026-03-31T00:00:00,,,
,,2026-03-15T00:00:00,Acute Food Insecurity Analysis,Kitui,,fcs,FCS Phase 3,NDMA,Food Consumption Score,32,R1+,,,270,,,,,2026-03-01T00:00:00,2026-03-31T00:00:00,,,
,,2026-03-15T00:00:00,Acute Food Insecurity Analysis,Kitui,,fcs,FCS Phase 4-5,NDMA,Food Consumption Score,7,R1+,,,270,,,,,2026-03-01T00:00:00,2026-03-31T00:00:00,,,
,,2026-03-15T00:00:00,Acute Food Insecurity Analysis,Kitui,,rcsi,RCSI Phase 1,NDMA,Reduced Coping Strategies Index,51,R1+,,,270,,,,,2026-03-01T00:00:00,2026-03-31T00:00:00,,,
,,2026-03-15T00:00:00,Acute Food Insecurity Analysis,Kitui,,rcsi,RCSI Phase 2,NDMA,Reduced Coping Strategies Index,38,R1+,,,270,,,,,2026-03-01T00:00:00,2026-03-31T00:00:00,,,
,,2026-03-15T00:00:00,Acute Food Insecurity Analysis,Kitui,,rcsi,RCSI Phase 3+,NDMA,Reduced Coping Strategies Index,10,R1+,,,270,,,,,2026-03-01T00:00:00,2026-03-31T00:00:00,,,
,,2026-03-15T00:00:00,Acute Food Insecurity Analysis,Kitui,,lcs,LCS Phase 1,NDMA,Livelihood Coping Strategy,93,R1+,,,270,,,,,2026-03-01T00:00:00,2026-03-31T00:00:00,,,
,,2026-03-15T00:00:00,Acute Food Insecurity Analysis,Kitui,,lcs,LCS Phase 2,NDMA,Livelihood Coping Strategy,7,R1+,,,270,,,,,2026-03-01T00:00:00,2026-03-31T00:00:00,,,
,,2026-03-15T00:00:00,Acute Food Insecurity Analysis,Kitui,,lcs,LCS Phase 3,NDMA,Livelihood Coping Strategy,0,R1+,,,270,,,,,2026-03-01T00:00:00,2026-03-31T00:00:00,,,
,,2026-03-15T00:00:00,Acute Food Insecurity Analysis,Kitui,,lcs,LCS Phase 4-5,NDMA,Livelihood Coping Strategy,0,R1+,,,270,,,,,2026-03-01T00:00:00,2026-03-31T00:00:00,,,
,,2026-05-15T00:00:00,Acute Food Insecurity Analysis,Kitui,,fcs,FCS Phase 1-2,NDMA,Food Consumption Score,85,R1+,,,271,,,,,2026-05-01T00:00:00,2026-05-31T00:00:00,,,
,,2026-05-15T00:00:00,Acute Food Insecurity Analysis,Kitui,,fcs,FCS Phase 3,NDMA,Food Consumption Score,15,R1+,,,271,,,,,2026-05-01T00:00:00,2026-05-31T00:00:00,,,
,,2026-05-15T00:00:00,Acute Food Insecurity Analysis,Kitui,,fcs,FCS Phase 4-5,NDMA,Food Consumption Score,1,R1+,,,271,,,,,2026-05-01T00:00:00,2026-05-31T00:00:00,,,
,,2026-05-15T00:00:00,Acute Food Insecurity Analysis,Kitui,,rcsi,RCSI Phase 1,NDMA,Reduced Coping Strategies Index,61,R1+,,,271,,,,,2026-05-01T00:00:00,2026-05-31T00:00:00,,,
,,2026-05-15T00:00:00,Acute Food Insecurity Analysis,Kitui,,rcsi,RCSI Phase 2,NDMA,Reduced Coping Strategies Index,38,R1+,,,271,,,,,2026-05-01T00:00:00,2026-05-31T00:00:00,,,
,,2026-05-15T00:00:00,Acute Food Insecurity Analysis,Kitui,,rcsi,RCSI Phase 3+,NDMA,Reduced Coping Strategies Index,1,R1+,,,271,,,,,2026-05-01T00:00:00,2026-05-31T00:00:00,,,
,,2026-05-15T00:00:00,Acute Food Insecurity Analysis,Kitui,,lcs,LCS Phase 1,NDMA,Livelihood Coping Strategy,94,R1+,,,271,,,,,2026-05-01T00:00:00,2026-05-31T00:00:00,,,
,,2026-05-15T00:00:00,Acute Food Insecurity Analysis,Kitui,,lcs,LCS Phase 2,NDMA,Livelihood Coping Strategy,6,R1+,,,271,,,,,2026-05-01T00:00:00,2026-05-31T00:00:00,,,
,,2026-05-15T00:00:00,Acute Food Insecurity Analysis,Kitui,,lcs,LCS Phase 3,NDMA,Livelihood Coping Strategy,0,R1+,,,271,,,,,2026-05-01T00:00:00,2026-05-31T00:00:00,,,
,,2026-05-15T00:00:00,Acute Food Insecurity Analysis,Kitui,,lcs,LCS Phase 4-5,NDMA,Livelihood Coping Strategy,0,R1+,,,271,,,,,2026-05-01T00:00:00,2026-05-31T00:00:00,,,
,,2026-04-15T00:00:00,Acute Food Insecurity Analysis,Kwale,,fcs,FCS Phase 1-2,NDMA,Food Consumption Score,41,R1+,,,180,,,,,2026-04-01T00:00:00,2026-04-30T00:00:00,,,
,,2026-04-15T00:00:00,Acute Food Insecurity Analysis,Kwale,,fcs,FCS Phase 3,NDMA,Food Consumption Score,39,R1+,,,180,,,,,2026-04-01T00:00:00,2026-04-30T00:00:00,,,
,,2026-04-15T00:00:00,Acute Food Insecurity Analysis,Kwale,,fcs,FCS Phase 4-5,NDMA,Food Consumption Score,20,R1+,,,180,,,,,2026-04-01T00:00:00,2026-04-30T00:00:00,,,
,,2026-04-15T00:00:00,Acute Food Insecurity Analysis,Kwale,,rcsi,RCSI Phase 1,NDMA,Reduced Coping Strategies Index,34,R1+,,,180,,,,,2026-04-01T00:00:00,2026-04-30T00:00:00,,,
,,2026-04-15T00:00:00,Acute Food Insecurity Analysis,Kwale,,rcsi,RCSI Phase 2,NDMA,Reduced Coping Strategies Index,41,R1+,,,180,,,,,2026-04-01T00:00:00,2026-04-30T00:00:00,,,
,,2026-04-15T00:00:00,Acute Food Insecurity Analysis,Kwale,,rcsi,RCSI Phase 3+,NDMA,Reduced Coping Strategies Index,25,R1+,,,180,,,,,2026-04-01T00:00:00,2026-04-30T00:00:00,,,
,,2026-04-15T00:00:00,Acute Food Insecurity Analysis,Kwale,,lcs,LCS Phase 1,NDMA,Livelihood Coping Strategy,51,R1+,,,180,,,,,2026-04-01T00:00:00,2026-04-30T00:00:00,,,
,,2026-04-15T00:00:00,Acute Food Insecurity Analysis,Kwale,,lcs,LCS Phase 2,NDMA,Livelihood Coping Strategy,31,R1+,,,180,,,,,2026-04-01T00:00:00,2026-04-30T00:00:00,,,
,,2026-04-15T00:00:00,Acute Food Insecurity Analysis,Kwale,,lcs,LCS Phase 3,NDMA,Livelihood Coping Strategy,8,R1+,,,180,,,,,2026-04-01T00:00:00,2026-04-30T00:00:00,,,
,,2026-04-15T00:00:00,Acute Food Insecurity Analysis,Kwale,,lcs,LCS Phase 4-5,NDMA,Livelihood Coping Strategy,10,R1+,,,180,,,,,2026-04-01T00:00:00,2026-04-30T00:00:00,,,
,,2026-02-15T00:00:00,Acute Food Insecurity Analysis,Kwale,,fcs,FCS Phase 1-2,NDMA,Food Consumption Score,36,R1+,,,180,,,,,2026-02-01T00:00:00,2026-02-28T00:00:00,,,
,,2026-02-15T00:00:00,Acute Food Insecurity Analysis,Kwale,,fcs,FCS Phase 3,NDMA,Food Consumption Score,39,R1+,,,180,,,,,2026-02-01T00:00:00,2026-02-28T00:00:00,,,
,,2026-02-15T00:00:00,Acute Food Insecurity Analysis,Kwale,,fcs,FCS Phase 4-5,NDMA,Food Consumption Score,26,R1+,,,180,,,,,2026-02-01T00:00:00,2026-02-28T00:00:00,,,
,,2026-02-15T00:00:00,Acute Food Insecurity Analysis,Kwale,,rcsi,RCSI Phase 1,NDMA,Reduced Coping Strategies Index,29,R1+,,,180,,,,,2026-02-01T00:00:00,2026-02-28T00:00:00,,,
,,2026-02-15T00:00:00,Acute Food Insecurity Analysis,Kwale,,rcsi,RCSI Phase 2,NDMA,Reduced Coping Strategies Index,47,R1+,,,180,,,,,2026-02-01T00:00:00,2026-02-28T00:00:00,,,
,,2026-02-15T00:00:00,Acute Food Insecurity Analysis,Kwale,,rcsi,RCSI Phase 3+,NDMA,Reduced Coping Strategies Index,24,R1+,,,180,,,,,2026-02-01T00:00:00,2026-02-28T00:00:00,,,
,,2026-02-15T00:00:00,Acute Food Insecurity Analysis,Kwale,,lcs,LCS Phase 1,NDMA,Livelihood Coping Strategy,49,R1+,,,180,,,,,2026-02-01T00:00:00,2026-02-28T00:00:00,,,
,,2026-02-15T00:00:00,Acute Food Insecurity Analysis,Kwale,,lcs,LCS Phase 2,NDMA,Livelihood Coping Strategy,32,R1+,,,180,,,,,2026-02-01T00:00:00,2026-02-28T00:00:00,,,
,,2026-02-15T00:00:00,Acute Food Insecurity Analysis,Kwale,,lcs,LCS Phase 3,NDMA,Livelihood Coping Strategy,11,R1+,,,180,,,,,2026-02-01T00:00:00,2026-02-28T00:00:00,,,
,,2026-02-15T00:00:00,Acute Food Insecurity Analysis,Kwale,,lcs,LCS Phase 4-5,NDMA,Livelihood Coping Strategy,8,R1+,,,180,,,,,2026-02-01T00:00:00,2026-02-28T00:00:00,,,
,,2026-01-15T00:00:00,Acute Food Insecurity Analysis,Kwale,,fcs,FCS Phase 1-2,NDMA,Food Consumption Score,44,R1+,,,190,,,,,2026-01-01T00:00:00,2026-01-31T00:00:00,,,
,,2026-01-15T00:00:00,Acute Food Insecurity Analysis,Kwale,,fcs,FCS Phase 3,NDMA,Food Consumption Score,41,R1+,,,190,,,,,2026-01-01T00:00:00,2026-01-31T00:00:00,,,
,,2026-01-15T00:00:00,Acute Food Insecurity Analysis,Kwale,,fcs,FCS Phase 4-5,NDMA,Food Consumption Score,15,R1+,,,190,,,,,2026-01-01T00:00:00,2026-01-31T00:00:00,,,
,,2026-01-15T00:00:00,Acute Food Insecurity Analysis,Kwale,,rcsi,RCSI Phase 1,NDMA,Reduced Coping Strategies Index,25,R1+,,,190,,,,,2026-01-01T00:00:00,2026-01-31T00:00:00,,,
,,2026-01-15T00:00:00,Acute Food Insecurity Analysis,Kwale,,rcsi,RCSI Phase 2,NDMA,Reduced Coping Strategies Index,54,R1+,,,190,,,,,2026-01-01T00:00:00,2026-01-31T00:00:00,,,
,,2026-01-15T00:00:00,Acute Food Insecurity Analysis,Kwale,,rcsi,RCSI Phase 3+,NDMA,Reduced Coping Strategies Index,21,R1+,,,190,,,,,2026-01-01T00:00:00,2026-01-31T00:00:00,,,
,,2026-01-15T00:00:00,Acute Food Insecurity Analysis,Kwale,,lcs,LCS Phase 1,NDMA,Livelihood Coping Strategy,49,R1+,,,190,,,,,2026-01-01T00:00:00,2026-01-31T00:00:00,,,
,,2026-01-15T00:00:00,Acute Food Insecurity Analysis,Kwale,,lcs,LCS Phase 2,NDMA,Livelihood Coping Strategy,31,R1+,,,190,,,,,2026-01-01T00:00:00,2026-01-31T00:00:00,,,
,,2026-01-15T00:00:00,Acute Food Insecurity Analysis,Kwale,,lcs,LCS Phase 3,NDMA,Livelihood Coping Strategy,12,R1+,,,190,,,,,2026-01-01T00:00:00,2026-01-31T00:00:00,,,
,,2026-01-15T00:00:00,Acute Food Insecurity Analysis,Kwale,,lcs,LCS Phase 4-5,NDMA,Livelihood Coping Strategy,9,R1+,,,190,,,,,2026-01-01T00:00:00,2026-01-31T00:00:00,,,
,,2026-06-15T00:00:00,Acute Food Insecurity Analysis,Kwale,,fcs,FCS Phase 1-2,NDMA,Food Consumption Score,54,R1+,,,180,,,,,2026-06-01T00:00:00,2026-06-30T00:00:00,,,
,,2026-06-15T00:00:00,Acute Food Insecurity Analysis,Kwale,,fcs,FCS Phase 3,NDMA,Food Consumption Score,31,R1+,,,180,,,,,2026-06-01T00:00:00,2026-06-30T00:00:00,,,
,,2026-06-15T00:00:00,Acute Food Insecurity Analysis,Kwale,,fcs,FCS Phase 4-5,NDMA,Food Consumption Score,14,R1+,,,180,,,,,2026-06-01T00:00:00,2026-06-30T00:00:00,,,
,,2026-06-15T00:00:00,Acute Food Insecurity Analysis,Kwale,,rcsi,RCSI Phase 1,NDMA,Reduced Coping Strategies Index,39,R1+,,,180,,,,,2026-06-01T00:00:00,2026-06-30T00:00:00,,,
,,2026-06-15T00:00:00,Acute Food Insecurity Analysis,Kwale,,rcsi,RCSI Phase 2,NDMA,Reduced Coping Strategies Index,43,R1+,,,180,,,,,2026-06-01T00:00:00,2026-06-30T00:00:00,,,
,,2026-06-15T00:00:00,Acute Food Insecurity Analysis,Kwale,,rcsi,RCSI Phase 3+,NDMA,Reduced Coping Strategies Index,18,R1+,,,180,,,,,2026-06-01T00:00:00,2026-06-30T00:00:00,,,
,,2026-06-15T00:00:00,Acute Food Insecurity Analysis,Kwale,,lcs,LCS Phase 1,NDMA,Livelihood Coping Strategy,47,R1+,,,180,,,,,2026-06-01T00:00:00,2026-06-30T00:00:00,,,
,,2026-06-15T00:00:00,Acute Food Insecurity Analysis,Kwale,,lcs,LCS Phase 2,NDMA,Livelihood Coping Strategy,33,R1+,,,180,,,,,2026-06-01T00:00:00,2026-06-30T00:00:00,,,
,,2026-06-15T00:00:00,Acute Food Insecurity Analysis,Kwale,,lcs,LCS Phase 3,NDMA,Livelihood Coping Strategy,12,R1+,,,180,,,,,2026-06-01T00:00:00,2026-06-30T00:00:00,,,
,,2026-06-15T00:00:00,Acute Food Insecurity Analysis,Kwale,,lcs,LCS Phase 4-5,NDMA,Livelihood Coping Strategy,8,R1+,,,180,,,,,2026-06-01T00:00:00,2026-06-30T00:00:00,,,
,,2026-03-15T00:00:00,Acute Food Insecurity Analysis,Kwale,,fcs,FCS Phase 1-2,NDMA,Food Consumption Score,40,R1+,,,180,,,,,2026-03-01T00:00:00,2026-03-31T00:00:00,,,
,,2026-03-15T00:00:00,Acute Food Insecurity Analysis,Kwale,,fcs,FCS Phase 3,NDMA,Food Consumption Score,46,R1+,,,180,,,,,2026-03-01T00:00:00,2026-03-31T00:00:00,,,
,,2026-03-15T00:00:00,Acute Food Insecurity Analysis,Kwale,,fcs,FCS Phase 4-5,NDMA,Food Consumption Score,14,R1+,,,180,,,,,2026-03-01T00:00:00,2026-03-31T00:00:00,,,
,,2026-03-15T00:00:00,Acute Food Insecurity Analysis,Kwale,,rcsi,RCSI Phase 1,NDMA,Reduced Coping Strategies Index,33,R1+,,,180,,,,,2026-03-01T00:00:00,2026-03-31T00:00:00,,,
,,2026-03-15T00:00:00,Acute Food Insecurity Analysis,Kwale,,rcsi,RCSI Phase 2,NDMA,Reduced Coping Strategies Index,43,R1+,,,180,,,,,2026-03-01T00:00:00,2026-03-31T00:00:00,,,
,,2026-03-15T00:00:00,Acute Food Insecurity Analysis,Kwale,,rcsi,RCSI Phase 3+,NDMA,Reduced Coping Strategies Index,24,R1+,,,180,,,,,2026-03-01T00:00:00,2026-03-31T00:00:00,,,
,,2026-03-15T00:00:00,Acute Food Insecurity Analysis,Kwale,,lcs,LCS Phase 1,NDMA,Livelihood Coping Strategy,49,R1+,,,180,,,,,2026-03-01T00:00:00,2026-03-31T00:00:00,,,
,,2026-03-15T00:00:00,Acute Food Insecurity Analysis,Kwale,,lcs,LCS Phase 2,NDMA,Livelihood Coping Strategy,32,R1+,,,180,,,,,2026-03-01T00:00:00,2026-03-31T00:00:00,,,
,,2026-03-15T00:00:00,Acute Food Insecurity Analysis,Kwale,,lcs,LCS Phase 3,NDMA,Livelihood Coping Strategy,11,R1+,,,180,,,,,2026-03-01T00:00:00,2026-03-31T00:00:00,,,
,,2026-03-15T00:00:00,Acute Food Insecurity Analysis,Kwale,,lcs,LCS Phase 4-5,NDMA,Livelihood Coping Strategy,8,R1+,,,180,,,,,2026-03-01T00:00:00,2026-03-31T00:00:00,,,
,,2026-05-15T00:00:00,Acute Food Insecurity Analysis,Kwale,,fcs,FCS Phase 1-2,NDMA,Food Consumption Score,47,R1+,,,181,,,,,2026-05-01T00:00:00,2026-05-31T00:00:00,,,
,,2026-05-15T00:00:00,Acute Food Insecurity Analysis,Kwale,,fcs,FCS Phase 3,NDMA,Food Consumption Score,39,R1+,,,181,,,,,2026-05-01T00:00:00,2026-05-31T00:00:00,,,
,,2026-05-15T00:00:00,Acute Food Insecurity Analysis,Kwale,,fcs,FCS Phase 4-5,NDMA,Food Consumption Score,14,R1+,,,181,,,,,2026-05-01T00:00:00,2026-05-31T00:00:00,,,
,,2026-05-15T00:00:00,Acute Food Insecurity Analysis,Kwale,,rcsi,RCSI Phase 1,NDMA,Reduced Coping Strategies Index,38,R1+,,,181,,,,,2026-05-01T00:00:00,2026-05-31T00:00:00,,,
,,2026-05-15T00:00:00,Acute Food Insecurity Analysis,Kwale,,rcsi,RCSI Phase 2,NDMA,Reduced Coping Strategies Index,43,R1+,,,181,,,,,2026-05-01T00:00:00,2026-05-31T00:00:00,,,
,,2026-05-15T00:00:00,Acute Food Insecurity Analysis,Kwale,,rcsi,RCSI Phase 3+,NDMA,Reduced Coping Strategies Index,19,R1+,,,181,,,,,2026-05-01T00:00:00,2026-05-31T00:00:00,,,
,,2026-05-15T00:00:00,Acute Food Insecurity Analysis,Kwale,,lcs,LCS Phase 1,NDMA,Livelihood Coping Strategy,52,R1+,,,181,,,,,2026-05-01T00:00:00,2026-05-31T00:00:00,,,
,,2026-05-15T00:00:00,Acute Food Insecurity Analysis,Kwale,,lcs,LCS Phase 2,NDMA,Livelihood Coping Strategy,31,R1+,,,181,,,,,2026-05-01T00:00:00,2026-05-31T00:00:00,,,
,,2026-05-15T00:00:00,Acute Food Insecurity Analysis,Kwale,,lcs,LCS Phase 3,NDMA,Livelihood Coping Strategy,9,R1+,,,181,,,,,2026-05-01T00:00:00,2026-05-31T00:00:00,,,
,,2026-05-15T00:00:00,Acute Food Insecurity Analysis,Kwale,,lcs,LCS Phase 4-5,NDMA,Livelihood Coping Strategy,8,R1+,,,181,,,,,2026-05-01T00:00:00,2026-05-31T00:00:00,,,
,,2026-04-15T00:00:00,Acute Food Insecurity Analysis,Laikipia,,fcs,FCS Phase 1-2,NDMA,Food Consumption Score,47,R1+,,,172,,,,,2026-04-01T00:00:00,2026-04-30T00:00:00,,,
,,2026-04-15T00:00:00,Acute Food Insecurity Analysis,Laikipia,,fcs,FCS Phase 3,NDMA,Food Consumption Score,53,R1+,,,172,,,,,2026-04-01T00:00:00,2026-04-30T00:00:00,,,
,,2026-04-15T00:00:00,Acute Food Insecurity Analysis,Laikipia,,fcs,FCS Phase 4-5,NDMA,Food Consumption Score,1,R1+,,,172,,,,,2026-04-01T00:00:00,2026-04-30T00:00:00,,,
,,2026-04-15T00:00:00,Acute Food Insecurity Analysis,Laikipia,,rcsi,RCSI Phase 1,NDMA,Reduced Coping Strategies Index,33,R1+,,,172,,,,,2026-04-01T00:00:00,2026-04-30T00:00:00,,,
,,2026-04-15T00:00:00,Acute Food Insecurity Analysis,Laikipia,,rcsi,RCSI Phase 2,NDMA,Reduced Coping Strategies Index,53,R1+,,,172,,,,,2026-04-01T00:00:00,2026-04-30T00:00:00,,,
,,2026-04-15T00:00:00,Acute Food Insecurity Analysis,Laikipia,,rcsi,RCSI Phase 3+,NDMA,Reduced Coping Strategies Index,14,R1+,,,172,,,,,2026-04-01T00:00:00,2026-04-30T00:00:00,,,
,,2026-04-15T00:00:00,Acute Food Insecurity Analysis,Laikipia,,lcs,LCS Phase 1,NDMA,Livelihood Coping Strategy,51,R1+,,,172,,,,,2026-04-01T00:00:00,2026-04-30T00:00:00,,,
,,2026-04-15T00:00:00,Acute Food Insecurity Analysis,Laikipia,,lcs,LCS Phase 2,NDMA,Livelihood Coping Strategy,48,R1+,,,172,,,,,2026-04-01T00:00:00,2026-04-30T00:00:00,,,
,,2026-04-15T00:00:00,Acute Food Insecurity Analysis,Laikipia,,lcs,LCS Phase 3,NDMA,Livelihood Coping Strategy,1,R1+,,,172,,,,,2026-04-01T00:00:00,2026-04-30T00:00:00,,,
,,2026-04-15T00:00:00,Acute Food Insecurity Analysis,Laikipia,,lcs,LCS Phase 4-5,NDMA,Livelihood Coping Strategy,0,R1+,,,172,,,,,2026-04-01T00:00:00,2026-04-30T00:00:00,,,
,,2026-02-15T00:00:00,Acute Food Insecurity Analysis,Laikipia,,fcs,FCS Phase 1-2,NDMA,Food Consumption Score,46,R1+,,,178,,,,,2026-02-01T00:00:00,2026-02-28T00:00:00,,,
,,2026-02-15T00:00:00,Acute Food Insecurity Analysis,Laikipia,,fcs,FCS Phase 3,NDMA,Food Consumption Score,54,R1+,,,178,,,,,2026-02-01T00:00:00,2026-02-28T00:00:00,,,
,,2026-02-15T00:00:00,Acute Food Insecurity Analysis,Laikipia,,fcs,FCS Phase 4-5,NDMA,Food Consumption Score,1,R1+,,,178,,,,,2026-02-01T00:00:00,2026-02-28T00:00:00,,,
,,2026-02-15T00:00:00,Acute Food Insecurity Analysis,Laikipia,,rcsi,RCSI Phase 1,NDMA,Reduced Coping Strategies Index,35,R1+,,,178,,,,,2026-02-01T00:00:00,2026-02-28T00:00:00,,,
,,2026-02-15T00:00:00,Acute Food Insecurity Analysis,Laikipia,,rcsi,RCSI Phase 2,NDMA,Reduced Coping Strategies Index,52,R1+,,,178,,,,,2026-02-01T00:00:00,2026-02-28T00:00:00,,,
,,2026-02-15T00:00:00,Acute Food Insecurity Analysis,Laikipia,,rcsi,RCSI Phase 3+,NDMA,Reduced Coping Strategies Index,13,R1+,,,178,,,,,2026-02-01T00:00:00,2026-02-28T00:00:00,,,
,,2026-02-15T00:00:00,Acute Food Insecurity Analysis,Laikipia,,lcs,LCS Phase 1,NDMA,Livelihood Coping Strategy,46,R1+,,,178,,,,,2026-02-01T00:00:00,2026-02-28T00:00:00,,,
,,2026-02-15T00:00:00,Acute Food Insecurity Analysis,Laikipia,,lcs,LCS Phase 2,NDMA,Livelihood Coping Strategy,49,R1+,,,178,,,,,2026-02-01T00:00:00,2026-02-28T00:00:00,,,
,,2026-02-15T00:00:00,Acute Food Insecurity Analysis,Laikipia,,lcs,LCS Phase 3,NDMA,Livelihood Coping Strategy,4,R1+,,,178,,,,,2026-02-01T00:00:00,2026-02-28T00:00:00,,,
,,2026-02-15T00:00:00,Acute Food Insecurity Analysis,Laikipia,,lcs,LCS Phase 4-5,NDMA,Livelihood Coping Strategy,1,R1+,,,178,,,,,2026-02-01T00:00:00,2026-02-28T00:00:00,,,
,,2026-01-15T00:00:00,Acute Food Insecurity Analysis,Laikipia,,fcs,FCS Phase 1-2,NDMA,Food Consumption Score,41,R1+,,,176,,,,,2026-01-01T00:00:00,2026-01-31T00:00:00,,,
,,2026-01-15T00:00:00,Acute Food Insecurity Analysis,Laikipia,,fcs,FCS Phase 3,NDMA,Food Consumption Score,57,R1+,,,176,,,,,2026-01-01T00:00:00,2026-01-31T00:00:00,,,
,,2026-01-15T00:00:00,Acute Food Insecurity Analysis,Laikipia,,fcs,FCS Phase 4-5,NDMA,Food Consumption Score,2,R1+,,,176,,,,,2026-01-01T00:00:00,2026-01-31T00:00:00,,,
,,2026-01-15T00:00:00,Acute Food Insecurity Analysis,Laikipia,,rcsi,RCSI Phase 1,NDMA,Reduced Coping Strategies Index,41,R1+,,,176,,,,,2026-01-01T00:00:00,2026-01-31T00:00:00,,,
,,2026-01-15T00:00:00,Acute Food Insecurity Analysis,Laikipia,,rcsi,RCSI Phase 2,NDMA,Reduced Coping Strategies Index,46,R1+,,,176,,,,,2026-01-01T00:00:00,2026-01-31T00:00:00,,,
,,2026-01-15T00:00:00,Acute Food Insecurity Analysis,Laikipia,,rcsi,RCSI Phase 3+,NDMA,Reduced Coping Strategies Index,13,R1+,,,176,,,,,2026-01-01T00:00:00,2026-01-31T00:00:00,,,
,,2026-01-15T00:00:00,Acute Food Insecurity Analysis,Laikipia,,lcs,LCS Phase 1,NDMA,Livelihood Coping Strategy,34,R1+,,,176,,,,,2026-01-01T00:00:00,2026-01-31T00:00:00,,,
,,2026-01-15T00:00:00,Acute Food Insecurity Analysis,Laikipia,,lcs,LCS Phase 2,NDMA,Livelihood Coping Strategy,64,R1+,,,176,,,,,2026-01-01T00:00:00,2026-01-31T00:00:00,,,
,,2026-01-15T00:00:00,Acute Food Insecurity Analysis,Laikipia,,lcs,LCS Phase 3,NDMA,Livelihood Coping Strategy,1,R1+,,,176,,,,,2026-01-01T00:00:00,2026-01-31T00:00:00,,,
,,2026-01-15T00:00:00,Acute Food Insecurity Analysis,Laikipia,,lcs,LCS Phase 4-5,NDMA,Livelihood Coping Strategy,1,R1+,,,176,,,,,2026-01-01T00:00:00,2026-01-31T00:00:00,,,
,,2026-06-15T00:00:00,Acute Food Insecurity Analysis,Laikipia,,fcs,FCS Phase 1-2,NDMA,Food Consumption Score,51,R1+,,,176,,,,,2026-06-01T00:00:00,2026-06-30T00:00:00,,,
,,2026-06-15T00:00:00,Acute Food Insecurity Analysis,Laikipia,,fcs,FCS Phase 3,NDMA,Food Consumption Score,49,R1+,,,176,,,,,2026-06-01T00:00:00,2026-06-30T00:00:00,,,
,,2026-06-15T00:00:00,Acute Food Insecurity Analysis,Laikipia,,fcs,FCS Phase 4-5,NDMA,Food Consumption Score,1,R1+,,,176,,,,,2026-06-01T00:00:00,2026-06-30T00:00:00,,,
,,2026-06-15T00:00:00,Acute Food Insecurity Analysis,Laikipia,,rcsi,RCSI Phase 1,NDMA,Reduced Coping Strategies Index,32,R1+,,,176,,,,,2026-06-01T00:00:00,2026-06-30T00:00:00,,,
,,2026-06-15T00:00:00,Acute Food Insecurity Analysis,Laikipia,,rcsi,RCSI Phase 2,NDMA,Reduced Coping Strategies Index,52,R1+,,,176,,,,,2026-06-01T00:00:00,2026-06-30T00:00:00,,,
,,2026-06-15T00:00:00,Acute Food Insecurity Analysis,Laikipia,,rcsi,RCSI Phase 3+,NDMA,Reduced Coping Strategies Index,16,R1+,,,176,,,,,2026-06-01T00:00:00,2026-06-30T00:00:00,,,
,,2026-06-15T00:00:00,Acute Food Insecurity Analysis,Laikipia,,lcs,LCS Phase 1,NDMA,Livelihood Coping Strategy,49,R1+,,,176,,,,,2026-06-01T00:00:00,2026-06-30T00:00:00,,,
,,2026-06-15T00:00:00,Acute Food Insecurity Analysis,Laikipia,,lcs,LCS Phase 2,NDMA,Livelihood Coping Strategy,48,R1+,,,176,,,,,2026-06-01T00:00:00,2026-06-30T00:00:00,,,
,,2026-06-15T00:00:00,Acute Food Insecurity Analysis,Laikipia,,lcs,LCS Phase 3,NDMA,Livelihood Coping Strategy,3,R1+,,,176,,,,,2026-06-01T00:00:00,2026-06-30T00:00:00,,,
,,2026-06-15T00:00:00,Acute Food Insecurity Analysis,Laikipia,,lcs,LCS Phase 4-5,NDMA,Livelihood Coping Strategy,0,R1+,,,176,,,,,2026-06-01T00:00:00,2026-06-30T00:00:00,,,
,,2026-03-15T00:00:00,Acute Food Insecurity Analysis,Laikipia,,fcs,FCS Phase 1-2,NDMA,Food Consumption Score,48,R1+,,,177,,,,,2026-03-01T00:00:00,2026-03-31T00:00:00,,,
,,2026-03-15T00:00:00,Acute Food Insecurity Analysis,Laikipia,,fcs,FCS Phase 3,NDMA,Food Consumption Score,51,R1+,,,177,,,,,2026-03-01T00:00:00,2026-03-31T00:00:00,,,
,,2026-03-15T00:00:00,Acute Food Insecurity Analysis,Laikipia,,fcs,FCS Phase 4-5,NDMA,Food Consumption Score,1,R1+,,,177,,,,,2026-03-01T00:00:00,2026-03-31T00:00:00,,,
,,2026-03-15T00:00:00,Acute Food Insecurity Analysis,Laikipia,,rcsi,RCSI Phase 1,NDMA,Reduced Coping Strategies Index,28,R1+,,,177,,,,,2026-03-01T00:00:00,2026-03-31T00:00:00,,,
,,2026-03-15T00:00:00,Acute Food Insecurity Analysis,Laikipia,,rcsi,RCSI Phase 2,NDMA,Reduced Coping Strategies Index,58,R1+,,,177,,,,,2026-03-01T00:00:00,2026-03-31T00:00:00,,,
,,2026-03-15T00:00:00,Acute Food Insecurity Analysis,Laikipia,,rcsi,RCSI Phase 3+,NDMA,Reduced Coping Strategies Index,14,R1+,,,177,,,,,2026-03-01T00:00:00,2026-03-31T00:00:00,,,
,,2026-03-15T00:00:00,Acute Food Insecurity Analysis,Laikipia,,lcs,LCS Phase 1,NDMA,Livelihood Coping Strategy,50,R1+,,,177,,,,,2026-03-01T00:00:00,2026-03-31T00:00:00,,,
,,2026-03-15T00:00:00,Acute Food Insecurity Analysis,Laikipia,,lcs,LCS Phase 2,NDMA,Livelihood Coping Strategy,47,R1+,,,177,,,,,2026-03-01T00:00:00,2026-03-31T00:00:00,,,
,,2026-03-15T00:00:00,Acute Food Insecurity Analysis,Laikipia,,lcs,LCS Phase 3,NDMA,Livelihood Coping Strategy,2,R1+,,,177,,,,,2026-03-01T00:00:00,2026-03-31T00:00:00,,,
,,2026-03-15T00:00:00,Acute Food Insecurity Analysis,Laikipia,,lcs,LCS Phase 4-5,NDMA,Livelihood Coping Strategy,1,R1+,,,177,,,,,2026-03-01T00:00:00,2026-03-31T00:00:00,,,
,,2026-05-15T00:00:00,Acute Food Insecurity Analysis,Laikipia,,fcs,FCS Phase 1-2,NDMA,Food Consumption Score,43,R1+,,,166,,,,,2026-05-01T00:00:00,2026-05-31T00:00:00,,,
,,2026-05-15T00:00:00,Acute Food Insecurity Analysis,Laikipia,,fcs,FCS Phase 3,NDMA,Food Consumption Score,55,R1+,,,166,,,,,2026-05-01T00:00:00,2026-05-31T00:00:00,,,
,,2026-05-15T00:00:00,Acute Food Insecurity Analysis,Laikipia,,fcs,FCS Phase 4-5,NDMA,Food Consumption Score,2,R1+,,,166,,,,,2026-05-01T00:00:00,2026-05-31T00:00:00,,,
,,2026-05-15T00:00:00,Acute Food Insecurity Analysis,Laikipia,,rcsi,RCSI Phase 1,NDMA,Reduced Coping Strategies Index,30,R1+,,,166,,,,,2026-05-01T00:00:00,2026-05-31T00:00:00,,,
,,2026-05-15T00:00:00,Acute Food Insecurity Analysis,Laikipia,,rcsi,RCSI Phase 2,NDMA,Reduced Coping Strategies Index,55,R1+,,,166,,,,,2026-05-01T00:00:00,2026-05-31T00:00:00,,,
,,2026-05-15T00:00:00,Acute Food Insecurity Analysis,Laikipia,,rcsi,RCSI Phase 3+,NDMA,Reduced Coping Strategies Index,16,R1+,,,166,,,,,2026-05-01T00:00:00,2026-05-31T00:00:00,,,
,,2026-05-15T00:00:00,Acute Food Insecurity Analysis,Laikipia,,lcs,LCS Phase 1,NDMA,Livelihood Coping Strategy,47,R1+,,,166,,,,,2026-05-01T00:00:00,2026-05-31T00:00:00,,,
,,2026-05-15T00:00:00,Acute Food Insecurity Analysis,Laikipia,,lcs,LCS Phase 2,NDMA,Livelihood Coping Strategy,51,R1+,,,166,,,,,2026-05-01T00:00:00,2026-05-31T00:00:00,,,
,,2026-05-15T00:00:00,Acute Food Insecurity Analysis,Laikipia,,lcs,LCS Phase 3,NDMA,Livelihood Coping Strategy,2,R1+,,,166,,,,,2026-05-01T00:00:00,2026-05-31T00:00:00,,,
,,2026-05-15T00:00:00,Acute Food Insecurity Analysis,Laikipia,,lcs,LCS Phase 4-5,NDMA,Livelihood Coping Strategy,1,R1+,,,166,,,,,2026-05-01T00:00:00,2026-05-31T00:00:00,,,
,,2026-04-15T00:00:00,Acute Food Insecurity Analysis,Lamu,,fcs,FCS Phase 1-2,NDMA,Food Consumption Score,16,R1+,,,147,,,,,2026-04-01T00:00:00,2026-04-30T00:00:00,,,
,,2026-04-15T00:00:00,Acute Food Insecurity Analysis,Lamu,,fcs,FCS Phase 3,NDMA,Food Consumption Score,38,R1+,,,147,,,,,2026-04-01T00:00:00,2026-04-30T00:00:00,,,
,,2026-04-15T00:00:00,Acute Food Insecurity Analysis,Lamu,,fcs,FCS Phase 4-5,NDMA,Food Consumption Score,46,R1+,,,147,,,,,2026-04-01T00:00:00,2026-04-30T00:00:00,,,
,,2026-04-15T00:00:00,Acute Food Insecurity Analysis,Lamu,,rcsi,RCSI Phase 1,NDMA,Reduced Coping Strategies Index,28,R1+,,,147,,,,,2026-04-01T00:00:00,2026-04-30T00:00:00,,,
,,2026-04-15T00:00:00,Acute Food Insecurity Analysis,Lamu,,rcsi,RCSI Phase 2,NDMA,Reduced Coping Strategies Index,52,R1+,,,147,,,,,2026-04-01T00:00:00,2026-04-30T00:00:00,,,
,,2026-04-15T00:00:00,Acute Food Insecurity Analysis,Lamu,,rcsi,RCSI Phase 3+,NDMA,Reduced Coping Strategies Index,20,R1+,,,147,,,,,2026-04-01T00:00:00,2026-04-30T00:00:00,,,
,,2026-04-15T00:00:00,Acute Food Insecurity Analysis,Lamu,,lcs,LCS Phase 1,NDMA,Livelihood Coping Strategy,81,R1+,,,147,,,,,2026-04-01T00:00:00,2026-04-30T00:00:00,,,
,,2026-04-15T00:00:00,Acute Food Insecurity Analysis,Lamu,,lcs,LCS Phase 2,NDMA,Livelihood Coping Strategy,19,R1+,,,147,,,,,2026-04-01T00:00:00,2026-04-30T00:00:00,,,
,,2026-04-15T00:00:00,Acute Food Insecurity Analysis,Lamu,,lcs,LCS Phase 3,NDMA,Livelihood Coping Strategy,0,R1+,,,147,,,,,2026-04-01T00:00:00,2026-04-30T00:00:00,,,
,,2026-04-15T00:00:00,Acute Food Insecurity Analysis,Lamu,,lcs,LCS Phase 4-5,NDMA,Livelihood Coping Strategy,0,R1+,,,147,,,,,2026-04-01T00:00:00,2026-04-30T00:00:00,,,
,,2026-02-15T00:00:00,Acute Food Insecurity Analysis,Lamu,,fcs,FCS Phase 1-2,NDMA,Food Consumption Score,10,R1+,,,149,,,,,2026-02-01T00:00:00,2026-02-28T00:00:00,,,
,,2026-02-15T00:00:00,Acute Food Insecurity Analysis,Lamu,,fcs,FCS Phase 3,NDMA,Food Consumption Score,42,R1+,,,149,,,,,2026-02-01T00:00:00,2026-02-28T00:00:00,,,
,,2026-02-15T00:00:00,Acute Food Insecurity Analysis,Lamu,,fcs,FCS Phase 4-5,NDMA,Food Consumption Score,48,R1+,,,149,,,,,2026-02-01T00:00:00,2026-02-28T00:00:00,,,
,,2026-02-15T00:00:00,Acute Food Insecurity Analysis,Lamu,,rcsi,RCSI Phase 1,NDMA,Reduced Coping Strategies Index,23,R1+,,,149,,,,,2026-02-01T00:00:00,2026-02-28T00:00:00,,,
,,2026-02-15T00:00:00,Acute Food Insecurity Analysis,Lamu,,rcsi,RCSI Phase 2,NDMA,Reduced Coping Strategies Index,57,R1+,,,149,,,,,2026-02-01T00:00:00,2026-02-28T00:00:00,,,
,,2026-02-15T00:00:00,Acute Food Insecurity Analysis,Lamu,,rcsi,RCSI Phase 3+,NDMA,Reduced Coping Strategies Index,19,R1+,,,149,,,,,2026-02-01T00:00:00,2026-02-28T00:00:00,,,
,,2026-02-15T00:00:00,Acute Food Insecurity Analysis,Lamu,,lcs,LCS Phase 1,NDMA,Livelihood Coping Strategy,83,R1+,,,149,,,,,2026-02-01T00:00:00,2026-02-28T00:00:00,,,
,,2026-02-15T00:00:00,Acute Food Insecurity Analysis,Lamu,,lcs,LCS Phase 2,NDMA,Livelihood Coping Strategy,17,R1+,,,149,,,,,2026-02-01T00:00:00,2026-02-28T00:00:00,,,
,,2026-02-15T00:00:00,Acute Food Insecurity Analysis,Lamu,,lcs,LCS Phase 3,NDMA,Livelihood Coping Strategy,0,R1+,,,149,,,,,2026-02-01T00:00:00,2026-02-28T00:00:00,,,
,,2026-02-15T00:00:00,Acute Food Insecurity Analysis,Lamu,,lcs,LCS Phase 4-5,NDMA,Livelihood Coping Strategy,0,R1+,,,149,,,,,2026-02-01T00:00:00,2026-02-28T00:00:00,,,
,,2026-01-15T00:00:00,Acute Food Insecurity Analysis,Lamu,,fcs,FCS Phase 1-2,NDMA,Food Consumption Score,0,R1+,,,61,,,,,2026-01-01T00:00:00,2026-01-31T00:00:00,,,
,,2026-01-15T00:00:00,Acute Food Insecurity Analysis,Lamu,,fcs,FCS Phase 3,NDMA,Food Consumption Score,43,R1+,,,61,,,,,2026-01-01T00:00:00,2026-01-31T00:00:00,,,
,,2026-01-15T00:00:00,Acute Food Insecurity Analysis,Lamu,,fcs,FCS Phase 4-5,NDMA,Food Consumption Score,57,R1+,,,61,,,,,2026-01-01T00:00:00,2026-01-31T00:00:00,,,
,,2026-01-15T00:00:00,Acute Food Insecurity Analysis,Lamu,,rcsi,RCSI Phase 1,NDMA,Reduced Coping Strategies Index,8,R1+,,,61,,,,,2026-01-01T00:00:00,2026-01-31T00:00:00,,,
,,2026-01-15T00:00:00,Acute Food Insecurity Analysis,Lamu,,rcsi,RCSI Phase 2,NDMA,Reduced Coping Strategies Index,92,R1+,,,61,,,,,2026-01-01T00:00:00,2026-01-31T00:00:00,,,
,,2026-01-15T00:00:00,Acute Food Insecurity Analysis,Lamu,,rcsi,RCSI Phase 3+,NDMA,Reduced Coping Strategies Index,0,R1+,,,61,,,,,2026-01-01T00:00:00,2026-01-31T00:00:00,,,
,,2026-01-15T00:00:00,Acute Food Insecurity Analysis,Lamu,,lcs,LCS Phase 1,NDMA,Livelihood Coping Strategy,100,R1+,,,61,,,,,2026-01-01T00:00:00,2026-01-31T00:00:00,,,
,,2026-01-15T00:00:00,Acute Food Insecurity Analysis,Lamu,,lcs,LCS Phase 2,NDMA,Livelihood Coping Strategy,0,R1+,,,61,,,,,2026-01-01T00:00:00,2026-01-31T00:00:00,,,
,,2026-01-15T00:00:00,Acute Food Insecurity Analysis,Lamu,,lcs,LCS Phase 3,NDMA,Livelihood Coping Strategy,0,R1+,,,61,,,,,2026-01-01T00:00:00,2026-01-31T00:00:00,,,
,,2026-01-15T00:00:00,Acute Food Insecurity Analysis,Lamu,,lcs,LCS Phase 4-5,NDMA,Livelihood Coping Strategy,0,R1+,,,61,,,,,2026-01-01T00:00:00,2026-01-31T00:00:00,,,
,,2026-06-15T00:00:00,Acute Food Insecurity Analysis,Lamu,,fcs,FCS Phase 1-2,NDMA,Food Consumption Score,17,R1+,,,150,,,,,2026-06-01T00:00:00,2026-06-30T00:00:00,,,
,,2026-06-15T00:00:00,Acute Food Insecurity Analysis,Lamu,,fcs,FCS Phase 3,NDMA,Food Consumption Score,44,R1+,,,150,,,,,2026-06-01T00:00:00,2026-06-30T00:00:00,,,
,,2026-06-15T00:00:00,Acute Food Insecurity Analysis,Lamu,,fcs,FCS Phase 4-5,NDMA,Food Consumption Score,39,R1+,,,150,,,,,2026-06-01T00:00:00,2026-06-30T00:00:00,,,
,,2026-06-15T00:00:00,Acute Food Insecurity Analysis,Lamu,,rcsi,RCSI Phase 1,NDMA,Reduced Coping Strategies Index,37,R1+,,,150,,,,,2026-06-01T00:00:00,2026-06-30T00:00:00,,,
,,2026-06-15T00:00:00,Acute Food Insecurity Analysis,Lamu,,rcsi,RCSI Phase 2,NDMA,Reduced Coping Strategies Index,43,R1+,,,150,,,,,2026-06-01T00:00:00,2026-06-30T00:00:00,,,
,,2026-06-15T00:00:00,Acute Food Insecurity Analysis,Lamu,,rcsi,RCSI Phase 3+,NDMA,Reduced Coping Strategies Index,19,R1+,,,150,,,,,2026-06-01T00:00:00,2026-06-30T00:00:00,,,
,,2026-06-15T00:00:00,Acute Food Insecurity Analysis,Lamu,,lcs,LCS Phase 1,NDMA,Livelihood Coping Strategy,79,R1+,,,150,,,,,2026-06-01T00:00:00,2026-06-30T00:00:00,,,
,,2026-06-15T00:00:00,Acute Food Insecurity Analysis,Lamu,,lcs,LCS Phase 2,NDMA,Livelihood Coping Strategy,21,R1+,,,150,,,,,2026-06-01T00:00:00,2026-06-30T00:00:00,,,
,,2026-06-15T00:00:00,Acute Food Insecurity Analysis,Lamu,,lcs,LCS Phase 3,NDMA,Livelihood Coping Strategy,0,R1+,,,150,,,,,2026-06-01T00:00:00,2026-06-30T00:00:00,,,
,,2026-06-15T00:00:00,Acute Food Insecurity Analysis,Lamu,,lcs,LCS Phase 4-5,NDMA,Livelihood Coping Strategy,0,R1+,,,150,,,,,2026-06-01T00:00:00,2026-06-30T00:00:00,,,
,,2026-03-15T00:00:00,Acute Food Insecurity Analysis,Lamu,,fcs,FCS Phase 1-2,NDMA,Food Consumption Score,15,R1+,,,150,,,,,2026-03-01T00:00:00,2026-03-31T00:00:00,,,
,,2026-03-15T00:00:00,Acute Food Insecurity Analysis,Lamu,,fcs,FCS Phase 3,NDMA,Food Consumption Score,39,R1+,,,150,,,,,2026-03-01T00:00:00,2026-03-31T00:00:00,,,
,,2026-03-15T00:00:00,Acute Food Insecurity Analysis,Lamu,,fcs,FCS Phase 4-5,NDMA,Food Consumption Score,45,R1+,,,150,,,,,2026-03-01T00:00:00,2026-03-31T00:00:00,,,
,,2026-03-15T00:00:00,Acute Food Insecurity Analysis,Lamu,,rcsi,RCSI Phase 1,NDMA,Reduced Coping Strategies Index,24,R1+,,,150,,,,,2026-03-01T00:00:00,2026-03-31T00:00:00,,,
,,2026-03-15T00:00:00,Acute Food Insecurity Analysis,Lamu,,rcsi,RCSI Phase 2,NDMA,Reduced Coping Strategies Index,56,R1+,,,150,,,,,2026-03-01T00:00:00,2026-03-31T00:00:00,,,
,,2026-03-15T00:00:00,Acute Food Insecurity Analysis,Lamu,,rcsi,RCSI Phase 3+,NDMA,Reduced Coping Strategies Index,20,R1+,,,150,,,,,2026-03-01T00:00:00,2026-03-31T00:00:00,,,
,,2026-03-15T00:00:00,Acute Food Insecurity Analysis,Lamu,,lcs,LCS Phase 1,NDMA,Livelihood Coping Strategy,82,R1+,,,150,,,,,2026-03-01T00:00:00,2026-03-31T00:00:00,,,
,,2026-03-15T00:00:00,Acute Food Insecurity Analysis,Lamu,,lcs,LCS Phase 2,NDMA,Livelihood Coping Strategy,18,R1+,,,150,,,,,2026-03-01T00:00:00,2026-03-31T00:00:00,,,
,,2026-03-15T00:00:00,Acute Food Insecurity Analysis,Lamu,,lcs,LCS Phase 3,NDMA,Livelihood Coping Strategy,0,R1+,,,150,,,,,2026-03-01T00:00:00,2026-03-31T00:00:00,,,
,,2026-03-15T00:00:00,Acute Food Insecurity Analysis,Lamu,,lcs,LCS Phase 4-5,NDMA,Livelihood Coping Strategy,0,R1+,,,150,,,,,2026-03-01T00:00:00,2026-03-31T00:00:00,,,
,,2026-05-15T00:00:00,Acute Food Insecurity Analysis,Lamu,,fcs,FCS Phase 1-2,NDMA,Food Consumption Score,19,R1+,,,151,,,,,2026-05-01T00:00:00,2026-05-31T00:00:00,,,
,,2026-05-15T00:00:00,Acute Food Insecurity Analysis,Lamu,,fcs,FCS Phase 3,NDMA,Food Consumption Score,41,R1+,,,151,,,,,2026-05-01T00:00:00,2026-05-31T00:00:00,,,
,,2026-05-15T00:00:00,Acute Food Insecurity Analysis,Lamu,,fcs,FCS Phase 4-5,NDMA,Food Consumption Score,40,R1+,,,151,,,,,2026-05-01T00:00:00,2026-05-31T00:00:00,,,
,,2026-05-15T00:00:00,Acute Food Insecurity Analysis,Lamu,,rcsi,RCSI Phase 1,NDMA,Reduced Coping Strategies Index,32,R1+,,,151,,,,,2026-05-01T00:00:00,2026-05-31T00:00:00,,,
,,2026-05-15T00:00:00,Acute Food Insecurity Analysis,Lamu,,rcsi,RCSI Phase 2,NDMA,Reduced Coping Strategies Index,48,R1+,,,151,,,,,2026-05-01T00:00:00,2026-05-31T00:00:00,,,
,,2026-05-15T00:00:00,Acute Food Insecurity Analysis,Lamu,,rcsi,RCSI Phase 3+,NDMA,Reduced Coping Strategies Index,20,R1+,,,151,,,,,2026-05-01T00:00:00,2026-05-31T00:00:00,,,
,,2026-05-15T00:00:00,Acute Food Insecurity Analysis,Lamu,,lcs,LCS Phase 1,NDMA,Livelihood Coping Strategy,79,R1+,,,151,,,,,2026-05-01T00:00:00,2026-05-31T00:00:00,,,
,,2026-05-15T00:00:00,Acute Food Insecurity Analysis,Lamu,,lcs,LCS Phase 2,NDMA,Livelihood Coping Strategy,21,R1+,,,151,,,,,2026-05-01T00:00:00,2026-05-31T00:00:00,,,
,,2026-05-15T00:00:00,Acute Food Insecurity Analysis,Lamu,,lcs,LCS Phase 3,NDMA,Livelihood Coping Strategy,0,R1+,,,151,,,,,2026-05-01T00:00:00,2026-05-31T00:00:00,,,
,,2026-05-15T00:00:00,Acute Food Insecurity Analysis,Lamu,,lcs,LCS Phase 4-5,NDMA,Livelihood Coping Strategy,0,R1+,,,151,,,,,2026-05-01T00:00:00,2026-05-31T00:00:00,,,
,,2026-04-15T00:00:00,Acute Food Insecurity Analysis,Makueni,,fcs,FCS Phase 1-2,NDMA,Food Consumption Score,72,R1+,,,210,,,,,2026-04-01T00:00:00,2026-04-30T00:00:00,,,
,,2026-04-15T00:00:00,Acute Food Insecurity Analysis,Makueni,,fcs,FCS Phase 3,NDMA,Food Consumption Score,28,R1+,,,210,,,,,2026-04-01T00:00:00,2026-04-30T00:00:00,,,
,,2026-04-15T00:00:00,Acute Food Insecurity Analysis,Makueni,,fcs,FCS Phase 4-5,NDMA,Food Consumption Score,0,R1+,,,210,,,,,2026-04-01T00:00:00,2026-04-30T00:00:00,,,
,,2026-04-15T00:00:00,Acute Food Insecurity Analysis,Makueni,,rcsi,RCSI Phase 1,NDMA,Reduced Coping Strategies Index,48,R1+,,,210,,,,,2026-04-01T00:00:00,2026-04-30T00:00:00,,,
,,2026-04-15T00:00:00,Acute Food Insecurity Analysis,Makueni,,rcsi,RCSI Phase 2,NDMA,Reduced Coping Strategies Index,33,R1+,,,210,,,,,2026-04-01T00:00:00,2026-04-30T00:00:00,,,
,,2026-04-15T00:00:00,Acute Food Insecurity Analysis,Makueni,,rcsi,RCSI Phase 3+,NDMA,Reduced Coping Strategies Index,19,R1+,,,210,,,,,2026-04-01T00:00:00,2026-04-30T00:00:00,,,
,,2026-04-15T00:00:00,Acute Food Insecurity Analysis,Makueni,,lcs,LCS Phase 1,NDMA,Livelihood Coping Strategy,58,R1+,,,210,,,,,2026-04-01T00:00:00,2026-04-30T00:00:00,,,
,,2026-04-15T00:00:00,Acute Food Insecurity Analysis,Makueni,,lcs,LCS Phase 2,NDMA,Livelihood Coping Strategy,30,R1+,,,210,,,,,2026-04-01T00:00:00,2026-04-30T00:00:00,,,
,,2026-04-15T00:00:00,Acute Food Insecurity Analysis,Makueni,,lcs,LCS Phase 3,NDMA,Livelihood Coping Strategy,9,R1+,,,210,,,,,2026-04-01T00:00:00,2026-04-30T00:00:00,,,
,,2026-04-15T00:00:00,Acute Food Insecurity Analysis,Makueni,,lcs,LCS Phase 4-5,NDMA,Livelihood Coping Strategy,4,R1+,,,210,,,,,2026-04-01T00:00:00,2026-04-30T00:00:00,,,
,,2026-02-15T00:00:00,Acute Food Insecurity Analysis,Makueni,,fcs,FCS Phase 1-2,NDMA,Food Consumption Score,79,R1+,,,210,,,,,2026-02-01T00:00:00,2026-02-28T00:00:00,,,
,,2026-02-15T00:00:00,Acute Food Insecurity Analysis,Makueni,,fcs,FCS Phase 3,NDMA,Food Consumption Score,21,R1+,,,210,,,,,2026-02-01T00:00:00,2026-02-28T00:00:00,,,
,,2026-02-15T00:00:00,Acute Food Insecurity Analysis,Makueni,,fcs,FCS Phase 4-5,NDMA,Food Consumption Score,0,R1+,,,210,,,,,2026-02-01T00:00:00,2026-02-28T00:00:00,,,
,,2026-02-15T00:00:00,Acute Food Insecurity Analysis,Makueni,,rcsi,RCSI Phase 1,NDMA,Reduced Coping Strategies Index,53,R1+,,,210,,,,,2026-02-01T00:00:00,2026-02-28T00:00:00,,,
,,2026-02-15T00:00:00,Acute Food Insecurity Analysis,Makueni,,rcsi,RCSI Phase 2,NDMA,Reduced Coping Strategies Index,32,R1+,,,210,,,,,2026-02-01T00:00:00,2026-02-28T00:00:00,,,
,,2026-02-15T00:00:00,Acute Food Insecurity Analysis,Makueni,,rcsi,RCSI Phase 3+,NDMA,Reduced Coping Strategies Index,15,R1+,,,210,,,,,2026-02-01T00:00:00,2026-02-28T00:00:00,,,
,,2026-02-15T00:00:00,Acute Food Insecurity Analysis,Makueni,,lcs,LCS Phase 1,NDMA,Livelihood Coping Strategy,61,R1+,,,210,,,,,2026-02-01T00:00:00,2026-02-28T00:00:00,,,
,,2026-02-15T00:00:00,Acute Food Insecurity Analysis,Makueni,,lcs,LCS Phase 2,NDMA,Livelihood Coping Strategy,27,R1+,,,210,,,,,2026-02-01T00:00:00,2026-02-28T00:00:00,,,
,,2026-02-15T00:00:00,Acute Food Insecurity Analysis,Makueni,,lcs,LCS Phase 3,NDMA,Livelihood Coping Strategy,8,R1+,,,210,,,,,2026-02-01T00:00:00,2026-02-28T00:00:00,,,
,,2026-02-15T00:00:00,Acute Food Insecurity Analysis,Makueni,,lcs,LCS Phase 4-5,NDMA,Livelihood Coping Strategy,4,R1+,,,210,,,,,2026-02-01T00:00:00,2026-02-28T00:00:00,,,
,,2026-01-15T00:00:00,Acute Food Insecurity Analysis,Makueni,,fcs,FCS Phase 1-2,NDMA,Food Consumption Score,80,R1+,,,210,,,,,2026-01-01T00:00:00,2026-01-31T00:00:00,,,
,,2026-01-15T00:00:00,Acute Food Insecurity Analysis,Makueni,,fcs,FCS Phase 3,NDMA,Food Consumption Score,19,R1+,,,210,,,,,2026-01-01T00:00:00,2026-01-31T00:00:00,,,
,,2026-01-15T00:00:00,Acute Food Insecurity Analysis,Makueni,,fcs,FCS Phase 4-5,NDMA,Food Consumption Score,0,R1+,,,210,,,,,2026-01-01T00:00:00,2026-01-31T00:00:00,,,
,,2026-01-15T00:00:00,Acute Food Insecurity Analysis,Makueni,,rcsi,RCSI Phase 1,NDMA,Reduced Coping Strategies Index,44,R1+,,,210,,,,,2026-01-01T00:00:00,2026-01-31T00:00:00,,,
,,2026-01-15T00:00:00,Acute Food Insecurity Analysis,Makueni,,rcsi,RCSI Phase 2,NDMA,Reduced Coping Strategies Index,39,R1+,,,210,,,,,2026-01-01T00:00:00,2026-01-31T00:00:00,,,
,,2026-01-15T00:00:00,Acute Food Insecurity Analysis,Makueni,,rcsi,RCSI Phase 3+,NDMA,Reduced Coping Strategies Index,18,R1+,,,210,,,,,2026-01-01T00:00:00,2026-01-31T00:00:00,,,
,,2026-01-15T00:00:00,Acute Food Insecurity Analysis,Makueni,,lcs,LCS Phase 1,NDMA,Livelihood Coping Strategy,59,R1+,,,210,,,,,2026-01-01T00:00:00,2026-01-31T00:00:00,,,
,,2026-01-15T00:00:00,Acute Food Insecurity Analysis,Makueni,,lcs,LCS Phase 2,NDMA,Livelihood Coping Strategy,32,R1+,,,210,,,,,2026-01-01T00:00:00,2026-01-31T00:00:00,,,
,,2026-01-15T00:00:00,Acute Food Insecurity Analysis,Makueni,,lcs,LCS Phase 3,NDMA,Livelihood Coping Strategy,6,R1+,,,210,,,,,2026-01-01T00:00:00,2026-01-31T00:00:00,,,
,,2026-01-15T00:00:00,Acute Food Insecurity Analysis,Makueni,,lcs,LCS Phase 4-5,NDMA,Livelihood Coping Strategy,3,R1+,,,210,,,,,2026-01-01T00:00:00,2026-01-31T00:00:00,,,
,,2026-06-15T00:00:00,Acute Food Insecurity Analysis,Makueni,,fcs,FCS Phase 1-2,NDMA,Food Consumption Score,83,R1+,,,210,,,,,2026-06-01T00:00:00,2026-06-30T00:00:00,,,
,,2026-06-15T00:00:00,Acute Food Insecurity Analysis,Makueni,,fcs,FCS Phase 3,NDMA,Food Consumption Score,16,R1+,,,210,,,,,2026-06-01T00:00:00,2026-06-30T00:00:00,,,
,,2026-06-15T00:00:00,Acute Food Insecurity Analysis,Makueni,,fcs,FCS Phase 4-5,NDMA,Food Consumption Score,0,R1+,,,210,,,,,2026-06-01T00:00:00,2026-06-30T00:00:00,,,
,,2026-06-15T00:00:00,Acute Food Insecurity Analysis,Makueni,,rcsi,RCSI Phase 1,NDMA,Reduced Coping Strategies Index,48,R1+,,,210,,,,,2026-06-01T00:00:00,2026-06-30T00:00:00,,,
,,2026-06-15T00:00:00,Acute Food Insecurity Analysis,Makueni,,rcsi,RCSI Phase 2,NDMA,Reduced Coping Strategies Index,45,R1+,,,210,,,,,2026-06-01T00:00:00,2026-06-30T00:00:00,,,
,,2026-06-15T00:00:00,Acute Food Insecurity Analysis,Makueni,,rcsi,RCSI Phase 3+,NDMA,Reduced Coping Strategies Index,7,R1+,,,210,,,,,2026-06-01T00:00:00,2026-06-30T00:00:00,,,
,,2026-06-15T00:00:00,Acute Food Insecurity Analysis,Makueni,,lcs,LCS Phase 1,NDMA,Livelihood Coping Strategy,68,R1+,,,210,,,,,2026-06-01T00:00:00,2026-06-30T00:00:00,,,
,,2026-06-15T00:00:00,Acute Food Insecurity Analysis,Makueni,,lcs,LCS Phase 2,NDMA,Livelihood Coping Strategy,22,R1+,,,210,,,,,2026-06-01T00:00:00,2026-06-30T00:00:00,,,
,,2026-06-15T00:00:00,Acute Food Insecurity Analysis,Makueni,,lcs,LCS Phase 3,NDMA,Livelihood Coping Strategy,8,R1+,,,210,,,,,2026-06-01T00:00:00,2026-06-30T00:00:00,,,
,,2026-06-15T00:00:00,Acute Food Insecurity Analysis,Makueni,,lcs,LCS Phase 4-5,NDMA,Livelihood Coping Strategy,2,R1+,,,210,,,,,2026-06-01T00:00:00,2026-06-30T00:00:00,,,
,,2026-03-15T00:00:00,Acute Food Insecurity Analysis,Makueni,,fcs,FCS Phase 1-2,NDMA,Food Consumption Score,71,R1+,,,210,,,,,2026-03-01T00:00:00,2026-03-31T00:00:00,,,
,,2026-03-15T00:00:00,Acute Food Insecurity Analysis,Makueni,,fcs,FCS Phase 3,NDMA,Food Consumption Score,29,R1+,,,210,,,,,2026-03-01T00:00:00,2026-03-31T00:00:00,,,
,,2026-03-15T00:00:00,Acute Food Insecurity Analysis,Makueni,,fcs,FCS Phase 4-5,NDMA,Food Consumption Score,0,R1+,,,210,,,,,2026-03-01T00:00:00,2026-03-31T00:00:00,,,
,,2026-03-15T00:00:00,Acute Food Insecurity Analysis,Makueni,,rcsi,RCSI Phase 1,NDMA,Reduced Coping Strategies Index,57,R1+,,,210,,,,,2026-03-01T00:00:00,2026-03-31T00:00:00,,,
,,2026-03-15T00:00:00,Acute Food Insecurity Analysis,Makueni,,rcsi,RCSI Phase 2,NDMA,Reduced Coping Strategies Index,30,R1+,,,210,,,,,2026-03-01T00:00:00,2026-03-31T00:00:00,,,
,,2026-03-15T00:00:00,Acute Food Insecurity Analysis,Makueni,,rcsi,RCSI Phase 3+,NDMA,Reduced Coping Strategies Index,13,R1+,,,210,,,,,2026-03-01T00:00:00,2026-03-31T00:00:00,,,
,,2026-03-15T00:00:00,Acute Food Insecurity Analysis,Makueni,,lcs,LCS Phase 1,NDMA,Livelihood Coping Strategy,60,R1+,,,210,,,,,2026-03-01T00:00:00,2026-03-31T00:00:00,,,
,,2026-03-15T00:00:00,Acute Food Insecurity Analysis,Makueni,,lcs,LCS Phase 2,NDMA,Livelihood Coping Strategy,27,R1+,,,210,,,,,2026-03-01T00:00:00,2026-03-31T00:00:00,,,
,,2026-03-15T00:00:00,Acute Food Insecurity Analysis,Makueni,,lcs,LCS Phase 3,NDMA,Livelihood Coping Strategy,10,R1+,,,210,,,,,2026-03-01T00:00:00,2026-03-31T00:00:00,,,
,,2026-03-15T00:00:00,Acute Food Insecurity Analysis,Makueni,,lcs,LCS Phase 4-5,NDMA,Livelihood Coping Strategy,2,R1+,,,210,,,,,2026-03-01T00:00:00,2026-03-31T00:00:00,,,
,,2026-05-15T00:00:00,Acute Food Insecurity Analysis,Makueni,,fcs,FCS Phase 1-2,NDMA,Food Consumption Score,78,R1+,,,211,,,,,2026-05-01T00:00:00,2026-05-31T00:00:00,,,
,,2026-05-15T00:00:00,Acute Food Insecurity Analysis,Makueni,,fcs,FCS Phase 3,NDMA,Food Consumption Score,22,R1+,,,211,,,,,2026-05-01T00:00:00,2026-05-31T00:00:00,,,
,,2026-05-15T00:00:00,Acute Food Insecurity Analysis,Makueni,,fcs,FCS Phase 4-5,NDMA,Food Consumption Score,0,R1+,,,211,,,,,2026-05-01T00:00:00,2026-05-31T00:00:00,,,
,,2026-05-15T00:00:00,Acute Food Insecurity Analysis,Makueni,,rcsi,RCSI Phase 1,NDMA,Reduced Coping Strategies Index,45,R1+,,,211,,,,,2026-05-01T00:00:00,2026-05-31T00:00:00,,,
,,2026-05-15T00:00:00,Acute Food Insecurity Analysis,Makueni,,rcsi,RCSI Phase 2,NDMA,Reduced Coping Strategies Index,46,R1+,,,211,,,,,2026-05-01T00:00:00,2026-05-31T00:00:00,,,
,,2026-05-15T00:00:00,Acute Food Insecurity Analysis,Makueni,,rcsi,RCSI Phase 3+,NDMA,Reduced Coping Strategies Index,9,R1+,,,211,,,,,2026-05-01T00:00:00,2026-05-31T00:00:00,,,
,,2026-05-15T00:00:00,Acute Food Insecurity Analysis,Makueni,,lcs,LCS Phase 1,NDMA,Livelihood Coping Strategy,66,R1+,,,211,,,,,2026-05-01T00:00:00,2026-05-31T00:00:00,,,
,,2026-05-15T00:00:00,Acute Food Insecurity Analysis,Makueni,,lcs,LCS Phase 2,NDMA,Livelihood Coping Strategy,22,R1+,,,211,,,,,2026-05-01T00:00:00,2026-05-31T00:00:00,,,
,,2026-05-15T00:00:00,Acute Food Insecurity Analysis,Makueni,,lcs,LCS Phase 3,NDMA,Livelihood Coping Strategy,9,R1+,,,211,,,,,2026-05-01T00:00:00,2026-05-31T00:00:00,,,
,,2026-05-15T00:00:00,Acute Food Insecurity Analysis,Makueni,,lcs,LCS Phase 4-5,NDMA,Livelihood Coping Strategy,2,R1+,,,211,,,,,2026-05-01T00:00:00,2026-05-31T00:00:00,,,
,,2026-04-15T00:00:00,Acute Food Insecurity Analysis,Mandera,,fcs,FCS Phase 1-2,NDMA,Food Consumption Score,1,R1+,,,177,,,,,2026-04-01T00:00:00,2026-04-30T00:00:00,,,
,,2026-04-15T00:00:00,Acute Food Insecurity Analysis,Mandera,,fcs,FCS Phase 3,NDMA,Food Consumption Score,45,R1+,,,177,,,,,2026-04-01T00:00:00,2026-04-30T00:00:00,,,
,,2026-04-15T00:00:00,Acute Food Insecurity Analysis,Mandera,,fcs,FCS Phase 4-5,NDMA,Food Consumption Score,54,R1+,,,177,,,,,2026-04-01T00:00:00,2026-04-30T00:00:00,,,
,,2026-04-15T00:00:00,Acute Food Insecurity Analysis,Mandera,,rcsi,RCSI Phase 1,NDMA,Reduced Coping Strategies Index,7,R1+,,,177,,,,,2026-04-01T00:00:00,2026-04-30T00:00:00,,,
,,2026-04-15T00:00:00,Acute Food Insecurity Analysis,Mandera,,rcsi,RCSI Phase 2,NDMA,Reduced Coping Strategies Index,92,R1+,,,177,,,,,2026-04-01T00:00:00,2026-04-30T00:00:00,,,
,,2026-04-15T00:00:00,Acute Food Insecurity Analysis,Mandera,,rcsi,RCSI Phase 3+,NDMA,Reduced Coping Strategies Index,1,R1+,,,177,,,,,2026-04-01T00:00:00,2026-04-30T00:00:00,,,
,,2026-04-15T00:00:00,Acute Food Insecurity Analysis,Mandera,,lcs,LCS Phase 1,NDMA,Livelihood Coping Strategy,100,R1+,,,177,,,,,2026-04-01T00:00:00,2026-04-30T00:00:00,,,
,,2026-04-15T00:00:00,Acute Food Insecurity Analysis,Mandera,,lcs,LCS Phase 2,NDMA,Livelihood Coping Strategy,0,R1+,,,177,,,,,2026-04-01T00:00:00,2026-04-30T00:00:00,,,
,,2026-04-15T00:00:00,Acute Food Insecurity Analysis,Mandera,,lcs,LCS Phase 3,NDMA,Livelihood Coping Strategy,0,R1+,,,177,,,,,2026-04-01T00:00:00,2026-04-30T00:00:00,,,
,,2026-04-15T00:00:00,Acute Food Insecurity Analysis,Mandera,,lcs,LCS Phase 4-5,NDMA,Livelihood Coping Strategy,0,R1+,,,177,,,,,2026-04-01T00:00:00,2026-04-30T00:00:00,,,
,,2026-02-15T00:00:00,Acute Food Insecurity Analysis,Mandera,,fcs,FCS Phase 1-2,NDMA,Food Consumption Score,3,R1+,,,205,,,,,2026-02-01T00:00:00,2026-02-28T00:00:00,,,
,,2026-02-15T00:00:00,Acute Food Insecurity Analysis,Mandera,,fcs,FCS Phase 3,NDMA,Food Consumption Score,46,R1+,,,205,,,,,2026-02-01T00:00:00,2026-02-28T00:00:00,,,
,,2026-02-15T00:00:00,Acute Food Insecurity Analysis,Mandera,,fcs,FCS Phase 4-5,NDMA,Food Consumption Score,51,R1+,,,205,,,,,2026-02-01T00:00:00,2026-02-28T00:00:00,,,
,,2026-02-15T00:00:00,Acute Food Insecurity Analysis,Mandera,,rcsi,RCSI Phase 1,NDMA,Reduced Coping Strategies Index,6,R1+,,,205,,,,,2026-02-01T00:00:00,2026-02-28T00:00:00,,,
,,2026-02-15T00:00:00,Acute Food Insecurity Analysis,Mandera,,rcsi,RCSI Phase 2,NDMA,Reduced Coping Strategies Index,94,R1+,,,205,,,,,2026-02-01T00:00:00,2026-02-28T00:00:00,,,
,,2026-02-15T00:00:00,Acute Food Insecurity Analysis,Mandera,,rcsi,RCSI Phase 3+,NDMA,Reduced Coping Strategies Index,0,R1+,,,205,,,,,2026-02-01T00:00:00,2026-02-28T00:00:00,,,
,,2026-02-15T00:00:00,Acute Food Insecurity Analysis,Mandera,,lcs,LCS Phase 1,NDMA,Livelihood Coping Strategy,84,R1+,,,205,,,,,2026-02-01T00:00:00,2026-02-28T00:00:00,,,
,,2026-02-15T00:00:00,Acute Food Insecurity Analysis,Mandera,,lcs,LCS Phase 2,NDMA,Livelihood Coping Strategy,0,R1+,,,205,,,,,2026-02-01T00:00:00,2026-02-28T00:00:00,,,
,,2026-02-15T00:00:00,Acute Food Insecurity Analysis,Mandera,,lcs,LCS Phase 3,NDMA,Livelihood Coping Strategy,0,R1+,,,205,,,,,2026-02-01T00:00:00,2026-02-28T00:00:00,,,
,,2026-02-15T00:00:00,Acute Food Insecurity Analysis,Mandera,,lcs,LCS Phase 4-5,NDMA,Livelihood Coping Strategy,15,R1+,,,205,,,,,2026-02-01T00:00:00,2026-02-28T00:00:00,,,
,,2026-01-15T00:00:00,Acute Food Insecurity Analysis,Mandera,,fcs,FCS Phase 1-2,NDMA,Food Consumption Score,2,R1+,,,211,,,,,2026-01-01T00:00:00,2026-01-31T00:00:00,,,
,,2026-01-15T00:00:00,Acute Food Insecurity Analysis,Mandera,,fcs,FCS Phase 3,NDMA,Food Consumption Score,47,R1+,,,211,,,,,2026-01-01T00:00:00,2026-01-31T00:00:00,,,
,,2026-01-15T00:00:00,Acute Food Insecurity Analysis,Mandera,,fcs,FCS Phase 4-5,NDMA,Food Consumption Score,50,R1+,,,211,,,,,2026-01-01T00:00:00,2026-01-31T00:00:00,,,
,,2026-01-15T00:00:00,Acute Food Insecurity Analysis,Mandera,,rcsi,RCSI Phase 1,NDMA,Reduced Coping Strategies Index,6,R1+,,,211,,,,,2026-01-01T00:00:00,2026-01-31T00:00:00,,,
,,2026-01-15T00:00:00,Acute Food Insecurity Analysis,Mandera,,rcsi,RCSI Phase 2,NDMA,Reduced Coping Strategies Index,94,R1+,,,211,,,,,2026-01-01T00:00:00,2026-01-31T00:00:00,,,
,,2026-01-15T00:00:00,Acute Food Insecurity Analysis,Mandera,,rcsi,RCSI Phase 3+,NDMA,Reduced Coping Strategies Index,0,R1+,,,211,,,,,2026-01-01T00:00:00,2026-01-31T00:00:00,,,
,,2026-01-15T00:00:00,Acute Food Insecurity Analysis,Mandera,,lcs,LCS Phase 1,NDMA,Livelihood Coping Strategy,85,R1+,,,211,,,,,2026-01-01T00:00:00,2026-01-31T00:00:00,,,
,,2026-01-15T00:00:00,Acute Food Insecurity Analysis,Mandera,,lcs,LCS Phase 2,NDMA,Livelihood Coping Strategy,0,R1+,,,211,,,,,2026-01-01T00:00:00,2026-01-31T00:00:00,,,
,,2026-01-15T00:00:00,Acute Food Insecurity Analysis,Mandera,,lcs,LCS Phase 3,NDMA,Livelihood Coping Strategy,0,R1+,,,211,,,,,2026-01-01T00:00:00,2026-01-31T00:00:00,,,
,,2026-01-15T00:00:00,Acute Food Insecurity Analysis,Mandera,,lcs,LCS Phase 4-5,NDMA,Livelihood Coping Strategy,15,R1+,,,211,,,,,2026-01-01T00:00:00,2026-01-31T00:00:00,,,
,,2026-06-15T00:00:00,Acute Food Insecurity Analysis,Mandera,,fcs,FCS Phase 1-2,NDMA,Food Consumption Score,7,R1+,,,210,,,,,2026-06-01T00:00:00,2026-06-30T00:00:00,,,
,,2026-06-15T00:00:00,Acute Food Insecurity Analysis,Mandera,,fcs,FCS Phase 3,NDMA,Food Consumption Score,47,R1+,,,210,,,,,2026-06-01T00:00:00,2026-06-30T00:00:00,,,
,,2026-06-15T00:00:00,Acute Food Insecurity Analysis,Mandera,,fcs,FCS Phase 4-5,NDMA,Food Consumption Score,46,R1+,,,210,,,,,2026-06-01T00:00:00,2026-06-30T00:00:00,,,
,,2026-06-15T00:00:00,Acute Food Insecurity Analysis,Mandera,,rcsi,RCSI Phase 1,NDMA,Reduced Coping Strategies Index,10,R1+,,,210,,,,,2026-06-01T00:00:00,2026-06-30T00:00:00,,,
,,2026-06-15T00:00:00,Acute Food Insecurity Analysis,Mandera,,rcsi,RCSI Phase 2,NDMA,Reduced Coping Strategies Index,90,R1+,,,210,,,,,2026-06-01T00:00:00,2026-06-30T00:00:00,,,
,,2026-06-15T00:00:00,Acute Food Insecurity Analysis,Mandera,,rcsi,RCSI Phase 3+,NDMA,Reduced Coping Strategies Index,0,R1+,,,210,,,,,2026-06-01T00:00:00,2026-06-30T00:00:00,,,
,,2026-06-15T00:00:00,Acute Food Insecurity Analysis,Mandera,,lcs,LCS Phase 1,NDMA,Livelihood Coping Strategy,86,R1+,,,210,,,,,2026-06-01T00:00:00,2026-06-30T00:00:00,,,
,,2026-06-15T00:00:00,Acute Food Insecurity Analysis,Mandera,,lcs,LCS Phase 2,NDMA,Livelihood Coping Strategy,0,R1+,,,210,,,,,2026-06-01T00:00:00,2026-06-30T00:00:00,,,
,,2026-06-15T00:00:00,Acute Food Insecurity Analysis,Mandera,,lcs,LCS Phase 3,NDMA,Livelihood Coping Strategy,0,R1+,,,210,,,,,2026-06-01T00:00:00,2026-06-30T00:00:00,,,
,,2026-06-15T00:00:00,Acute Food Insecurity Analysis,Mandera,,lcs,LCS Phase 4-5,NDMA,Livelihood Coping Strategy,14,R1+,,,210,,,,,2026-06-01T00:00:00,2026-06-30T00:00:00,,,
,,2026-03-15T00:00:00,Acute Food Insecurity Analysis,Mandera,,fcs,FCS Phase 1-2,NDMA,Food Consumption Score,3,R1+,,,210,,,,,2026-03-01T00:00:00,2026-03-31T00:00:00,,,
,,2026-03-15T00:00:00,Acute Food Insecurity Analysis,Mandera,,fcs,FCS Phase 3,NDMA,Food Consumption Score,49,R1+,,,210,,,,,2026-03-01T00:00:00,2026-03-31T00:00:00,,,
,,2026-03-15T00:00:00,Acute Food Insecurity Analysis,Mandera,,fcs,FCS Phase 4-5,NDMA,Food Consumption Score,48,R1+,,,210,,,,,2026-03-01T00:00:00,2026-03-31T00:00:00,,,
,,2026-03-15T00:00:00,Acute Food Insecurity Analysis,Mandera,,rcsi,RCSI Phase 1,NDMA,Reduced Coping Strategies Index,6,R1+,,,210,,,,,2026-03-01T00:00:00,2026-03-31T00:00:00,,,
,,2026-03-15T00:00:00,Acute Food Insecurity Analysis,Mandera,,rcsi,RCSI Phase 2,NDMA,Reduced Coping Strategies Index,94,R1+,,,210,,,,,2026-03-01T00:00:00,2026-03-31T00:00:00,,,
,,2026-03-15T00:00:00,Acute Food Insecurity Analysis,Mandera,,rcsi,RCSI Phase 3+,NDMA,Reduced Coping Strategies Index,0,R1+,,,210,,,,,2026-03-01T00:00:00,2026-03-31T00:00:00,,,
,,2026-03-15T00:00:00,Acute Food Insecurity Analysis,Mandera,,lcs,LCS Phase 1,NDMA,Livelihood Coping Strategy,85,R1+,,,210,,,,,2026-03-01T00:00:00,2026-03-31T00:00:00,,,
,,2026-03-15T00:00:00,Acute Food Insecurity Analysis,Mandera,,lcs,LCS Phase 2,NDMA,Livelihood Coping Strategy,0,R1+,,,210,,,,,2026-03-01T00:00:00,2026-03-31T00:00:00,,,
,,2026-03-15T00:00:00,Acute Food Insecurity Analysis,Mandera,,lcs,LCS Phase 3,NDMA,Livelihood Coping Strategy,0,R1+,,,210,,,,,2026-03-01T00:00:00,2026-03-31T00:00:00,,,
,,2026-03-15T00:00:00,Acute Food Insecurity Analysis,Mandera,,lcs,LCS Phase 4-5,NDMA,Livelihood Coping Strategy,15,R1+,,,210,,,,,2026-03-01T00:00:00,2026-03-31T00:00:00,,,
,,2026-05-15T00:00:00,Acute Food Insecurity Analysis,Mandera,,fcs,FCS Phase 1-2,NDMA,Food Consumption Score,6,R1+,,,204,,,,,2026-05-01T00:00:00,2026-05-31T00:00:00,,,
,,2026-05-15T00:00:00,Acute Food Insecurity Analysis,Mandera,,fcs,FCS Phase 3,NDMA,Food Consumption Score,47,R1+,,,204,,,,,2026-05-01T00:00:00,2026-05-31T00:00:00,,,
,,2026-05-15T00:00:00,Acute Food Insecurity Analysis,Mandera,,fcs,FCS Phase 4-5,NDMA,Food Consumption Score,47,R1+,,,204,,,,,2026-05-01T00:00:00,2026-05-31T00:00:00,,,
,,2026-05-15T00:00:00,Acute Food Insecurity Analysis,Mandera,,rcsi,RCSI Phase 1,NDMA,Reduced Coping Strategies Index,5,R1+,,,204,,,,,2026-05-01T00:00:00,2026-05-31T00:00:00,,,
,,2026-05-15T00:00:00,Acute Food Insecurity Analysis,Mandera,,rcsi,RCSI Phase 2,NDMA,Reduced Coping Strategies Index,94,R1+,,,204,,,,,2026-05-01T00:00:00,2026-05-31T00:00:00,,,
,,2026-05-15T00:00:00,Acute Food Insecurity Analysis,Mandera,,rcsi,RCSI Phase 3+,NDMA,Reduced Coping Strategies Index,0,R1+,,,204,,,,,2026-05-01T00:00:00,2026-05-31T00:00:00,,,
,,2026-05-15T00:00:00,Acute Food Insecurity Analysis,Mandera,,lcs,LCS Phase 1,NDMA,Livelihood Coping Strategy,85,R1+,,,204,,,,,2026-05-01T00:00:00,2026-05-31T00:00:00,,,
,,2026-05-15T00:00:00,Acute Food Insecurity Analysis,Mandera,,lcs,LCS Phase 2,NDMA,Livelihood Coping Strategy,0,R1+,,,204,,,,,2026-05-01T00:00:00,2026-05-31T00:00:00,,,
,,2026-05-15T00:00:00,Acute Food Insecurity Analysis,Mandera,,lcs,LCS Phase 3,NDMA,Livelihood Coping Strategy,0,R1+,,,204,,,,,2026-05-01T00:00:00,2026-05-31T00:00:00,,,
,,2026-05-15T00:00:00,Acute Food Insecurity Analysis,Mandera,,lcs,LCS Phase 4-5,NDMA,Livelihood Coping Strategy,15,R1+,,,204,,,,,2026-05-01T00:00:00,2026-05-31T00:00:00,,,
,,2026-04-15T00:00:00,Acute Food Insecurity Analysis,Marsabit,,fcs,FCS Phase 1-2,NDMA,Food Consumption Score,28,R1+,,,326,,,,,2026-04-01T00:00:00,2026-04-30T00:00:00,,,
,,2026-04-15T00:00:00,Acute Food Insecurity Analysis,Marsabit,,fcs,FCS Phase 3,NDMA,Food Consumption Score,57,R1+,,,326,,,,,2026-04-01T00:00:00,2026-04-30T00:00:00,,,
,,2026-04-15T00:00:00,Acute Food Insecurity Analysis,Marsabit,,fcs,FCS Phase 4-5,NDMA,Food Consumption Score,16,R1+,,,326,,,,,2026-04-01T00:00:00,2026-04-30T00:00:00,,,
,,2026-04-15T00:00:00,Acute Food Insecurity Analysis,Marsabit,,rcsi,RCSI Phase 1,NDMA,Reduced Coping Strategies Index,10,R1+,,,326,,,,,2026-04-01T00:00:00,2026-04-30T00:00:00,,,
,,2026-04-15T00:00:00,Acute Food Insecurity Analysis,Marsabit,,rcsi,RCSI Phase 2,NDMA,Reduced Coping Strategies Index,55,R1+,,,326,,,,,2026-04-01T00:00:00,2026-04-30T00:00:00,,,
,,2026-04-15T00:00:00,Acute Food Insecurity Analysis,Marsabit,,rcsi,RCSI Phase 3+,NDMA,Reduced Coping Strategies Index,35,R1+,,,326,,,,,2026-04-01T00:00:00,2026-04-30T00:00:00,,,
,,2026-04-15T00:00:00,Acute Food Insecurity Analysis,Marsabit,,lcs,LCS Phase 1,NDMA,Livelihood Coping Strategy,32,R1+,,,326,,,,,2026-04-01T00:00:00,2026-04-30T00:00:00,,,
,,2026-04-15T00:00:00,Acute Food Insecurity Analysis,Marsabit,,lcs,LCS Phase 2,NDMA,Livelihood Coping Strategy,27,R1+,,,326,,,,,2026-04-01T00:00:00,2026-04-30T00:00:00,,,
,,2026-04-15T00:00:00,Acute Food Insecurity Analysis,Marsabit,,lcs,LCS Phase 3,NDMA,Livelihood Coping Strategy,32,R1+,,,326,,,,,2026-04-01T00:00:00,2026-04-30T00:00:00,,,
,,2026-04-15T00:00:00,Acute Food Insecurity Analysis,Marsabit,,lcs,LCS Phase 4-5,NDMA,Livelihood Coping Strategy,9,R1+,,,326,,,,,2026-04-01T00:00:00,2026-04-30T00:00:00,,,
,,2026-02-15T00:00:00,Acute Food Insecurity Analysis,Marsabit,,fcs,FCS Phase 1-2,NDMA,Food Consumption Score,15,R1+,,,324,,,,,2026-02-01T00:00:00,2026-02-28T00:00:00,,,
,,2026-02-15T00:00:00,Acute Food Insecurity Analysis,Marsabit,,fcs,FCS Phase 3,NDMA,Food Consumption Score,70,R1+,,,324,,,,,2026-02-01T00:00:00,2026-02-28T00:00:00,,,
,,2026-02-15T00:00:00,Acute Food Insecurity Analysis,Marsabit,,fcs,FCS Phase 4-5,NDMA,Food Consumption Score,15,R1+,,,324,,,,,2026-02-01T00:00:00,2026-02-28T00:00:00,,,
,,2026-02-15T00:00:00,Acute Food Insecurity Analysis,Marsabit,,rcsi,RCSI Phase 1,NDMA,Reduced Coping Strategies Index,5,R1+,,,324,,,,,2026-02-01T00:00:00,2026-02-28T00:00:00,,,
,,2026-02-15T00:00:00,Acute Food Insecurity Analysis,Marsabit,,rcsi,RCSI Phase 2,NDMA,Reduced Coping Strategies Index,50,R1+,,,324,,,,,2026-02-01T00:00:00,2026-02-28T00:00:00,,,
,,2026-02-15T00:00:00,Acute Food Insecurity Analysis,Marsabit,,rcsi,RCSI Phase 3+,NDMA,Reduced Coping Strategies Index,45,R1+,,,324,,,,,2026-02-01T00:00:00,2026-02-28T00:00:00,,,
,,2026-02-15T00:00:00,Acute Food Insecurity Analysis,Marsabit,,lcs,LCS Phase 1,NDMA,Livelihood Coping Strategy,32,R1+,,,324,,,,,2026-02-01T00:00:00,2026-02-28T00:00:00,,,
,,2026-02-15T00:00:00,Acute Food Insecurity Analysis,Marsabit,,lcs,LCS Phase 2,NDMA,Livelihood Coping Strategy,22,R1+,,,324,,,,,2026-02-01T00:00:00,2026-02-28T00:00:00,,,
,,2026-02-15T00:00:00,Acute Food Insecurity Analysis,Marsabit,,lcs,LCS Phase 3,NDMA,Livelihood Coping Strategy,32,R1+,,,324,,,,,2026-02-01T00:00:00,2026-02-28T00:00:00,,,
,,2026-02-15T00:00:00,Acute Food Insecurity Analysis,Marsabit,,lcs,LCS Phase 4-5,NDMA,Livelihood Coping Strategy,15,R1+,,,324,,,,,2026-02-01T00:00:00,2026-02-28T00:00:00,,,
,,2026-01-15T00:00:00,Acute Food Insecurity Analysis,Marsabit,,fcs,FCS Phase 1-2,NDMA,Food Consumption Score,17,R1+,,,321,,,,,2026-01-01T00:00:00,2026-01-31T00:00:00,,,
,,2026-01-15T00:00:00,Acute Food Insecurity Analysis,Marsabit,,fcs,FCS Phase 3,NDMA,Food Consumption Score,64,R1+,,,321,,,,,2026-01-01T00:00:00,2026-01-31T00:00:00,,,
,,2026-01-15T00:00:00,Acute Food Insecurity Analysis,Marsabit,,fcs,FCS Phase 4-5,NDMA,Food Consumption Score,19,R1+,,,321,,,,,2026-01-01T00:00:00,2026-01-31T00:00:00,,,
,,2026-01-15T00:00:00,Acute Food Insecurity Analysis,Marsabit,,rcsi,RCSI Phase 1,NDMA,Reduced Coping Strategies Index,5,R1+,,,321,,,,,2026-01-01T00:00:00,2026-01-31T00:00:00,,,
,,2026-01-15T00:00:00,Acute Food Insecurity Analysis,Marsabit,,rcsi,RCSI Phase 2,NDMA,Reduced Coping Strategies Index,52,R1+,,,321,,,,,2026-01-01T00:00:00,2026-01-31T00:00:00,,,
,,2026-01-15T00:00:00,Acute Food Insecurity Analysis,Marsabit,,rcsi,RCSI Phase 3+,NDMA,Reduced Coping Strategies Index,43,R1+,,,321,,,,,2026-01-01T00:00:00,2026-01-31T00:00:00,,,
,,2026-01-15T00:00:00,Acute Food Insecurity Analysis,Marsabit,,lcs,LCS Phase 1,NDMA,Livelihood Coping Strategy,30,R1+,,,321,,,,,2026-01-01T00:00:00,2026-01-31T00:00:00,,,
,,2026-01-15T00:00:00,Acute Food Insecurity Analysis,Marsabit,,lcs,LCS Phase 2,NDMA,Livelihood Coping Strategy,20,R1+,,,321,,,,,2026-01-01T00:00:00,2026-01-31T00:00:00,,,
,,2026-01-15T00:00:00,Acute Food Insecurity Analysis,Marsabit,,lcs,LCS Phase 3,NDMA,Livelihood Coping Strategy,33,R1+,,,321,,,,,2026-01-01T00:00:00,2026-01-31T00:00:00,,,
,,2026-01-15T00:00:00,Acute Food Insecurity Analysis,Marsabit,,lcs,LCS Phase 4-5,NDMA,Livelihood Coping Strategy,17,R1+,,,321,,,,,2026-01-01T00:00:00,2026-01-31T00:00:00,,,
,,2026-06-15T00:00:00,Acute Food Insecurity Analysis,Marsabit,,fcs,FCS Phase 1-2,NDMA,Food Consumption Score,23,R1+,,,325,,,,,2026-06-01T00:00:00,2026-06-30T00:00:00,,,
,,2026-06-15T00:00:00,Acute Food Insecurity Analysis,Marsabit,,fcs,FCS Phase 3,NDMA,Food Consumption Score,71,R1+,,,325,,,,,2026-06-01T00:00:00,2026-06-30T00:00:00,,,
,,2026-06-15T00:00:00,Acute Food Insecurity Analysis,Marsabit,,fcs,FCS Phase 4-5,NDMA,Food Consumption Score,6,R1+,,,325,,,,,2026-06-01T00:00:00,2026-06-30T00:00:00,,,
,,2026-06-15T00:00:00,Acute Food Insecurity Analysis,Marsabit,,rcsi,RCSI Phase 1,NDMA,Reduced Coping Strategies Index,9,R1+,,,325,,,,,2026-06-01T00:00:00,2026-06-30T00:00:00,,,
,,2026-06-15T00:00:00,Acute Food Insecurity Analysis,Marsabit,,rcsi,RCSI Phase 2,NDMA,Reduced Coping Strategies Index,58,R1+,,,325,,,,,2026-06-01T00:00:00,2026-06-30T00:00:00,,,
,,2026-06-15T00:00:00,Acute Food Insecurity Analysis,Marsabit,,rcsi,RCSI Phase 3+,NDMA,Reduced Coping Strategies Index,33,R1+,,,325,,,,,2026-06-01T00:00:00,2026-06-30T00:00:00,,,
,,2026-06-15T00:00:00,Acute Food Insecurity Analysis,Marsabit,,lcs,LCS Phase 1,NDMA,Livelihood Coping Strategy,30,R1+,,,325,,,,,2026-06-01T00:00:00,2026-06-30T00:00:00,,,
,,2026-06-15T00:00:00,Acute Food Insecurity Analysis,Marsabit,,lcs,LCS Phase 2,NDMA,Livelihood Coping Strategy,25,R1+,,,325,,,,,2026-06-01T00:00:00,2026-06-30T00:00:00,,,
,,2026-06-15T00:00:00,Acute Food Insecurity Analysis,Marsabit,,lcs,LCS Phase 3,NDMA,Livelihood Coping Strategy,34,R1+,,,325,,,,,2026-06-01T00:00:00,2026-06-30T00:00:00,,,
,,2026-06-15T00:00:00,Acute Food Insecurity Analysis,Marsabit,,lcs,LCS Phase 4-5,NDMA,Livelihood Coping Strategy,10,R1+,,,325,,,,,2026-06-01T00:00:00,2026-06-30T00:00:00,,,
,,2026-03-15T00:00:00,Acute Food Insecurity Analysis,Marsabit,,fcs,FCS Phase 1-2,NDMA,Food Consumption Score,24,R1+,,,326,,,,,2026-03-01T00:00:00,2026-03-31T00:00:00,,,
,,2026-03-15T00:00:00,Acute Food Insecurity Analysis,Marsabit,,fcs,FCS Phase 3,NDMA,Food Consumption Score,67,R1+,,,326,,,,,2026-03-01T00:00:00,2026-03-31T00:00:00,,,
,,2026-03-15T00:00:00,Acute Food Insecurity Analysis,Marsabit,,fcs,FCS Phase 4-5,NDMA,Food Consumption Score,9,R1+,,,326,,,,,2026-03-01T00:00:00,2026-03-31T00:00:00,,,
,,2026-03-15T00:00:00,Acute Food Insecurity Analysis,Marsabit,,rcsi,RCSI Phase 1,NDMA,Reduced Coping Strategies Index,10,R1+,,,326,,,,,2026-03-01T00:00:00,2026-03-31T00:00:00,,,
,,2026-03-15T00:00:00,Acute Food Insecurity Analysis,Marsabit,,rcsi,RCSI Phase 2,NDMA,Reduced Coping Strategies Index,51,R1+,,,326,,,,,2026-03-01T00:00:00,2026-03-31T00:00:00,,,
,,2026-03-15T00:00:00,Acute Food Insecurity Analysis,Marsabit,,rcsi,RCSI Phase 3+,NDMA,Reduced Coping Strategies Index,39,R1+,,,326,,,,,2026-03-01T00:00:00,2026-03-31T00:00:00,,,
,,2026-03-15T00:00:00,Acute Food Insecurity Analysis,Marsabit,,lcs,LCS Phase 1,NDMA,Livelihood Coping Strategy,31,R1+,,,326,,,,,2026-03-01T00:00:00,2026-03-31T00:00:00,,,
,,2026-03-15T00:00:00,Acute Food Insecurity Analysis,Marsabit,,lcs,LCS Phase 2,NDMA,Livelihood Coping Strategy,21,R1+,,,326,,,,,2026-03-01T00:00:00,2026-03-31T00:00:00,,,
,,2026-03-15T00:00:00,Acute Food Insecurity Analysis,Marsabit,,lcs,LCS Phase 3,NDMA,Livelihood Coping Strategy,34,R1+,,,326,,,,,2026-03-01T00:00:00,2026-03-31T00:00:00,,,
,,2026-03-15T00:00:00,Acute Food Insecurity Analysis,Marsabit,,lcs,LCS Phase 4-5,NDMA,Livelihood Coping Strategy,13,R1+,,,326,,,,,2026-03-01T00:00:00,2026-03-31T00:00:00,,,
,,2026-05-15T00:00:00,Acute Food Insecurity Analysis,Marsabit,,fcs,FCS Phase 1-2,NDMA,Food Consumption Score,29,R1+,,,331,,,,,2026-05-01T00:00:00,2026-05-31T00:00:00,,,
,,2026-05-15T00:00:00,Acute Food Insecurity Analysis,Marsabit,,fcs,FCS Phase 3,NDMA,Food Consumption Score,58,R1+,,,331,,,,,2026-05-01T00:00:00,2026-05-31T00:00:00,,,
,,2026-05-15T00:00:00,Acute Food Insecurity Analysis,Marsabit,,fcs,FCS Phase 4-5,NDMA,Food Consumption Score,13,R1+,,,331,,,,,2026-05-01T00:00:00,2026-05-31T00:00:00,,,
,,2026-05-15T00:00:00,Acute Food Insecurity Analysis,Marsabit,,rcsi,RCSI Phase 1,NDMA,Reduced Coping Strategies Index,11,R1+,,,331,,,,,2026-05-01T00:00:00,2026-05-31T00:00:00,,,
,,2026-05-15T00:00:00,Acute Food Insecurity Analysis,Marsabit,,rcsi,RCSI Phase 2,NDMA,Reduced Coping Strategies Index,56,R1+,,,331,,,,,2026-05-01T00:00:00,2026-05-31T00:00:00,,,
,,2026-05-15T00:00:00,Acute Food Insecurity Analysis,Marsabit,,rcsi,RCSI Phase 3+,NDMA,Reduced Coping Strategies Index,32,R1+,,,331,,,,,2026-05-01T00:00:00,2026-05-31T00:00:00,,,
,,2026-05-15T00:00:00,Acute Food Insecurity Analysis,Marsabit,,lcs,LCS Phase 1,NDMA,Livelihood Coping Strategy,31,R1+,,,331,,,,,2026-05-01T00:00:00,2026-05-31T00:00:00,,,
,,2026-05-15T00:00:00,Acute Food Insecurity Analysis,Marsabit,,lcs,LCS Phase 2,NDMA,Livelihood Coping Strategy,26,R1+,,,331,,,,,2026-05-01T00:00:00,2026-05-31T00:00:00,,,
,,2026-05-15T00:00:00,Acute Food Insecurity Analysis,Marsabit,,lcs,LCS Phase 3,NDMA,Livelihood Coping Strategy,33,R1+,,,331,,,,,2026-05-01T00:00:00,2026-05-31T00:00:00,,,
,,2026-05-15T00:00:00,Acute Food Insecurity Analysis,Marsabit,,lcs,LCS Phase 4-5,NDMA,Livelihood Coping Strategy,10,R1+,,,331,,,,,2026-05-01T00:00:00,2026-05-31T00:00:00,,,
,,2026-04-15T00:00:00,Acute Food Insecurity Analysis,Meru,,fcs,FCS Phase 1-2,NDMA,Food Consumption Score,36,R1+,,,119,,,,,2026-04-01T00:00:00,2026-04-30T00:00:00,,,
,,2026-04-15T00:00:00,Acute Food Insecurity Analysis,Meru,,fcs,FCS Phase 3,NDMA,Food Consumption Score,43,R1+,,,119,,,,,2026-04-01T00:00:00,2026-04-30T00:00:00,,,
,,2026-04-15T00:00:00,Acute Food Insecurity Analysis,Meru,,fcs,FCS Phase 4-5,NDMA,Food Consumption Score,21,R1+,,,119,,,,,2026-04-01T00:00:00,2026-04-30T00:00:00,,,
,,2026-04-15T00:00:00,Acute Food Insecurity Analysis,Meru,,rcsi,RCSI Phase 1,NDMA,Reduced Coping Strategies Index,25,R1+,,,119,,,,,2026-04-01T00:00:00,2026-04-30T00:00:00,,,
,,2026-04-15T00:00:00,Acute Food Insecurity Analysis,Meru,,rcsi,RCSI Phase 2,NDMA,Reduced Coping Strategies Index,35,R1+,,,119,,,,,2026-04-01T00:00:00,2026-04-30T00:00:00,,,
,,2026-04-15T00:00:00,Acute Food Insecurity Analysis,Meru,,rcsi,RCSI Phase 3+,NDMA,Reduced Coping Strategies Index,39,R1+,,,119,,,,,2026-04-01T00:00:00,2026-04-30T00:00:00,,,
,,2026-04-15T00:00:00,Acute Food Insecurity Analysis,Meru,,lcs,LCS Phase 1,NDMA,Livelihood Coping Strategy,67,R1+,,,119,,,,,2026-04-01T00:00:00,2026-04-30T00:00:00,,,
,,2026-04-15T00:00:00,Acute Food Insecurity Analysis,Meru,,lcs,LCS Phase 2,NDMA,Livelihood Coping Strategy,18,R1+,,,119,,,,,2026-04-01T00:00:00,2026-04-30T00:00:00,,,
,,2026-04-15T00:00:00,Acute Food Insecurity Analysis,Meru,,lcs,LCS Phase 3,NDMA,Livelihood Coping Strategy,10,R1+,,,119,,,,,2026-04-01T00:00:00,2026-04-30T00:00:00,,,
,,2026-04-15T00:00:00,Acute Food Insecurity Analysis,Meru,,lcs,LCS Phase 4-5,NDMA,Livelihood Coping Strategy,5,R1+,,,119,,,,,2026-04-01T00:00:00,2026-04-30T00:00:00,,,
,,2026-02-15T00:00:00,Acute Food Insecurity Analysis,Meru,,fcs,FCS Phase 1-2,NDMA,Food Consumption Score,24,R1+,,,118,,,,,2026-02-01T00:00:00,2026-02-28T00:00:00,,,
,,2026-02-15T00:00:00,Acute Food Insecurity Analysis,Meru,,fcs,FCS Phase 3,NDMA,Food Consumption Score,43,R1+,,,118,,,,,2026-02-01T00:00:00,2026-02-28T00:00:00,,,
,,2026-02-15T00:00:00,Acute Food Insecurity Analysis,Meru,,fcs,FCS Phase 4-5,NDMA,Food Consumption Score,33,R1+,,,118,,,,,2026-02-01T00:00:00,2026-02-28T00:00:00,,,
,,2026-02-15T00:00:00,Acute Food Insecurity Analysis,Meru,,rcsi,RCSI Phase 1,NDMA,Reduced Coping Strategies Index,6,R1+,,,118,,,,,2026-02-01T00:00:00,2026-02-28T00:00:00,,,
,,2026-02-15T00:00:00,Acute Food Insecurity Analysis,Meru,,rcsi,RCSI Phase 2,NDMA,Reduced Coping Strategies Index,45,R1+,,,118,,,,,2026-02-01T00:00:00,2026-02-28T00:00:00,,,
,,2026-02-15T00:00:00,Acute Food Insecurity Analysis,Meru,,rcsi,RCSI Phase 3+,NDMA,Reduced Coping Strategies Index,49,R1+,,,118,,,,,2026-02-01T00:00:00,2026-02-28T00:00:00,,,
,,2026-02-15T00:00:00,Acute Food Insecurity Analysis,Meru,,lcs,LCS Phase 1,NDMA,Livelihood Coping Strategy,58,R1+,,,118,,,,,2026-02-01T00:00:00,2026-02-28T00:00:00,,,
,,2026-02-15T00:00:00,Acute Food Insecurity Analysis,Meru,,lcs,LCS Phase 2,NDMA,Livelihood Coping Strategy,17,R1+,,,118,,,,,2026-02-01T00:00:00,2026-02-28T00:00:00,,,
,,2026-02-15T00:00:00,Acute Food Insecurity Analysis,Meru,,lcs,LCS Phase 3,NDMA,Livelihood Coping Strategy,18,R1+,,,118,,,,,2026-02-01T00:00:00,2026-02-28T00:00:00,,,
,,2026-02-15T00:00:00,Acute Food Insecurity Analysis,Meru,,lcs,LCS Phase 4-5,NDMA,Livelihood Coping Strategy,8,R1+,,,118,,,,,2026-02-01T00:00:00,2026-02-28T00:00:00,,,
,,2026-01-15T00:00:00,Acute Food Insecurity Analysis,Meru,,fcs,FCS Phase 1-2,NDMA,Food Consumption Score,26,R1+,,,120,,,,,2026-01-01T00:00:00,2026-01-31T00:00:00,,,
,,2026-01-15T00:00:00,Acute Food Insecurity Analysis,Meru,,fcs,FCS Phase 3,NDMA,Food Consumption Score,52,R1+,,,120,,,,,2026-01-01T00:00:00,2026-01-31T00:00:00,,,
,,2026-01-15T00:00:00,Acute Food Insecurity Analysis,Meru,,fcs,FCS Phase 4-5,NDMA,Food Consumption Score,23,R1+,,,120,,,,,2026-01-01T00:00:00,2026-01-31T00:00:00,,,
,,2026-01-15T00:00:00,Acute Food Insecurity Analysis,Meru,,rcsi,RCSI Phase 1,NDMA,Reduced Coping Strategies Index,6,R1+,,,120,,,,,2026-01-01T00:00:00,2026-01-31T00:00:00,,,
,,2026-01-15T00:00:00,Acute Food Insecurity Analysis,Meru,,rcsi,RCSI Phase 2,NDMA,Reduced Coping Strategies Index,44,R1+,,,120,,,,,2026-01-01T00:00:00,2026-01-31T00:00:00,,,
,,2026-01-15T00:00:00,Acute Food Insecurity Analysis,Meru,,rcsi,RCSI Phase 3+,NDMA,Reduced Coping Strategies Index,50,R1+,,,120,,,,,2026-01-01T00:00:00,2026-01-31T00:00:00,,,
,,2026-01-15T00:00:00,Acute Food Insecurity Analysis,Meru,,lcs,LCS Phase 1,NDMA,Livelihood Coping Strategy,70,R1+,,,120,,,,,2026-01-01T00:00:00,2026-01-31T00:00:00,,,
,,2026-01-15T00:00:00,Acute Food Insecurity Analysis,Meru,,lcs,LCS Phase 2,NDMA,Livelihood Coping Strategy,8,R1+,,,120,,,,,2026-01-01T00:00:00,2026-01-31T00:00:00,,,
,,2026-01-15T00:00:00,Acute Food Insecurity Analysis,Meru,,lcs,LCS Phase 3,NDMA,Livelihood Coping Strategy,21,R1+,,,120,,,,,2026-01-01T00:00:00,2026-01-31T00:00:00,,,
,,2026-01-15T00:00:00,Acute Food Insecurity Analysis,Meru,,lcs,LCS Phase 4-5,NDMA,Livelihood Coping Strategy,1,R1+,,,120,,,,,2026-01-01T00:00:00,2026-01-31T00:00:00,,,
,,2026-06-15T00:00:00,Acute Food Insecurity Analysis,Meru,,fcs,FCS Phase 1-2,NDMA,Food Consumption Score,40,R1+,,,120,,,,,2026-06-01T00:00:00,2026-06-30T00:00:00,,,
,,2026-06-15T00:00:00,Acute Food Insecurity Analysis,Meru,,fcs,FCS Phase 3,NDMA,Food Consumption Score,46,R1+,,,120,,,,,2026-06-01T00:00:00,2026-06-30T00:00:00,,,
,,2026-06-15T00:00:00,Acute Food Insecurity Analysis,Meru,,fcs,FCS Phase 4-5,NDMA,Food Consumption Score,14,R1+,,,120,,,,,2026-06-01T00:00:00,2026-06-30T00:00:00,,,
,,2026-06-15T00:00:00,Acute Food Insecurity Analysis,Meru,,rcsi,RCSI Phase 1,NDMA,Reduced Coping Strategies Index,20,R1+,,,120,,,,,2026-06-01T00:00:00,2026-06-30T00:00:00,,,
,,2026-06-15T00:00:00,Acute Food Insecurity Analysis,Meru,,rcsi,RCSI Phase 2,NDMA,Reduced Coping Strategies Index,49,R1+,,,120,,,,,2026-06-01T00:00:00,2026-06-30T00:00:00,,,
,,2026-06-15T00:00:00,Acute Food Insecurity Analysis,Meru,,rcsi,RCSI Phase 3+,NDMA,Reduced Coping Strategies Index,31,R1+,,,120,,,,,2026-06-01T00:00:00,2026-06-30T00:00:00,,,
,,2026-06-15T00:00:00,Acute Food Insecurity Analysis,Meru,,lcs,LCS Phase 1,NDMA,Livelihood Coping Strategy,58,R1+,,,120,,,,,2026-06-01T00:00:00,2026-06-30T00:00:00,,,
,,2026-06-15T00:00:00,Acute Food Insecurity Analysis,Meru,,lcs,LCS Phase 2,NDMA,Livelihood Coping Strategy,21,R1+,,,120,,,,,2026-06-01T00:00:00,2026-06-30T00:00:00,,,
,,2026-06-15T00:00:00,Acute Food Insecurity Analysis,Meru,,lcs,LCS Phase 3,NDMA,Livelihood Coping Strategy,19,R1+,,,120,,,,,2026-06-01T00:00:00,2026-06-30T00:00:00,,,
,,2026-06-15T00:00:00,Acute Food Insecurity Analysis,Meru,,lcs,LCS Phase 4-5,NDMA,Livelihood Coping Strategy,2,R1+,,,120,,,,,2026-06-01T00:00:00,2026-06-30T00:00:00,,,
,,2026-03-15T00:00:00,Acute Food Insecurity Analysis,Meru,,fcs,FCS Phase 1-2,NDMA,Food Consumption Score,27,R1+,,,120,,,,,2026-03-01T00:00:00,2026-03-31T00:00:00,,,
,,2026-03-15T00:00:00,Acute Food Insecurity Analysis,Meru,,fcs,FCS Phase 3,NDMA,Food Consumption Score,39,R1+,,,120,,,,,2026-03-01T00:00:00,2026-03-31T00:00:00,,,
,,2026-03-15T00:00:00,Acute Food Insecurity Analysis,Meru,,fcs,FCS Phase 4-5,NDMA,Food Consumption Score,34,R1+,,,120,,,,,2026-03-01T00:00:00,2026-03-31T00:00:00,,,
,,2026-03-15T00:00:00,Acute Food Insecurity Analysis,Meru,,rcsi,RCSI Phase 1,NDMA,Reduced Coping Strategies Index,28,R1+,,,120,,,,,2026-03-01T00:00:00,2026-03-31T00:00:00,,,
,,2026-03-15T00:00:00,Acute Food Insecurity Analysis,Meru,,rcsi,RCSI Phase 2,NDMA,Reduced Coping Strategies Index,29,R1+,,,120,,,,,2026-03-01T00:00:00,2026-03-31T00:00:00,,,
,,2026-03-15T00:00:00,Acute Food Insecurity Analysis,Meru,,rcsi,RCSI Phase 3+,NDMA,Reduced Coping Strategies Index,43,R1+,,,120,,,,,2026-03-01T00:00:00,2026-03-31T00:00:00,,,
,,2026-03-15T00:00:00,Acute Food Insecurity Analysis,Meru,,lcs,LCS Phase 1,NDMA,Livelihood Coping Strategy,62,R1+,,,120,,,,,2026-03-01T00:00:00,2026-03-31T00:00:00,,,
,,2026-03-15T00:00:00,Acute Food Insecurity Analysis,Meru,,lcs,LCS Phase 2,NDMA,Livelihood Coping Strategy,13,R1+,,,120,,,,,2026-03-01T00:00:00,2026-03-31T00:00:00,,,
,,2026-03-15T00:00:00,Acute Food Insecurity Analysis,Meru,,lcs,LCS Phase 3,NDMA,Livelihood Coping Strategy,21,R1+,,,120,,,,,2026-03-01T00:00:00,2026-03-31T00:00:00,,,
,,2026-03-15T00:00:00,Acute Food Insecurity Analysis,Meru,,lcs,LCS Phase 4-5,NDMA,Livelihood Coping Strategy,4,R1+,,,120,,,,,2026-03-01T00:00:00,2026-03-31T00:00:00,,,
,,2026-05-15T00:00:00,Acute Food Insecurity Analysis,Meru,,fcs,FCS Phase 1-2,NDMA,Food Consumption Score,36,R1+,,,114,,,,,2026-05-01T00:00:00,2026-05-31T00:00:00,,,
,,2026-05-15T00:00:00,Acute Food Insecurity Analysis,Meru,,fcs,FCS Phase 3,NDMA,Food Consumption Score,43,R1+,,,114,,,,,2026-05-01T00:00:00,2026-05-31T00:00:00,,,
,,2026-05-15T00:00:00,Acute Food Insecurity Analysis,Meru,,fcs,FCS Phase 4-5,NDMA,Food Consumption Score,21,R1+,,,114,,,,,2026-05-01T00:00:00,2026-05-31T00:00:00,,,
,,2026-05-15T00:00:00,Acute Food Insecurity Analysis,Meru,,rcsi,RCSI Phase 1,NDMA,Reduced Coping Strategies Index,25,R1+,,,114,,,,,2026-05-01T00:00:00,2026-05-31T00:00:00,,,
,,2026-05-15T00:00:00,Acute Food Insecurity Analysis,Meru,,rcsi,RCSI Phase 2,NDMA,Reduced Coping Strategies Index,52,R1+,,,114,,,,,2026-05-01T00:00:00,2026-05-31T00:00:00,,,
,,2026-05-15T00:00:00,Acute Food Insecurity Analysis,Meru,,rcsi,RCSI Phase 3+,NDMA,Reduced Coping Strategies Index,24,R1+,,,114,,,,,2026-05-01T00:00:00,2026-05-31T00:00:00,,,
,,2026-05-15T00:00:00,Acute Food Insecurity Analysis,Meru,,lcs,LCS Phase 1,NDMA,Livelihood Coping Strategy,78,R1+,,,114,,,,,2026-05-01T00:00:00,2026-05-31T00:00:00,,,
,,2026-05-15T00:00:00,Acute Food Insecurity Analysis,Meru,,lcs,LCS Phase 2,NDMA,Livelihood Coping Strategy,18,R1+,,,114,,,,,2026-05-01T00:00:00,2026-05-31T00:00:00,,,
,,2026-05-15T00:00:00,Acute Food Insecurity Analysis,Meru,,lcs,LCS Phase 3,NDMA,Livelihood Coping Strategy,3,R1+,,,114,,,,,2026-05-01T00:00:00,2026-05-31T00:00:00,,,
,,2026-05-15T00:00:00,Acute Food Insecurity Analysis,Meru,,lcs,LCS Phase 4-5,NDMA,Livelihood Coping Strategy,1,R1+,,,114,,,,,2026-05-01T00:00:00,2026-05-31T00:00:00,,,
,,2026-04-15T00:00:00,Acute Food Insecurity Analysis,Narok,,fcs,FCS Phase 1-2,NDMA,Food Consumption Score,100,R1+,,,175,,,,,2026-04-01T00:00:00,2026-04-30T00:00:00,,,
,,2026-04-15T00:00:00,Acute Food Insecurity Analysis,Narok,,fcs,FCS Phase 3,NDMA,Food Consumption Score,0,R1+,,,175,,,,,2026-04-01T00:00:00,2026-04-30T00:00:00,,,
,,2026-04-15T00:00:00,Acute Food Insecurity Analysis,Narok,,fcs,FCS Phase 4-5,NDMA,Food Consumption Score,0,R1+,,,175,,,,,2026-04-01T00:00:00,2026-04-30T00:00:00,,,
,,2026-04-15T00:00:00,Acute Food Insecurity Analysis,Narok,,rcsi,RCSI Phase 1,NDMA,Reduced Coping Strategies Index,63,R1+,,,175,,,,,2026-04-01T00:00:00,2026-04-30T00:00:00,,,
,,2026-04-15T00:00:00,Acute Food Insecurity Analysis,Narok,,rcsi,RCSI Phase 2,NDMA,Reduced Coping Strategies Index,29,R1+,,,175,,,,,2026-04-01T00:00:00,2026-04-30T00:00:00,,,
,,2026-04-15T00:00:00,Acute Food Insecurity Analysis,Narok,,rcsi,RCSI Phase 3+,NDMA,Reduced Coping Strategies Index,8,R1+,,,175,,,,,2026-04-01T00:00:00,2026-04-30T00:00:00,,,
,,2026-04-15T00:00:00,Acute Food Insecurity Analysis,Narok,,lcs,LCS Phase 1,NDMA,Livelihood Coping Strategy,100,R1+,,,175,,,,,2026-04-01T00:00:00,2026-04-30T00:00:00,,,
,,2026-04-15T00:00:00,Acute Food Insecurity Analysis,Narok,,lcs,LCS Phase 2,NDMA,Livelihood Coping Strategy,0,R1+,,,175,,,,,2026-04-01T00:00:00,2026-04-30T00:00:00,,,
,,2026-04-15T00:00:00,Acute Food Insecurity Analysis,Narok,,lcs,LCS Phase 3,NDMA,Livelihood Coping Strategy,0,R1+,,,175,,,,,2026-04-01T00:00:00,2026-04-30T00:00:00,,,
,,2026-04-15T00:00:00,Acute Food Insecurity Analysis,Narok,,lcs,LCS Phase 4-5,NDMA,Livelihood Coping Strategy,0,R1+,,,175,,,,,2026-04-01T00:00:00,2026-04-30T00:00:00,,,
,,2026-02-15T00:00:00,Acute Food Insecurity Analysis,Narok,,fcs,FCS Phase 1-2,NDMA,Food Consumption Score,97,R1+,,,179,,,,,2026-02-01T00:00:00,2026-02-28T00:00:00,,,
,,2026-02-15T00:00:00,Acute Food Insecurity Analysis,Narok,,fcs,FCS Phase 3,NDMA,Food Consumption Score,2,R1+,,,179,,,,,2026-02-01T00:00:00,2026-02-28T00:00:00,,,
,,2026-02-15T00:00:00,Acute Food Insecurity Analysis,Narok,,fcs,FCS Phase 4-5,NDMA,Food Consumption Score,2,R1+,,,179,,,,,2026-02-01T00:00:00,2026-02-28T00:00:00,,,
,,2026-02-15T00:00:00,Acute Food Insecurity Analysis,Narok,,rcsi,RCSI Phase 1,NDMA,Reduced Coping Strategies Index,58,R1+,,,179,,,,,2026-02-01T00:00:00,2026-02-28T00:00:00,,,
,,2026-02-15T00:00:00,Acute Food Insecurity Analysis,Narok,,rcsi,RCSI Phase 2,NDMA,Reduced Coping Strategies Index,34,R1+,,,179,,,,,2026-02-01T00:00:00,2026-02-28T00:00:00,,,
,,2026-02-15T00:00:00,Acute Food Insecurity Analysis,Narok,,rcsi,RCSI Phase 3+,NDMA,Reduced Coping Strategies Index,8,R1+,,,179,,,,,2026-02-01T00:00:00,2026-02-28T00:00:00,,,
,,2026-02-15T00:00:00,Acute Food Insecurity Analysis,Narok,,lcs,LCS Phase 1,NDMA,Livelihood Coping Strategy,100,R1+,,,179,,,,,2026-02-01T00:00:00,2026-02-28T00:00:00,,,
,,2026-02-15T00:00:00,Acute Food Insecurity Analysis,Narok,,lcs,LCS Phase 2,NDMA,Livelihood Coping Strategy,0,R1+,,,179,,,,,2026-02-01T00:00:00,2026-02-28T00:00:00,,,
,,2026-02-15T00:00:00,Acute Food Insecurity Analysis,Narok,,lcs,LCS Phase 3,NDMA,Livelihood Coping Strategy,0,R1+,,,179,,,,,2026-02-01T00:00:00,2026-02-28T00:00:00,,,
,,2026-02-15T00:00:00,Acute Food Insecurity Analysis,Narok,,lcs,LCS Phase 4-5,NDMA,Livelihood Coping Strategy,0,R1+,,,179,,,,,2026-02-01T00:00:00,2026-02-28T00:00:00,,,
,,2026-01-15T00:00:00,Acute Food Insecurity Analysis,Narok,,fcs,FCS Phase 1-2,NDMA,Food Consumption Score,96,R1+,,,176,,,,,2026-01-01T00:00:00,2026-01-31T00:00:00,,,
,,2026-01-15T00:00:00,Acute Food Insecurity Analysis,Narok,,fcs,FCS Phase 3,NDMA,Food Consumption Score,1,R1+,,,176,,,,,2026-01-01T00:00:00,2026-01-31T00:00:00,,,
,,2026-01-15T00:00:00,Acute Food Insecurity Analysis,Narok,,fcs,FCS Phase 4-5,NDMA,Food Consumption Score,3,R1+,,,176,,,,,2026-01-01T00:00:00,2026-01-31T00:00:00,,,
,,2026-01-15T00:00:00,Acute Food Insecurity Analysis,Narok,,rcsi,RCSI Phase 1,NDMA,Reduced Coping Strategies Index,55,R1+,,,176,,,,,2026-01-01T00:00:00,2026-01-31T00:00:00,,,
,,2026-01-15T00:00:00,Acute Food Insecurity Analysis,Narok,,rcsi,RCSI Phase 2,NDMA,Reduced Coping Strategies Index,38,R1+,,,176,,,,,2026-01-01T00:00:00,2026-01-31T00:00:00,,,
,,2026-01-15T00:00:00,Acute Food Insecurity Analysis,Narok,,rcsi,RCSI Phase 3+,NDMA,Reduced Coping Strategies Index,7,R1+,,,176,,,,,2026-01-01T00:00:00,2026-01-31T00:00:00,,,
,,2026-01-15T00:00:00,Acute Food Insecurity Analysis,Narok,,lcs,LCS Phase 1,NDMA,Livelihood Coping Strategy,100,R1+,,,176,,,,,2026-01-01T00:00:00,2026-01-31T00:00:00,,,
,,2026-01-15T00:00:00,Acute Food Insecurity Analysis,Narok,,lcs,LCS Phase 2,NDMA,Livelihood Coping Strategy,0,R1+,,,176,,,,,2026-01-01T00:00:00,2026-01-31T00:00:00,,,
,,2026-01-15T00:00:00,Acute Food Insecurity Analysis,Narok,,lcs,LCS Phase 3,NDMA,Livelihood Coping Strategy,0,R1+,,,176,,,,,2026-01-01T00:00:00,2026-01-31T00:00:00,,,
,,2026-01-15T00:00:00,Acute Food Insecurity Analysis,Narok,,lcs,LCS Phase 4-5,NDMA,Livelihood Coping Strategy,0,R1+,,,176,,,,,2026-01-01T00:00:00,2026-01-31T00:00:00,,,
,,2026-06-15T00:00:00,Acute Food Insecurity Analysis,Narok,,fcs,FCS Phase 1-2,NDMA,Food Consumption Score,100,R1+,,,172,,,,,2026-06-01T00:00:00,2026-06-30T00:00:00,,,
,,2026-06-15T00:00:00,Acute Food Insecurity Analysis,Narok,,fcs,FCS Phase 3,NDMA,Food Consumption Score,0,R1+,,,172,,,,,2026-06-01T00:00:00,2026-06-30T00:00:00,,,
,,2026-06-15T00:00:00,Acute Food Insecurity Analysis,Narok,,fcs,FCS Phase 4-5,NDMA,Food Consumption Score,0,R1+,,,172,,,,,2026-06-01T00:00:00,2026-06-30T00:00:00,,,
,,2026-06-15T00:00:00,Acute Food Insecurity Analysis,Narok,,rcsi,RCSI Phase 1,NDMA,Reduced Coping Strategies Index,66,R1+,,,172,,,,,2026-06-01T00:00:00,2026-06-30T00:00:00,,,
,,2026-06-15T00:00:00,Acute Food Insecurity Analysis,Narok,,rcsi,RCSI Phase 2,NDMA,Reduced Coping Strategies Index,29,R1+,,,172,,,,,2026-06-01T00:00:00,2026-06-30T00:00:00,,,
,,2026-06-15T00:00:00,Acute Food Insecurity Analysis,Narok,,rcsi,RCSI Phase 3+,NDMA,Reduced Coping Strategies Index,5,R1+,,,172,,,,,2026-06-01T00:00:00,2026-06-30T00:00:00,,,
,,2026-06-15T00:00:00,Acute Food Insecurity Analysis,Narok,,lcs,LCS Phase 1,NDMA,Livelihood Coping Strategy,100,R1+,,,172,,,,,2026-06-01T00:00:00,2026-06-30T00:00:00,,,
,,2026-06-15T00:00:00,Acute Food Insecurity Analysis,Narok,,lcs,LCS Phase 2,NDMA,Livelihood Coping Strategy,0,R1+,,,172,,,,,2026-06-01T00:00:00,2026-06-30T00:00:00,,,
,,2026-06-15T00:00:00,Acute Food Insecurity Analysis,Narok,,lcs,LCS Phase 3,NDMA,Livelihood Coping Strategy,0,R1+,,,172,,,,,2026-06-01T00:00:00,2026-06-30T00:00:00,,,
,,2026-06-15T00:00:00,Acute Food Insecurity Analysis,Narok,,lcs,LCS Phase 4-5,NDMA,Livelihood Coping Strategy,0,R1+,,,172,,,,,2026-06-01T00:00:00,2026-06-30T00:00:00,,,
,,2026-03-15T00:00:00,Acute Food Insecurity Analysis,Narok,,fcs,FCS Phase 1-2,NDMA,Food Consumption Score,99,R1+,,,180,,,,,2026-03-01T00:00:00,2026-03-31T00:00:00,,,
,,2026-03-15T00:00:00,Acute Food Insecurity Analysis,Narok,,fcs,FCS Phase 3,NDMA,Food Consumption Score,1,R1+,,,180,,,,,2026-03-01T00:00:00,2026-03-31T00:00:00,,,
,,2026-03-15T00:00:00,Acute Food Insecurity Analysis,Narok,,fcs,FCS Phase 4-5,NDMA,Food Consumption Score,0,R1+,,,180,,,,,2026-03-01T00:00:00,2026-03-31T00:00:00,,,
,,2026-03-15T00:00:00,Acute Food Insecurity Analysis,Narok,,rcsi,RCSI Phase 1,NDMA,Reduced Coping Strategies Index,62,R1+,,,180,,,,,2026-03-01T00:00:00,2026-03-31T00:00:00,,,
,,2026-03-15T00:00:00,Acute Food Insecurity Analysis,Narok,,rcsi,RCSI Phase 2,NDMA,Reduced Coping Strategies Index,29,R1+,,,180,,,,,2026-03-01T00:00:00,2026-03-31T00:00:00,,,
,,2026-03-15T00:00:00,Acute Food Insecurity Analysis,Narok,,rcsi,RCSI Phase 3+,NDMA,Reduced Coping Strategies Index,9,R1+,,,180,,,,,2026-03-01T00:00:00,2026-03-31T00:00:00,,,
,,2026-03-15T00:00:00,Acute Food Insecurity Analysis,Narok,,lcs,LCS Phase 1,NDMA,Livelihood Coping Strategy,100,R1+,,,180,,,,,2026-03-01T00:00:00,2026-03-31T00:00:00,,,
,,2026-03-15T00:00:00,Acute Food Insecurity Analysis,Narok,,lcs,LCS Phase 2,NDMA,Livelihood Coping Strategy,0,R1+,,,180,,,,,2026-03-01T00:00:00,2026-03-31T00:00:00,,,
,,2026-03-15T00:00:00,Acute Food Insecurity Analysis,Narok,,lcs,LCS Phase 3,NDMA,Livelihood Coping Strategy,0,R1+,,,180,,,,,2026-03-01T00:00:00,2026-03-31T00:00:00,,,
,,2026-03-15T00:00:00,Acute Food Insecurity Analysis,Narok,,lcs,LCS Phase 4-5,NDMA,Livelihood Coping Strategy,0,R1+,,,180,,,,,2026-03-01T00:00:00,2026-03-31T00:00:00,,,
,,2026-05-15T00:00:00,Acute Food Insecurity Analysis,Narok,,fcs,FCS Phase 1-2,NDMA,Food Consumption Score,99,R1+,,,177,,,,,2026-05-01T00:00:00,2026-05-31T00:00:00,,,
,,2026-05-15T00:00:00,Acute Food Insecurity Analysis,Narok,,fcs,FCS Phase 3,NDMA,Food Consumption Score,1,R1+,,,177,,,,,2026-05-01T00:00:00,2026-05-31T00:00:00,,,
,,2026-05-15T00:00:00,Acute Food Insecurity Analysis,Narok,,fcs,FCS Phase 4-5,NDMA,Food Consumption Score,0,R1+,,,177,,,,,2026-05-01T00:00:00,2026-05-31T00:00:00,,,
,,2026-05-15T00:00:00,Acute Food Insecurity Analysis,Narok,,rcsi,RCSI Phase 1,NDMA,Reduced Coping Strategies Index,66,R1+,,,177,,,,,2026-05-01T00:00:00,2026-05-31T00:00:00,,,
,,2026-05-15T00:00:00,Acute Food Insecurity Analysis,Narok,,rcsi,RCSI Phase 2,NDMA,Reduced Coping Strategies Index,28,R1+,,,177,,,,,2026-05-01T00:00:00,2026-05-31T00:00:00,,,
,,2026-05-15T00:00:00,Acute Food Insecurity Analysis,Narok,,rcsi,RCSI Phase 3+,NDMA,Reduced Coping Strategies Index,7,R1+,,,177,,,,,2026-05-01T00:00:00,2026-05-31T00:00:00,,,
,,2026-05-15T00:00:00,Acute Food Insecurity Analysis,Narok,,lcs,LCS Phase 1,NDMA,Livelihood Coping Strategy,100,R1+,,,177,,,,,2026-05-01T00:00:00,2026-05-31T00:00:00,,,
,,2026-05-15T00:00:00,Acute Food Insecurity Analysis,Narok,,lcs,LCS Phase 2,NDMA,Livelihood Coping Strategy,0,R1+,,,177,,,,,2026-05-01T00:00:00,2026-05-31T00:00:00,,,
,,2026-05-15T00:00:00,Acute Food Insecurity Analysis,Narok,,lcs,LCS Phase 3,NDMA,Livelihood Coping Strategy,0,R1+,,,177,,,,,2026-05-01T00:00:00,2026-05-31T00:00:00,,,
,,2026-05-15T00:00:00,Acute Food Insecurity Analysis,Narok,,lcs,LCS Phase 4-5,NDMA,Livelihood Coping Strategy,0,R1+,,,177,,,,,2026-05-01T00:00:00,2026-05-31T00:00:00,,,
,,2026-04-15T00:00:00,Acute Food Insecurity Analysis,Nyeri,,fcs,FCS Phase 1-2,NDMA,Food Consumption Score,44,R1+,,,119,,,,,2026-04-01T00:00:00,2026-04-30T00:00:00,,,
,,2026-04-15T00:00:00,Acute Food Insecurity Analysis,Nyeri,,fcs,FCS Phase 3,NDMA,Food Consumption Score,56,R1+,,,119,,,,,2026-04-01T00:00:00,2026-04-30T00:00:00,,,
,,2026-04-15T00:00:00,Acute Food Insecurity Analysis,Nyeri,,fcs,FCS Phase 4-5,NDMA,Food Consumption Score,0,R1+,,,119,,,,,2026-04-01T00:00:00,2026-04-30T00:00:00,,,
,,2026-04-15T00:00:00,Acute Food Insecurity Analysis,Nyeri,,rcsi,RCSI Phase 1,NDMA,Reduced Coping Strategies Index,55,R1+,,,119,,,,,2026-04-01T00:00:00,2026-04-30T00:00:00,,,
,,2026-04-15T00:00:00,Acute Food Insecurity Analysis,Nyeri,,rcsi,RCSI Phase 2,NDMA,Reduced Coping Strategies Index,45,R1+,,,119,,,,,2026-04-01T00:00:00,2026-04-30T00:00:00,,,
,,2026-04-15T00:00:00,Acute Food Insecurity Analysis,Nyeri,,rcsi,RCSI Phase 3+,NDMA,Reduced Coping Strategies Index,1,R1+,,,119,,,,,2026-04-01T00:00:00,2026-04-30T00:00:00,,,
,,2026-04-15T00:00:00,Acute Food Insecurity Analysis,Nyeri,,lcs,LCS Phase 1,NDMA,Livelihood Coping Strategy,76,R1+,,,119,,,,,2026-04-01T00:00:00,2026-04-30T00:00:00,,,
,,2026-04-15T00:00:00,Acute Food Insecurity Analysis,Nyeri,,lcs,LCS Phase 2,NDMA,Livelihood Coping Strategy,24,R1+,,,119,,,,,2026-04-01T00:00:00,2026-04-30T00:00:00,,,
,,2026-04-15T00:00:00,Acute Food Insecurity Analysis,Nyeri,,lcs,LCS Phase 3,NDMA,Livelihood Coping Strategy,0,R1+,,,119,,,,,2026-04-01T00:00:00,2026-04-30T00:00:00,,,
,,2026-04-15T00:00:00,Acute Food Insecurity Analysis,Nyeri,,lcs,LCS Phase 4-5,NDMA,Livelihood Coping Strategy,0,R1+,,,119,,,,,2026-04-01T00:00:00,2026-04-30T00:00:00,,,
,,2026-02-15T00:00:00,Acute Food Insecurity Analysis,Nyeri,,fcs,FCS Phase 1-2,NDMA,Food Consumption Score,44,R1+,,,117,,,,,2026-02-01T00:00:00,2026-02-28T00:00:00,,,
,,2026-02-15T00:00:00,Acute Food Insecurity Analysis,Nyeri,,fcs,FCS Phase 3,NDMA,Food Consumption Score,56,R1+,,,117,,,,,2026-02-01T00:00:00,2026-02-28T00:00:00,,,
,,2026-02-15T00:00:00,Acute Food Insecurity Analysis,Nyeri,,fcs,FCS Phase 4-5,NDMA,Food Consumption Score,0,R1+,,,117,,,,,2026-02-01T00:00:00,2026-02-28T00:00:00,,,
,,2026-02-15T00:00:00,Acute Food Insecurity Analysis,Nyeri,,rcsi,RCSI Phase 1,NDMA,Reduced Coping Strategies Index,42,R1+,,,117,,,,,2026-02-01T00:00:00,2026-02-28T00:00:00,,,
,,2026-02-15T00:00:00,Acute Food Insecurity Analysis,Nyeri,,rcsi,RCSI Phase 2,NDMA,Reduced Coping Strategies Index,56,R1+,,,117,,,,,2026-02-01T00:00:00,2026-02-28T00:00:00,,,
,,2026-02-15T00:00:00,Acute Food Insecurity Analysis,Nyeri,,rcsi,RCSI Phase 3+,NDMA,Reduced Coping Strategies Index,3,R1+,,,117,,,,,2026-02-01T00:00:00,2026-02-28T00:00:00,,,
,,2026-02-15T00:00:00,Acute Food Insecurity Analysis,Nyeri,,lcs,LCS Phase 1,NDMA,Livelihood Coping Strategy,74,R1+,,,117,,,,,2026-02-01T00:00:00,2026-02-28T00:00:00,,,
,,2026-02-15T00:00:00,Acute Food Insecurity Analysis,Nyeri,,lcs,LCS Phase 2,NDMA,Livelihood Coping Strategy,26,R1+,,,117,,,,,2026-02-01T00:00:00,2026-02-28T00:00:00,,,
,,2026-02-15T00:00:00,Acute Food Insecurity Analysis,Nyeri,,lcs,LCS Phase 3,NDMA,Livelihood Coping Strategy,0,R1+,,,117,,,,,2026-02-01T00:00:00,2026-02-28T00:00:00,,,
,,2026-02-15T00:00:00,Acute Food Insecurity Analysis,Nyeri,,lcs,LCS Phase 4-5,NDMA,Livelihood Coping Strategy,0,R1+,,,117,,,,,2026-02-01T00:00:00,2026-02-28T00:00:00,,,
,,2026-01-15T00:00:00,Acute Food Insecurity Analysis,Nyeri,,fcs,FCS Phase 1-2,NDMA,Food Consumption Score,40,R1+,,,116,,,,,2026-01-01T00:00:00,2026-01-31T00:00:00,,,
,,2026-01-15T00:00:00,Acute Food Insecurity Analysis,Nyeri,,fcs,FCS Phase 3,NDMA,Food Consumption Score,60,R1+,,,116,,,,,2026-01-01T00:00:00,2026-01-31T00:00:00,,,
,,2026-01-15T00:00:00,Acute Food Insecurity Analysis,Nyeri,,fcs,FCS Phase 4-5,NDMA,Food Consumption Score,0,R1+,,,116,,,,,2026-01-01T00:00:00,2026-01-31T00:00:00,,,
,,2026-01-15T00:00:00,Acute Food Insecurity Analysis,Nyeri,,rcsi,RCSI Phase 1,NDMA,Reduced Coping Strategies Index,50,R1+,,,116,,,,,2026-01-01T00:00:00,2026-01-31T00:00:00,,,
,,2026-01-15T00:00:00,Acute Food Insecurity Analysis,Nyeri,,rcsi,RCSI Phase 2,NDMA,Reduced Coping Strategies Index,48,R1+,,,116,,,,,2026-01-01T00:00:00,2026-01-31T00:00:00,,,
,,2026-01-15T00:00:00,Acute Food Insecurity Analysis,Nyeri,,rcsi,RCSI Phase 3+,NDMA,Reduced Coping Strategies Index,2,R1+,,,116,,,,,2026-01-01T00:00:00,2026-01-31T00:00:00,,,
,,2026-01-15T00:00:00,Acute Food Insecurity Analysis,Nyeri,,lcs,LCS Phase 1,NDMA,Livelihood Coping Strategy,75,R1+,,,116,,,,,2026-01-01T00:00:00,2026-01-31T00:00:00,,,
,,2026-01-15T00:00:00,Acute Food Insecurity Analysis,Nyeri,,lcs,LCS Phase 2,NDMA,Livelihood Coping Strategy,25,R1+,,,116,,,,,2026-01-01T00:00:00,2026-01-31T00:00:00,,,
,,2026-01-15T00:00:00,Acute Food Insecurity Analysis,Nyeri,,lcs,LCS Phase 3,NDMA,Livelihood Coping Strategy,0,R1+,,,116,,,,,2026-01-01T00:00:00,2026-01-31T00:00:00,,,
,,2026-01-15T00:00:00,Acute Food Insecurity Analysis,Nyeri,,lcs,LCS Phase 4-5,NDMA,Livelihood Coping Strategy,0,R1+,,,116,,,,,2026-01-01T00:00:00,2026-01-31T00:00:00,,,
,,2026-06-15T00:00:00,Acute Food Insecurity Analysis,Nyeri,,fcs,FCS Phase 1-2,NDMA,Food Consumption Score,45,R1+,,,119,,,,,2026-06-01T00:00:00,2026-06-30T00:00:00,,,
,,2026-06-15T00:00:00,Acute Food Insecurity Analysis,Nyeri,,fcs,FCS Phase 3,NDMA,Food Consumption Score,55,R1+,,,119,,,,,2026-06-01T00:00:00,2026-06-30T00:00:00,,,
,,2026-06-15T00:00:00,Acute Food Insecurity Analysis,Nyeri,,fcs,FCS Phase 4-5,NDMA,Food Consumption Score,0,R1+,,,119,,,,,2026-06-01T00:00:00,2026-06-30T00:00:00,,,
,,2026-06-15T00:00:00,Acute Food Insecurity Analysis,Nyeri,,rcsi,RCSI Phase 1,NDMA,Reduced Coping Strategies Index,54,R1+,,,119,,,,,2026-06-01T00:00:00,2026-06-30T00:00:00,,,
,,2026-06-15T00:00:00,Acute Food Insecurity Analysis,Nyeri,,rcsi,RCSI Phase 2,NDMA,Reduced Coping Strategies Index,45,R1+,,,119,,,,,2026-06-01T00:00:00,2026-06-30T00:00:00,,,
,,2026-06-15T00:00:00,Acute Food Insecurity Analysis,Nyeri,,rcsi,RCSI Phase 3+,NDMA,Reduced Coping Strategies Index,2,R1+,,,119,,,,,2026-06-01T00:00:00,2026-06-30T00:00:00,,,
,,2026-06-15T00:00:00,Acute Food Insecurity Analysis,Nyeri,,lcs,LCS Phase 1,NDMA,Livelihood Coping Strategy,75,R1+,,,119,,,,,2026-06-01T00:00:00,2026-06-30T00:00:00,,,
,,2026-06-15T00:00:00,Acute Food Insecurity Analysis,Nyeri,,lcs,LCS Phase 2,NDMA,Livelihood Coping Strategy,25,R1+,,,119,,,,,2026-06-01T00:00:00,2026-06-30T00:00:00,,,
,,2026-06-15T00:00:00,Acute Food Insecurity Analysis,Nyeri,,lcs,LCS Phase 3,NDMA,Livelihood Coping Strategy,0,R1+,,,119,,,,,2026-06-01T00:00:00,2026-06-30T00:00:00,,,
,,2026-06-15T00:00:00,Acute Food Insecurity Analysis,Nyeri,,lcs,LCS Phase 4-5,NDMA,Livelihood Coping Strategy,0,R1+,,,119,,,,,2026-06-01T00:00:00,2026-06-30T00:00:00,,,
,,2026-03-15T00:00:00,Acute Food Insecurity Analysis,Nyeri,,fcs,FCS Phase 1-2,NDMA,Food Consumption Score,45,R1+,,,116,,,,,2026-03-01T00:00:00,2026-03-31T00:00:00,,,
,,2026-03-15T00:00:00,Acute Food Insecurity Analysis,Nyeri,,fcs,FCS Phase 3,NDMA,Food Consumption Score,55,R1+,,,116,,,,,2026-03-01T00:00:00,2026-03-31T00:00:00,,,
,,2026-03-15T00:00:00,Acute Food Insecurity Analysis,Nyeri,,fcs,FCS Phase 4-5,NDMA,Food Consumption Score,0,R1+,,,116,,,,,2026-03-01T00:00:00,2026-03-31T00:00:00,,,
,,2026-03-15T00:00:00,Acute Food Insecurity Analysis,Nyeri,,rcsi,RCSI Phase 1,NDMA,Reduced Coping Strategies Index,47,R1+,,,116,,,,,2026-03-01T00:00:00,2026-03-31T00:00:00,,,
,,2026-03-15T00:00:00,Acute Food Insecurity Analysis,Nyeri,,rcsi,RCSI Phase 2,NDMA,Reduced Coping Strategies Index,53,R1+,,,116,,,,,2026-03-01T00:00:00,2026-03-31T00:00:00,,,
,,2026-03-15T00:00:00,Acute Food Insecurity Analysis,Nyeri,,rcsi,RCSI Phase 3+,NDMA,Reduced Coping Strategies Index,0,R1+,,,116,,,,,2026-03-01T00:00:00,2026-03-31T00:00:00,,,
,,2026-03-15T00:00:00,Acute Food Insecurity Analysis,Nyeri,,lcs,LCS Phase 1,NDMA,Livelihood Coping Strategy,72,R1+,,,116,,,,,2026-03-01T00:00:00,2026-03-31T00:00:00,,,
,,2026-03-15T00:00:00,Acute Food Insecurity Analysis,Nyeri,,lcs,LCS Phase 2,NDMA,Livelihood Coping Strategy,28,R1+,,,116,,,,,2026-03-01T00:00:00,2026-03-31T00:00:00,,,
,,2026-03-15T00:00:00,Acute Food Insecurity Analysis,Nyeri,,lcs,LCS Phase 3,NDMA,Livelihood Coping Strategy,0,R1+,,,116,,,,,2026-03-01T00:00:00,2026-03-31T00:00:00,,,
,,2026-03-15T00:00:00,Acute Food Insecurity Analysis,Nyeri,,lcs,LCS Phase 4-5,NDMA,Livelihood Coping Strategy,0,R1+,,,116,,,,,2026-03-01T00:00:00,2026-03-31T00:00:00,,,
,,2026-05-15T00:00:00,Acute Food Insecurity Analysis,Nyeri,,fcs,FCS Phase 1-2,NDMA,Food Consumption Score,48,R1+,,,120,,,,,2026-05-01T00:00:00,2026-05-31T00:00:00,,,
,,2026-05-15T00:00:00,Acute Food Insecurity Analysis,Nyeri,,fcs,FCS Phase 3,NDMA,Food Consumption Score,53,R1+,,,120,,,,,2026-05-01T00:00:00,2026-05-31T00:00:00,,,
,,2026-05-15T00:00:00,Acute Food Insecurity Analysis,Nyeri,,fcs,FCS Phase 4-5,NDMA,Food Consumption Score,0,R1+,,,120,,,,,2026-05-01T00:00:00,2026-05-31T00:00:00,,,
,,2026-05-15T00:00:00,Acute Food Insecurity Analysis,Nyeri,,rcsi,RCSI Phase 1,NDMA,Reduced Coping Strategies Index,54,R1+,,,120,,,,,2026-05-01T00:00:00,2026-05-31T00:00:00,,,
,,2026-05-15T00:00:00,Acute Food Insecurity Analysis,Nyeri,,rcsi,RCSI Phase 2,NDMA,Reduced Coping Strategies Index,43,R1+,,,120,,,,,2026-05-01T00:00:00,2026-05-31T00:00:00,,,
,,2026-05-15T00:00:00,Acute Food Insecurity Analysis,Nyeri,,rcsi,RCSI Phase 3+,NDMA,Reduced Coping Strategies Index,3,R1+,,,120,,,,,2026-05-01T00:00:00,2026-05-31T00:00:00,,,
,,2026-05-15T00:00:00,Acute Food Insecurity Analysis,Nyeri,,lcs,LCS Phase 1,NDMA,Livelihood Coping Strategy,74,R1+,,,120,,,,,2026-05-01T00:00:00,2026-05-31T00:00:00,,,
,,2026-05-15T00:00:00,Acute Food Insecurity Analysis,Nyeri,,lcs,LCS Phase 2,NDMA,Livelihood Coping Strategy,25,R1+,,,120,,,,,2026-05-01T00:00:00,2026-05-31T00:00:00,,,
,,2026-05-15T00:00:00,Acute Food Insecurity Analysis,Nyeri,,lcs,LCS Phase 3,NDMA,Livelihood Coping Strategy,0,R1+,,,120,,,,,2026-05-01T00:00:00,2026-05-31T00:00:00,,,
,,2026-05-15T00:00:00,Acute Food Insecurity Analysis,Nyeri,,lcs,LCS Phase 4-5,NDMA,Livelihood Coping Strategy,1,R1+,,,120,,,,,2026-05-01T00:00:00,2026-05-31T00:00:00,,,
,,2026-04-15T00:00:00,Acute Food Insecurity Analysis,Samburu,,fcs,FCS Phase 1-2,NDMA,Food Consumption Score,60,R1+,,,173,,,,,2026-04-01T00:00:00,2026-04-30T00:00:00,,,
,,2026-04-15T00:00:00,Acute Food Insecurity Analysis,Samburu,,fcs,FCS Phase 3,NDMA,Food Consumption Score,34,R1+,,,173,,,,,2026-04-01T00:00:00,2026-04-30T00:00:00,,,
,,2026-04-15T00:00:00,Acute Food Insecurity Analysis,Samburu,,fcs,FCS Phase 4-5,NDMA,Food Consumption Score,7,R1+,,,173,,,,,2026-04-01T00:00:00,2026-04-30T00:00:00,,,
,,2026-04-15T00:00:00,Acute Food Insecurity Analysis,Samburu,,rcsi,RCSI Phase 1,NDMA,Reduced Coping Strategies Index,57,R1+,,,173,,,,,2026-04-01T00:00:00,2026-04-30T00:00:00,,,
,,2026-04-15T00:00:00,Acute Food Insecurity Analysis,Samburu,,rcsi,RCSI Phase 2,NDMA,Reduced Coping Strategies Index,18,R1+,,,173,,,,,2026-04-01T00:00:00,2026-04-30T00:00:00,,,
,,2026-04-15T00:00:00,Acute Food Insecurity Analysis,Samburu,,rcsi,RCSI Phase 3+,NDMA,Reduced Coping Strategies Index,25,R1+,,,173,,,,,2026-04-01T00:00:00,2026-04-30T00:00:00,,,
,,2026-04-15T00:00:00,Acute Food Insecurity Analysis,Samburu,,lcs,LCS Phase 1,NDMA,Livelihood Coping Strategy,86,R1+,,,173,,,,,2026-04-01T00:00:00,2026-04-30T00:00:00,,,
,,2026-04-15T00:00:00,Acute Food Insecurity Analysis,Samburu,,lcs,LCS Phase 2,NDMA,Livelihood Coping Strategy,8,R1+,,,173,,,,,2026-04-01T00:00:00,2026-04-30T00:00:00,,,
,,2026-04-15T00:00:00,Acute Food Insecurity Analysis,Samburu,,lcs,LCS Phase 3,NDMA,Livelihood Coping Strategy,2,R1+,,,173,,,,,2026-04-01T00:00:00,2026-04-30T00:00:00,,,
,,2026-04-15T00:00:00,Acute Food Insecurity Analysis,Samburu,,lcs,LCS Phase 4-5,NDMA,Livelihood Coping Strategy,5,R1+,,,173,,,,,2026-04-01T00:00:00,2026-04-30T00:00:00,,,
,,2026-02-15T00:00:00,Acute Food Insecurity Analysis,Samburu,,fcs,FCS Phase 1-2,NDMA,Food Consumption Score,38,R1+,,,172,,,,,2026-02-01T00:00:00,2026-02-28T00:00:00,,,
,,2026-02-15T00:00:00,Acute Food Insecurity Analysis,Samburu,,fcs,FCS Phase 3,NDMA,Food Consumption Score,53,R1+,,,172,,,,,2026-02-01T00:00:00,2026-02-28T00:00:00,,,
,,2026-02-15T00:00:00,Acute Food Insecurity Analysis,Samburu,,fcs,FCS Phase 4-5,NDMA,Food Consumption Score,9,R1+,,,172,,,,,2026-02-01T00:00:00,2026-02-28T00:00:00,,,
,,2026-02-15T00:00:00,Acute Food Insecurity Analysis,Samburu,,rcsi,RCSI Phase 1,NDMA,Reduced Coping Strategies Index,51,R1+,,,172,,,,,2026-02-01T00:00:00,2026-02-28T00:00:00,,,
,,2026-02-15T00:00:00,Acute Food Insecurity Analysis,Samburu,,rcsi,RCSI Phase 2,NDMA,Reduced Coping Strategies Index,19,R1+,,,172,,,,,2026-02-01T00:00:00,2026-02-28T00:00:00,,,
,,2026-02-15T00:00:00,Acute Food Insecurity Analysis,Samburu,,rcsi,RCSI Phase 3+,NDMA,Reduced Coping Strategies Index,31,R1+,,,172,,,,,2026-02-01T00:00:00,2026-02-28T00:00:00,,,
,,2026-02-15T00:00:00,Acute Food Insecurity Analysis,Samburu,,lcs,LCS Phase 1,NDMA,Livelihood Coping Strategy,90,R1+,,,172,,,,,2026-02-01T00:00:00,2026-02-28T00:00:00,,,
,,2026-02-15T00:00:00,Acute Food Insecurity Analysis,Samburu,,lcs,LCS Phase 2,NDMA,Livelihood Coping Strategy,7,R1+,,,172,,,,,2026-02-01T00:00:00,2026-02-28T00:00:00,,,
,,2026-02-15T00:00:00,Acute Food Insecurity Analysis,Samburu,,lcs,LCS Phase 3,NDMA,Livelihood Coping Strategy,3,R1+,,,172,,,,,2026-02-01T00:00:00,2026-02-28T00:00:00,,,
,,2026-02-15T00:00:00,Acute Food Insecurity Analysis,Samburu,,lcs,LCS Phase 4-5,NDMA,Livelihood Coping Strategy,1,R1+,,,172,,,,,2026-02-01T00:00:00,2026-02-28T00:00:00,,,
,,2026-01-15T00:00:00,Acute Food Insecurity Analysis,Samburu,,fcs,FCS Phase 1-2,NDMA,Food Consumption Score,52,R1+,,,174,,,,,2026-01-01T00:00:00,2026-01-31T00:00:00,,,
,,2026-01-15T00:00:00,Acute Food Insecurity Analysis,Samburu,,fcs,FCS Phase 3,NDMA,Food Consumption Score,32,R1+,,,174,,,,,2026-01-01T00:00:00,2026-01-31T00:00:00,,,
,,2026-01-15T00:00:00,Acute Food Insecurity Analysis,Samburu,,fcs,FCS Phase 4-5,NDMA,Food Consumption Score,16,R1+,,,174,,,,,2026-01-01T00:00:00,2026-01-31T00:00:00,,,
,,2026-01-15T00:00:00,Acute Food Insecurity Analysis,Samburu,,rcsi,RCSI Phase 1,NDMA,Reduced Coping Strategies Index,48,R1+,,,174,,,,,2026-01-01T00:00:00,2026-01-31T00:00:00,,,
,,2026-01-15T00:00:00,Acute Food Insecurity Analysis,Samburu,,rcsi,RCSI Phase 2,NDMA,Reduced Coping Strategies Index,26,R1+,,,174,,,,,2026-01-01T00:00:00,2026-01-31T00:00:00,,,
,,2026-01-15T00:00:00,Acute Food Insecurity Analysis,Samburu,,rcsi,RCSI Phase 3+,NDMA,Reduced Coping Strategies Index,26,R1+,,,174,,,,,2026-01-01T00:00:00,2026-01-31T00:00:00,,,
,,2026-01-15T00:00:00,Acute Food Insecurity Analysis,Samburu,,lcs,LCS Phase 1,NDMA,Livelihood Coping Strategy,87,R1+,,,174,,,,,2026-01-01T00:00:00,2026-01-31T00:00:00,,,
,,2026-01-15T00:00:00,Acute Food Insecurity Analysis,Samburu,,lcs,LCS Phase 2,NDMA,Livelihood Coping Strategy,10,R1+,,,174,,,,,2026-01-01T00:00:00,2026-01-31T00:00:00,,,
,,2026-01-15T00:00:00,Acute Food Insecurity Analysis,Samburu,,lcs,LCS Phase 3,NDMA,Livelihood Coping Strategy,1,R1+,,,174,,,,,2026-01-01T00:00:00,2026-01-31T00:00:00,,,
,,2026-01-15T00:00:00,Acute Food Insecurity Analysis,Samburu,,lcs,LCS Phase 4-5,NDMA,Livelihood Coping Strategy,2,R1+,,,174,,,,,2026-01-01T00:00:00,2026-01-31T00:00:00,,,
,,2026-06-15T00:00:00,Acute Food Insecurity Analysis,Samburu,,fcs,FCS Phase 1-2,NDMA,Food Consumption Score,56,R1+,,,177,,,,,2026-06-01T00:00:00,2026-06-30T00:00:00,,,
,,2026-06-15T00:00:00,Acute Food Insecurity Analysis,Samburu,,fcs,FCS Phase 3,NDMA,Food Consumption Score,33,R1+,,,177,,,,,2026-06-01T00:00:00,2026-06-30T00:00:00,,,
,,2026-06-15T00:00:00,Acute Food Insecurity Analysis,Samburu,,fcs,FCS Phase 4-5,NDMA,Food Consumption Score,10,R1+,,,177,,,,,2026-06-01T00:00:00,2026-06-30T00:00:00,,,
,,2026-06-15T00:00:00,Acute Food Insecurity Analysis,Samburu,,rcsi,RCSI Phase 1,NDMA,Reduced Coping Strategies Index,51,R1+,,,177,,,,,2026-06-01T00:00:00,2026-06-30T00:00:00,,,
,,2026-06-15T00:00:00,Acute Food Insecurity Analysis,Samburu,,rcsi,RCSI Phase 2,NDMA,Reduced Coping Strategies Index,21,R1+,,,177,,,,,2026-06-01T00:00:00,2026-06-30T00:00:00,,,
,,2026-06-15T00:00:00,Acute Food Insecurity Analysis,Samburu,,rcsi,RCSI Phase 3+,NDMA,Reduced Coping Strategies Index,28,R1+,,,177,,,,,2026-06-01T00:00:00,2026-06-30T00:00:00,,,
,,2026-06-15T00:00:00,Acute Food Insecurity Analysis,Samburu,,lcs,LCS Phase 1,NDMA,Livelihood Coping Strategy,86,R1+,,,177,,,,,2026-06-01T00:00:00,2026-06-30T00:00:00,,,
,,2026-06-15T00:00:00,Acute Food Insecurity Analysis,Samburu,,lcs,LCS Phase 2,NDMA,Livelihood Coping Strategy,8,R1+,,,177,,,,,2026-06-01T00:00:00,2026-06-30T00:00:00,,,
,,2026-06-15T00:00:00,Acute Food Insecurity Analysis,Samburu,,lcs,LCS Phase 3,NDMA,Livelihood Coping Strategy,1,R1+,,,177,,,,,2026-06-01T00:00:00,2026-06-30T00:00:00,,,
,,2026-06-15T00:00:00,Acute Food Insecurity Analysis,Samburu,,lcs,LCS Phase 4-5,NDMA,Livelihood Coping Strategy,4,R1+,,,177,,,,,2026-06-01T00:00:00,2026-06-30T00:00:00,,,
,,2026-03-15T00:00:00,Acute Food Insecurity Analysis,Samburu,,fcs,FCS Phase 1-2,NDMA,Food Consumption Score,51,R1+,,,171,,,,,2026-03-01T00:00:00,2026-03-31T00:00:00,,,
,,2026-03-15T00:00:00,Acute Food Insecurity Analysis,Samburu,,fcs,FCS Phase 3,NDMA,Food Consumption Score,40,R1+,,,171,,,,,2026-03-01T00:00:00,2026-03-31T00:00:00,,,
,,2026-03-15T00:00:00,Acute Food Insecurity Analysis,Samburu,,fcs,FCS Phase 4-5,NDMA,Food Consumption Score,9,R1+,,,171,,,,,2026-03-01T00:00:00,2026-03-31T00:00:00,,,
,,2026-03-15T00:00:00,Acute Food Insecurity Analysis,Samburu,,rcsi,RCSI Phase 1,NDMA,Reduced Coping Strategies Index,54,R1+,,,171,,,,,2026-03-01T00:00:00,2026-03-31T00:00:00,,,
,,2026-03-15T00:00:00,Acute Food Insecurity Analysis,Samburu,,rcsi,RCSI Phase 2,NDMA,Reduced Coping Strategies Index,18,R1+,,,171,,,,,2026-03-01T00:00:00,2026-03-31T00:00:00,,,
,,2026-03-15T00:00:00,Acute Food Insecurity Analysis,Samburu,,rcsi,RCSI Phase 3+,NDMA,Reduced Coping Strategies Index,28,R1+,,,171,,,,,2026-03-01T00:00:00,2026-03-31T00:00:00,,,
,,2026-03-15T00:00:00,Acute Food Insecurity Analysis,Samburu,,lcs,LCS Phase 1,NDMA,Livelihood Coping Strategy,85,R1+,,,171,,,,,2026-03-01T00:00:00,2026-03-31T00:00:00,,,
,,2026-03-15T00:00:00,Acute Food Insecurity Analysis,Samburu,,lcs,LCS Phase 2,NDMA,Livelihood Coping Strategy,12,R1+,,,171,,,,,2026-03-01T00:00:00,2026-03-31T00:00:00,,,
,,2026-03-15T00:00:00,Acute Food Insecurity Analysis,Samburu,,lcs,LCS Phase 3,NDMA,Livelihood Coping Strategy,1,R1+,,,171,,,,,2026-03-01T00:00:00,2026-03-31T00:00:00,,,
,,2026-03-15T00:00:00,Acute Food Insecurity Analysis,Samburu,,lcs,LCS Phase 4-5,NDMA,Livelihood Coping Strategy,2,R1+,,,171,,,,,2026-03-01T00:00:00,2026-03-31T00:00:00,,,
,,2026-05-15T00:00:00,Acute Food Insecurity Analysis,Samburu,,fcs,FCS Phase 1-2,NDMA,Food Consumption Score,61,R1+,,,171,,,,,2026-05-01T00:00:00,2026-05-31T00:00:00,,,
,,2026-05-15T00:00:00,Acute Food Insecurity Analysis,Samburu,,fcs,FCS Phase 3,NDMA,Food Consumption Score,33,R1+,,,171,,,,,2026-05-01T00:00:00,2026-05-31T00:00:00,,,
,,2026-05-15T00:00:00,Acute Food Insecurity Analysis,Samburu,,fcs,FCS Phase 4-5,NDMA,Food Consumption Score,6,R1+,,,171,,,,,2026-05-01T00:00:00,2026-05-31T00:00:00,,,
,,2026-05-15T00:00:00,Acute Food Insecurity Analysis,Samburu,,rcsi,RCSI Phase 1,NDMA,Reduced Coping Strategies Index,53,R1+,,,171,,,,,2026-05-01T00:00:00,2026-05-31T00:00:00,,,
,,2026-05-15T00:00:00,Acute Food Insecurity Analysis,Samburu,,rcsi,RCSI Phase 2,NDMA,Reduced Coping Strategies Index,22,R1+,,,171,,,,,2026-05-01T00:00:00,2026-05-31T00:00:00,,,
,,2026-05-15T00:00:00,Acute Food Insecurity Analysis,Samburu,,rcsi,RCSI Phase 3+,NDMA,Reduced Coping Strategies Index,25,R1+,,,171,,,,,2026-05-01T00:00:00,2026-05-31T00:00:00,,,
,,2026-05-15T00:00:00,Acute Food Insecurity Analysis,Samburu,,lcs,LCS Phase 1,NDMA,Livelihood Coping Strategy,85,R1+,,,171,,,,,2026-05-01T00:00:00,2026-05-31T00:00:00,,,
,,2026-05-15T00:00:00,Acute Food Insecurity Analysis,Samburu,,lcs,LCS Phase 2,NDMA,Livelihood Coping Strategy,10,R1+,,,171,,,,,2026-05-01T00:00:00,2026-05-31T00:00:00,,,
,,2026-05-15T00:00:00,Acute Food Insecurity Analysis,Samburu,,lcs,LCS Phase 3,NDMA,Livelihood Coping Strategy,2,R1+,,,171,,,,,2026-05-01T00:00:00,2026-05-31T00:00:00,,,
,,2026-05-15T00:00:00,Acute Food Insecurity Analysis,Samburu,,lcs,LCS Phase 4-5,NDMA,Livelihood Coping Strategy,3,R1+,,,171,,,,,2026-05-01T00:00:00,2026-05-31T00:00:00,,,
,,2026-04-15T00:00:00,Acute Food Insecurity Analysis,Taita Taveta,,fcs,FCS Phase 1-2,NDMA,Food Consumption Score,75,R1+,,,210,,,,,2026-04-01T00:00:00,2026-04-30T00:00:00,,,
,,2026-04-15T00:00:00,Acute Food Insecurity Analysis,Taita Taveta,,fcs,FCS Phase 3,NDMA,Food Consumption Score,24,R1+,,,210,,,,,2026-04-01T00:00:00,2026-04-30T00:00:00,,,
,,2026-04-15T00:00:00,Acute Food Insecurity Analysis,Taita Taveta,,fcs,FCS Phase 4-5,NDMA,Food Consumption Score,0,R1+,,,210,,,,,2026-04-01T00:00:00,2026-04-30T00:00:00,,,
,,2026-04-15T00:00:00,Acute Food Insecurity Analysis,Taita Taveta,,rcsi,RCSI Phase 1,NDMA,Reduced Coping Strategies Index,82,R1+,,,210,,,,,2026-04-01T00:00:00,2026-04-30T00:00:00,,,
,,2026-04-15T00:00:00,Acute Food Insecurity Analysis,Taita Taveta,,rcsi,RCSI Phase 2,NDMA,Reduced Coping Strategies Index,18,R1+,,,210,,,,,2026-04-01T00:00:00,2026-04-30T00:00:00,,,
,,2026-04-15T00:00:00,Acute Food Insecurity Analysis,Taita Taveta,,rcsi,RCSI Phase 3+,NDMA,Reduced Coping Strategies Index,0,R1+,,,210,,,,,2026-04-01T00:00:00,2026-04-30T00:00:00,,,
,,2026-04-15T00:00:00,Acute Food Insecurity Analysis,Taita Taveta,,lcs,LCS Phase 1,NDMA,Livelihood Coping Strategy,100,R1+,,,210,,,,,2026-04-01T00:00:00,2026-04-30T00:00:00,,,
,,2026-04-15T00:00:00,Acute Food Insecurity Analysis,Taita Taveta,,lcs,LCS Phase 2,NDMA,Livelihood Coping Strategy,0,R1+,,,210,,,,,2026-04-01T00:00:00,2026-04-30T00:00:00,,,
,,2026-04-15T00:00:00,Acute Food Insecurity Analysis,Taita Taveta,,lcs,LCS Phase 3,NDMA,Livelihood Coping Strategy,0,R1+,,,210,,,,,2026-04-01T00:00:00,2026-04-30T00:00:00,,,
,,2026-04-15T00:00:00,Acute Food Insecurity Analysis,Taita Taveta,,lcs,LCS Phase 4-5,NDMA,Livelihood Coping Strategy,0,R1+,,,210,,,,,2026-04-01T00:00:00,2026-04-30T00:00:00,,,
,,2026-02-15T00:00:00,Acute Food Insecurity Analysis,Taita Taveta,,fcs,FCS Phase 1-2,NDMA,Food Consumption Score,80,R1+,,,210,,,,,2026-02-01T00:00:00,2026-02-28T00:00:00,,,
,,2026-02-15T00:00:00,Acute Food Insecurity Analysis,Taita Taveta,,fcs,FCS Phase 3,NDMA,Food Consumption Score,17,R1+,,,210,,,,,2026-02-01T00:00:00,2026-02-28T00:00:00,,,
,,2026-02-15T00:00:00,Acute Food Insecurity Analysis,Taita Taveta,,fcs,FCS Phase 4-5,NDMA,Food Consumption Score,4,R1+,,,210,,,,,2026-02-01T00:00:00,2026-02-28T00:00:00,,,
,,2026-02-15T00:00:00,Acute Food Insecurity Analysis,Taita Taveta,,rcsi,RCSI Phase 1,NDMA,Reduced Coping Strategies Index,70,R1+,,,210,,,,,2026-02-01T00:00:00,2026-02-28T00:00:00,,,
,,2026-02-15T00:00:00,Acute Food Insecurity Analysis,Taita Taveta,,rcsi,RCSI Phase 2,NDMA,Reduced Coping Strategies Index,30,R1+,,,210,,,,,2026-02-01T00:00:00,2026-02-28T00:00:00,,,
,,2026-02-15T00:00:00,Acute Food Insecurity Analysis,Taita Taveta,,rcsi,RCSI Phase 3+,NDMA,Reduced Coping Strategies Index,0,R1+,,,210,,,,,2026-02-01T00:00:00,2026-02-28T00:00:00,,,
,,2026-02-15T00:00:00,Acute Food Insecurity Analysis,Taita Taveta,,lcs,LCS Phase 1,NDMA,Livelihood Coping Strategy,100,R1+,,,210,,,,,2026-02-01T00:00:00,2026-02-28T00:00:00,,,
,,2026-02-15T00:00:00,Acute Food Insecurity Analysis,Taita Taveta,,lcs,LCS Phase 2,NDMA,Livelihood Coping Strategy,0,R1+,,,210,,,,,2026-02-01T00:00:00,2026-02-28T00:00:00,,,
,,2026-02-15T00:00:00,Acute Food Insecurity Analysis,Taita Taveta,,lcs,LCS Phase 3,NDMA,Livelihood Coping Strategy,0,R1+,,,210,,,,,2026-02-01T00:00:00,2026-02-28T00:00:00,,,
,,2026-02-15T00:00:00,Acute Food Insecurity Analysis,Taita Taveta,,lcs,LCS Phase 4-5,NDMA,Livelihood Coping Strategy,0,R1+,,,210,,,,,2026-02-01T00:00:00,2026-02-28T00:00:00,,,
,,2026-01-15T00:00:00,Acute Food Insecurity Analysis,Taita Taveta,,fcs,FCS Phase 1-2,NDMA,Food Consumption Score,78,R1+,,,210,,,,,2026-01-01T00:00:00,2026-01-31T00:00:00,,,
,,2026-01-15T00:00:00,Acute Food Insecurity Analysis,Taita Taveta,,fcs,FCS Phase 3,NDMA,Food Consumption Score,20,R1+,,,210,,,,,2026-01-01T00:00:00,2026-01-31T00:00:00,,,
,,2026-01-15T00:00:00,Acute Food Insecurity Analysis,Taita Taveta,,fcs,FCS Phase 4-5,NDMA,Food Consumption Score,2,R1+,,,210,,,,,2026-01-01T00:00:00,2026-01-31T00:00:00,,,
,,2026-01-15T00:00:00,Acute Food Insecurity Analysis,Taita Taveta,,rcsi,RCSI Phase 1,NDMA,Reduced Coping Strategies Index,72,R1+,,,210,,,,,2026-01-01T00:00:00,2026-01-31T00:00:00,,,
,,2026-01-15T00:00:00,Acute Food Insecurity Analysis,Taita Taveta,,rcsi,RCSI Phase 2,NDMA,Reduced Coping Strategies Index,27,R1+,,,210,,,,,2026-01-01T00:00:00,2026-01-31T00:00:00,,,
,,2026-01-15T00:00:00,Acute Food Insecurity Analysis,Taita Taveta,,rcsi,RCSI Phase 3+,NDMA,Reduced Coping Strategies Index,1,R1+,,,210,,,,,2026-01-01T00:00:00,2026-01-31T00:00:00,,,
,,2026-01-15T00:00:00,Acute Food Insecurity Analysis,Taita Taveta,,lcs,LCS Phase 1,NDMA,Livelihood Coping Strategy,100,R1+,,,210,,,,,2026-01-01T00:00:00,2026-01-31T00:00:00,,,
,,2026-01-15T00:00:00,Acute Food Insecurity Analysis,Taita Taveta,,lcs,LCS Phase 2,NDMA,Livelihood Coping Strategy,0,R1+,,,210,,,,,2026-01-01T00:00:00,2026-01-31T00:00:00,,,
,,2026-01-15T00:00:00,Acute Food Insecurity Analysis,Taita Taveta,,lcs,LCS Phase 3,NDMA,Livelihood Coping Strategy,0,R1+,,,210,,,,,2026-01-01T00:00:00,2026-01-31T00:00:00,,,
,,2026-01-15T00:00:00,Acute Food Insecurity Analysis,Taita Taveta,,lcs,LCS Phase 4-5,NDMA,Livelihood Coping Strategy,0,R1+,,,210,,,,,2026-01-01T00:00:00,2026-01-31T00:00:00,,,
,,2026-06-15T00:00:00,Acute Food Insecurity Analysis,Taita Taveta,,fcs,FCS Phase 1-2,NDMA,Food Consumption Score,85,R1+,,,210,,,,,2026-06-01T00:00:00,2026-06-30T00:00:00,,,
,,2026-06-15T00:00:00,Acute Food Insecurity Analysis,Taita Taveta,,fcs,FCS Phase 3,NDMA,Food Consumption Score,14,R1+,,,210,,,,,2026-06-01T00:00:00,2026-06-30T00:00:00,,,
,,2026-06-15T00:00:00,Acute Food Insecurity Analysis,Taita Taveta,,fcs,FCS Phase 4-5,NDMA,Food Consumption Score,1,R1+,,,210,,,,,2026-06-01T00:00:00,2026-06-30T00:00:00,,,
,,2026-06-15T00:00:00,Acute Food Insecurity Analysis,Taita Taveta,,rcsi,RCSI Phase 1,NDMA,Reduced Coping Strategies Index,85,R1+,,,210,,,,,2026-06-01T00:00:00,2026-06-30T00:00:00,,,
,,2026-06-15T00:00:00,Acute Food Insecurity Analysis,Taita Taveta,,rcsi,RCSI Phase 2,NDMA,Reduced Coping Strategies Index,15,R1+,,,210,,,,,2026-06-01T00:00:00,2026-06-30T00:00:00,,,
,,2026-06-15T00:00:00,Acute Food Insecurity Analysis,Taita Taveta,,rcsi,RCSI Phase 3+,NDMA,Reduced Coping Strategies Index,0,R1+,,,210,,,,,2026-06-01T00:00:00,2026-06-30T00:00:00,,,
,,2026-06-15T00:00:00,Acute Food Insecurity Analysis,Taita Taveta,,lcs,LCS Phase 1,NDMA,Livelihood Coping Strategy,100,R1+,,,210,,,,,2026-06-01T00:00:00,2026-06-30T00:00:00,,,
,,2026-06-15T00:00:00,Acute Food Insecurity Analysis,Taita Taveta,,lcs,LCS Phase 2,NDMA,Livelihood Coping Strategy,0,R1+,,,210,,,,,2026-06-01T00:00:00,2026-06-30T00:00:00,,,
,,2026-06-15T00:00:00,Acute Food Insecurity Analysis,Taita Taveta,,lcs,LCS Phase 3,NDMA,Livelihood Coping Strategy,0,R1+,,,210,,,,,2026-06-01T00:00:00,2026-06-30T00:00:00,,,
,,2026-06-15T00:00:00,Acute Food Insecurity Analysis,Taita Taveta,,lcs,LCS Phase 4-5,NDMA,Livelihood Coping Strategy,0,R1+,,,210,,,,,2026-06-01T00:00:00,2026-06-30T00:00:00,,,
,,2026-03-15T00:00:00,Acute Food Insecurity Analysis,Taita Taveta,,fcs,FCS Phase 1-2,NDMA,Food Consumption Score,76,R1+,,,210,,,,,2026-03-01T00:00:00,2026-03-31T00:00:00,,,
,,2026-03-15T00:00:00,Acute Food Insecurity Analysis,Taita Taveta,,fcs,FCS Phase 3,NDMA,Food Consumption Score,24,R1+,,,210,,,,,2026-03-01T00:00:00,2026-03-31T00:00:00,,,
,,2026-03-15T00:00:00,Acute Food Insecurity Analysis,Taita Taveta,,fcs,FCS Phase 4-5,NDMA,Food Consumption Score,0,R1+,,,210,,,,,2026-03-01T00:00:00,2026-03-31T00:00:00,,,
,,2026-03-15T00:00:00,Acute Food Insecurity Analysis,Taita Taveta,,rcsi,RCSI Phase 1,NDMA,Reduced Coping Strategies Index,83,R1+,,,210,,,,,2026-03-01T00:00:00,2026-03-31T00:00:00,,,
,,2026-03-15T00:00:00,Acute Food Insecurity Analysis,Taita Taveta,,rcsi,RCSI Phase 2,NDMA,Reduced Coping Strategies Index,17,R1+,,,210,,,,,2026-03-01T00:00:00,2026-03-31T00:00:00,,,
,,2026-03-15T00:00:00,Acute Food Insecurity Analysis,Taita Taveta,,rcsi,RCSI Phase 3+,NDMA,Reduced Coping Strategies Index,0,R1+,,,210,,,,,2026-03-01T00:00:00,2026-03-31T00:00:00,,,
,,2026-03-15T00:00:00,Acute Food Insecurity Analysis,Taita Taveta,,lcs,LCS Phase 1,NDMA,Livelihood Coping Strategy,100,R1+,,,210,,,,,2026-03-01T00:00:00,2026-03-31T00:00:00,,,
,,2026-03-15T00:00:00,Acute Food Insecurity Analysis,Taita Taveta,,lcs,LCS Phase 2,NDMA,Livelihood Coping Strategy,0,R1+,,,210,,,,,2026-03-01T00:00:00,2026-03-31T00:00:00,,,
,,2026-03-15T00:00:00,Acute Food Insecurity Analysis,Taita Taveta,,lcs,LCS Phase 3,NDMA,Livelihood Coping Strategy,0,R1+,,,210,,,,,2026-03-01T00:00:00,2026-03-31T00:00:00,,,
,,2026-03-15T00:00:00,Acute Food Insecurity Analysis,Taita Taveta,,lcs,LCS Phase 4-5,NDMA,Livelihood Coping Strategy,0,R1+,,,210,,,,,2026-03-01T00:00:00,2026-03-31T00:00:00,,,
,,2026-05-15T00:00:00,Acute Food Insecurity Analysis,Taita Taveta,,fcs,FCS Phase 1-2,NDMA,Food Consumption Score,83,R1+,,,210,,,,,2026-05-01T00:00:00,2026-05-31T00:00:00,,,
,,2026-05-15T00:00:00,Acute Food Insecurity Analysis,Taita Taveta,,fcs,FCS Phase 3,NDMA,Food Consumption Score,16,R1+,,,210,,,,,2026-05-01T00:00:00,2026-05-31T00:00:00,,,
,,2026-05-15T00:00:00,Acute Food Insecurity Analysis,Taita Taveta,,fcs,FCS Phase 4-5,NDMA,Food Consumption Score,1,R1+,,,210,,,,,2026-05-01T00:00:00,2026-05-31T00:00:00,,,
,,2026-05-15T00:00:00,Acute Food Insecurity Analysis,Taita Taveta,,rcsi,RCSI Phase 1,NDMA,Reduced Coping Strategies Index,76,R1+,,,210,,,,,2026-05-01T00:00:00,2026-05-31T00:00:00,,,
,,2026-05-15T00:00:00,Acute Food Insecurity Analysis,Taita Taveta,,rcsi,RCSI Phase 2,NDMA,Reduced Coping Strategies Index,24,R1+,,,210,,,,,2026-05-01T00:00:00,2026-05-31T00:00:00,,,
,,2026-05-15T00:00:00,Acute Food Insecurity Analysis,Taita Taveta,,rcsi,RCSI Phase 3+,NDMA,Reduced Coping Strategies Index,0,R1+,,,210,,,,,2026-05-01T00:00:00,2026-05-31T00:00:00,,,
,,2026-05-15T00:00:00,Acute Food Insecurity Analysis,Taita Taveta,,lcs,LCS Phase 1,NDMA,Livelihood Coping Strategy,100,R1+,,,210,,,,,2026-05-01T00:00:00,2026-05-31T00:00:00,,,
,,2026-05-15T00:00:00,Acute Food Insecurity Analysis,Taita Taveta,,lcs,LCS Phase 2,NDMA,Livelihood Coping Strategy,0,R1+,,,210,,,,,2026-05-01T00:00:00,2026-05-31T00:00:00,,,
,,2026-05-15T00:00:00,Acute Food Insecurity Analysis,Taita Taveta,,lcs,LCS Phase 3,NDMA,Livelihood Coping Strategy,0,R1+,,,210,,,,,2026-05-01T00:00:00,2026-05-31T00:00:00,,,
,,2026-05-15T00:00:00,Acute Food Insecurity Analysis,Taita Taveta,,lcs,LCS Phase 4-5,NDMA,Livelihood Coping Strategy,0,R1+,,,210,,,,,2026-05-01T00:00:00,2026-05-31T00:00:00,,,
,,2026-04-15T00:00:00,Acute Food Insecurity Analysis,Tana River,,fcs,FCS Phase 1-2,NDMA,Food Consumption Score,57,R1+,,,207,,,,,2026-04-01T00:00:00,2026-04-30T00:00:00,,,
,,2026-04-15T00:00:00,Acute Food Insecurity Analysis,Tana River,,fcs,FCS Phase 3,NDMA,Food Consumption Score,28,R1+,,,207,,,,,2026-04-01T00:00:00,2026-04-30T00:00:00,,,
,,2026-04-15T00:00:00,Acute Food Insecurity Analysis,Tana River,,fcs,FCS Phase 4-5,NDMA,Food Consumption Score,15,R1+,,,207,,,,,2026-04-01T00:00:00,2026-04-30T00:00:00,,,
,,2026-04-15T00:00:00,Acute Food Insecurity Analysis,Tana River,,rcsi,RCSI Phase 1,NDMA,Reduced Coping Strategies Index,16,R1+,,,207,,,,,2026-04-01T00:00:00,2026-04-30T00:00:00,,,
,,2026-04-15T00:00:00,Acute Food Insecurity Analysis,Tana River,,rcsi,RCSI Phase 2,NDMA,Reduced Coping Strategies Index,82,R1+,,,207,,,,,2026-04-01T00:00:00,2026-04-30T00:00:00,,,
,,2026-04-15T00:00:00,Acute Food Insecurity Analysis,Tana River,,rcsi,RCSI Phase 3+,NDMA,Reduced Coping Strategies Index,2,R1+,,,207,,,,,2026-04-01T00:00:00,2026-04-30T00:00:00,,,
,,2026-04-15T00:00:00,Acute Food Insecurity Analysis,Tana River,,lcs,LCS Phase 1,NDMA,Livelihood Coping Strategy,61,R1+,,,207,,,,,2026-04-01T00:00:00,2026-04-30T00:00:00,,,
,,2026-04-15T00:00:00,Acute Food Insecurity Analysis,Tana River,,lcs,LCS Phase 2,NDMA,Livelihood Coping Strategy,14,R1+,,,207,,,,,2026-04-01T00:00:00,2026-04-30T00:00:00,,,
,,2026-04-15T00:00:00,Acute Food Insecurity Analysis,Tana River,,lcs,LCS Phase 3,NDMA,Livelihood Coping Strategy,25,R1+,,,207,,,,,2026-04-01T00:00:00,2026-04-30T00:00:00,,,
,,2026-04-15T00:00:00,Acute Food Insecurity Analysis,Tana River,,lcs,LCS Phase 4-5,NDMA,Livelihood Coping Strategy,0,R1+,,,207,,,,,2026-04-01T00:00:00,2026-04-30T00:00:00,,,
,,2026-02-15T00:00:00,Acute Food Insecurity Analysis,Tana River,,fcs,FCS Phase 1-2,NDMA,Food Consumption Score,35,R1+,,,208,,,,,2026-02-01T00:00:00,2026-02-28T00:00:00,,,
,,2026-02-15T00:00:00,Acute Food Insecurity Analysis,Tana River,,fcs,FCS Phase 3,NDMA,Food Consumption Score,38,R1+,,,208,,,,,2026-02-01T00:00:00,2026-02-28T00:00:00,,,
,,2026-02-15T00:00:00,Acute Food Insecurity Analysis,Tana River,,fcs,FCS Phase 4-5,NDMA,Food Consumption Score,26,R1+,,,208,,,,,2026-02-01T00:00:00,2026-02-28T00:00:00,,,
,,2026-02-15T00:00:00,Acute Food Insecurity Analysis,Tana River,,rcsi,RCSI Phase 1,NDMA,Reduced Coping Strategies Index,17,R1+,,,208,,,,,2026-02-01T00:00:00,2026-02-28T00:00:00,,,
,,2026-02-15T00:00:00,Acute Food Insecurity Analysis,Tana River,,rcsi,RCSI Phase 2,NDMA,Reduced Coping Strategies Index,81,R1+,,,208,,,,,2026-02-01T00:00:00,2026-02-28T00:00:00,,,
,,2026-02-15T00:00:00,Acute Food Insecurity Analysis,Tana River,,rcsi,RCSI Phase 3+,NDMA,Reduced Coping Strategies Index,2,R1+,,,208,,,,,2026-02-01T00:00:00,2026-02-28T00:00:00,,,
,,2026-02-15T00:00:00,Acute Food Insecurity Analysis,Tana River,,lcs,LCS Phase 1,NDMA,Livelihood Coping Strategy,50,R1+,,,208,,,,,2026-02-01T00:00:00,2026-02-28T00:00:00,,,
,,2026-02-15T00:00:00,Acute Food Insecurity Analysis,Tana River,,lcs,LCS Phase 2,NDMA,Livelihood Coping Strategy,13,R1+,,,208,,,,,2026-02-01T00:00:00,2026-02-28T00:00:00,,,
,,2026-02-15T00:00:00,Acute Food Insecurity Analysis,Tana River,,lcs,LCS Phase 3,NDMA,Livelihood Coping Strategy,36,R1+,,,208,,,,,2026-02-01T00:00:00,2026-02-28T00:00:00,,,
,,2026-02-15T00:00:00,Acute Food Insecurity Analysis,Tana River,,lcs,LCS Phase 4-5,NDMA,Livelihood Coping Strategy,1,R1+,,,208,,,,,2026-02-01T00:00:00,2026-02-28T00:00:00,,,
,,2026-01-15T00:00:00,Acute Food Insecurity Analysis,Tana River,,fcs,FCS Phase 1-2,NDMA,Food Consumption Score,35,R1+,,,179,,,,,2026-01-01T00:00:00,2026-01-31T00:00:00,,,
,,2026-01-15T00:00:00,Acute Food Insecurity Analysis,Tana River,,fcs,FCS Phase 3,NDMA,Food Consumption Score,42,R1+,,,179,,,,,2026-01-01T00:00:00,2026-01-31T00:00:00,,,
,,2026-01-15T00:00:00,Acute Food Insecurity Analysis,Tana River,,fcs,FCS Phase 4-5,NDMA,Food Consumption Score,23,R1+,,,179,,,,,2026-01-01T00:00:00,2026-01-31T00:00:00,,,
,,2026-01-15T00:00:00,Acute Food Insecurity Analysis,Tana River,,rcsi,RCSI Phase 1,NDMA,Reduced Coping Strategies Index,25,R1+,,,179,,,,,2026-01-01T00:00:00,2026-01-31T00:00:00,,,
,,2026-01-15T00:00:00,Acute Food Insecurity Analysis,Tana River,,rcsi,RCSI Phase 2,NDMA,Reduced Coping Strategies Index,75,R1+,,,179,,,,,2026-01-01T00:00:00,2026-01-31T00:00:00,,,
,,2026-01-15T00:00:00,Acute Food Insecurity Analysis,Tana River,,rcsi,RCSI Phase 3+,NDMA,Reduced Coping Strategies Index,0,R1+,,,179,,,,,2026-01-01T00:00:00,2026-01-31T00:00:00,,,
,,2026-01-15T00:00:00,Acute Food Insecurity Analysis,Tana River,,lcs,LCS Phase 1,NDMA,Livelihood Coping Strategy,45,R1+,,,179,,,,,2026-01-01T00:00:00,2026-01-31T00:00:00,,,
,,2026-01-15T00:00:00,Acute Food Insecurity Analysis,Tana River,,lcs,LCS Phase 2,NDMA,Livelihood Coping Strategy,16,R1+,,,179,,,,,2026-01-01T00:00:00,2026-01-31T00:00:00,,,
,,2026-01-15T00:00:00,Acute Food Insecurity Analysis,Tana River,,lcs,LCS Phase 3,NDMA,Livelihood Coping Strategy,39,R1+,,,179,,,,,2026-01-01T00:00:00,2026-01-31T00:00:00,,,
,,2026-01-15T00:00:00,Acute Food Insecurity Analysis,Tana River,,lcs,LCS Phase 4-5,NDMA,Livelihood Coping Strategy,1,R1+,,,179,,,,,2026-01-01T00:00:00,2026-01-31T00:00:00,,,
,,2026-06-15T00:00:00,Acute Food Insecurity Analysis,Tana River,,fcs,FCS Phase 1-2,NDMA,Food Consumption Score,57,R1+,,,202,,,,,2026-06-01T00:00:00,2026-06-30T00:00:00,,,
,,2026-06-15T00:00:00,Acute Food Insecurity Analysis,Tana River,,fcs,FCS Phase 3,NDMA,Food Consumption Score,29,R1+,,,202,,,,,2026-06-01T00:00:00,2026-06-30T00:00:00,,,
,,2026-06-15T00:00:00,Acute Food Insecurity Analysis,Tana River,,fcs,FCS Phase 4-5,NDMA,Food Consumption Score,14,R1+,,,202,,,,,2026-06-01T00:00:00,2026-06-30T00:00:00,,,
,,2026-06-15T00:00:00,Acute Food Insecurity Analysis,Tana River,,rcsi,RCSI Phase 1,NDMA,Reduced Coping Strategies Index,17,R1+,,,202,,,,,2026-06-01T00:00:00,2026-06-30T00:00:00,,,
,,2026-06-15T00:00:00,Acute Food Insecurity Analysis,Tana River,,rcsi,RCSI Phase 2,NDMA,Reduced Coping Strategies Index,80,R1+,,,202,,,,,2026-06-01T00:00:00,2026-06-30T00:00:00,,,
,,2026-06-15T00:00:00,Acute Food Insecurity Analysis,Tana River,,rcsi,RCSI Phase 3+,NDMA,Reduced Coping Strategies Index,3,R1+,,,202,,,,,2026-06-01T00:00:00,2026-06-30T00:00:00,,,
,,2026-06-15T00:00:00,Acute Food Insecurity Analysis,Tana River,,lcs,LCS Phase 1,NDMA,Livelihood Coping Strategy,55,R1+,,,202,,,,,2026-06-01T00:00:00,2026-06-30T00:00:00,,,
,,2026-06-15T00:00:00,Acute Food Insecurity Analysis,Tana River,,lcs,LCS Phase 2,NDMA,Livelihood Coping Strategy,14,R1+,,,202,,,,,2026-06-01T00:00:00,2026-06-30T00:00:00,,,
,,2026-06-15T00:00:00,Acute Food Insecurity Analysis,Tana River,,lcs,LCS Phase 3,NDMA,Livelihood Coping Strategy,28,R1+,,,202,,,,,2026-06-01T00:00:00,2026-06-30T00:00:00,,,
,,2026-06-15T00:00:00,Acute Food Insecurity Analysis,Tana River,,lcs,LCS Phase 4-5,NDMA,Livelihood Coping Strategy,3,R1+,,,202,,,,,2026-06-01T00:00:00,2026-06-30T00:00:00,,,
,,2026-03-15T00:00:00,Acute Food Insecurity Analysis,Tana River,,fcs,FCS Phase 1-2,NDMA,Food Consumption Score,43,R1+,,,207,,,,,2026-03-01T00:00:00,2026-03-31T00:00:00,,,
,,2026-03-15T00:00:00,Acute Food Insecurity Analysis,Tana River,,fcs,FCS Phase 3,NDMA,Food Consumption Score,44,R1+,,,207,,,,,2026-03-01T00:00:00,2026-03-31T00:00:00,,,
,,2026-03-15T00:00:00,Acute Food Insecurity Analysis,Tana River,,fcs,FCS Phase 4-5,NDMA,Food Consumption Score,14,R1+,,,207,,,,,2026-03-01T00:00:00,2026-03-31T00:00:00,,,
,,2026-03-15T00:00:00,Acute Food Insecurity Analysis,Tana River,,rcsi,RCSI Phase 1,NDMA,Reduced Coping Strategies Index,12,R1+,,,207,,,,,2026-03-01T00:00:00,2026-03-31T00:00:00,,,
,,2026-03-15T00:00:00,Acute Food Insecurity Analysis,Tana River,,rcsi,RCSI Phase 2,NDMA,Reduced Coping Strategies Index,86,R1+,,,207,,,,,2026-03-01T00:00:00,2026-03-31T00:00:00,,,
,,2026-03-15T00:00:00,Acute Food Insecurity Analysis,Tana River,,rcsi,RCSI Phase 3+,NDMA,Reduced Coping Strategies Index,2,R1+,,,207,,,,,2026-03-01T00:00:00,2026-03-31T00:00:00,,,
,,2026-03-15T00:00:00,Acute Food Insecurity Analysis,Tana River,,lcs,LCS Phase 1,NDMA,Livelihood Coping Strategy,52,R1+,,,207,,,,,2026-03-01T00:00:00,2026-03-31T00:00:00,,,
,,2026-03-15T00:00:00,Acute Food Insecurity Analysis,Tana River,,lcs,LCS Phase 2,NDMA,Livelihood Coping Strategy,14,R1+,,,207,,,,,2026-03-01T00:00:00,2026-03-31T00:00:00,,,
,,2026-03-15T00:00:00,Acute Food Insecurity Analysis,Tana River,,lcs,LCS Phase 3,NDMA,Livelihood Coping Strategy,33,R1+,,,207,,,,,2026-03-01T00:00:00,2026-03-31T00:00:00,,,
,,2026-03-15T00:00:00,Acute Food Insecurity Analysis,Tana River,,lcs,LCS Phase 4-5,NDMA,Livelihood Coping Strategy,2,R1+,,,207,,,,,2026-03-01T00:00:00,2026-03-31T00:00:00,,,
,,2026-05-15T00:00:00,Acute Food Insecurity Analysis,Tana River,,fcs,FCS Phase 1-2,NDMA,Food Consumption Score,56,R1+,,,205,,,,,2026-05-01T00:00:00,2026-05-31T00:00:00,,,
,,2026-05-15T00:00:00,Acute Food Insecurity Analysis,Tana River,,fcs,FCS Phase 3,NDMA,Food Consumption Score,31,R1+,,,205,,,,,2026-05-01T00:00:00,2026-05-31T00:00:00,,,
,,2026-05-15T00:00:00,Acute Food Insecurity Analysis,Tana River,,fcs,FCS Phase 4-5,NDMA,Food Consumption Score,13,R1+,,,205,,,,,2026-05-01T00:00:00,2026-05-31T00:00:00,,,
,,2026-05-15T00:00:00,Acute Food Insecurity Analysis,Tana River,,rcsi,RCSI Phase 1,NDMA,Reduced Coping Strategies Index,18,R1+,,,205,,,,,2026-05-01T00:00:00,2026-05-31T00:00:00,,,
,,2026-05-15T00:00:00,Acute Food Insecurity Analysis,Tana River,,rcsi,RCSI Phase 2,NDMA,Reduced Coping Strategies Index,80,R1+,,,205,,,,,2026-05-01T00:00:00,2026-05-31T00:00:00,,,
,,2026-05-15T00:00:00,Acute Food Insecurity Analysis,Tana River,,rcsi,RCSI Phase 3+,NDMA,Reduced Coping Strategies Index,3,R1+,,,205,,,,,2026-05-01T00:00:00,2026-05-31T00:00:00,,,
,,2026-05-15T00:00:00,Acute Food Insecurity Analysis,Tana River,,lcs,LCS Phase 1,NDMA,Livelihood Coping Strategy,58,R1+,,,205,,,,,2026-05-01T00:00:00,2026-05-31T00:00:00,,,
,,2026-05-15T00:00:00,Acute Food Insecurity Analysis,Tana River,,lcs,LCS Phase 2,NDMA,Livelihood Coping Strategy,14,R1+,,,205,,,,,2026-05-01T00:00:00,2026-05-31T00:00:00,,,
,,2026-05-15T00:00:00,Acute Food Insecurity Analysis,Tana River,,lcs,LCS Phase 3,NDMA,Livelihood Coping Strategy,27,R1+,,,205,,,,,2026-05-01T00:00:00,2026-05-31T00:00:00,,,
,,2026-05-15T00:00:00,Acute Food Insecurity Analysis,Tana River,,lcs,LCS Phase 4-5,NDMA,Livelihood Coping Strategy,0,R1+,,,205,,,,,2026-05-01T00:00:00,2026-05-31T00:00:00,,,
,,2026-04-15T00:00:00,Acute Food Insecurity Analysis,Tharaka Nithi,,fcs,FCS Phase 1-2,NDMA,Food Consumption Score,82,R1+,,,119,,,,,2026-04-01T00:00:00,2026-04-30T00:00:00,,,
,,2026-04-15T00:00:00,Acute Food Insecurity Analysis,Tharaka Nithi,,fcs,FCS Phase 3,NDMA,Food Consumption Score,16,R1+,,,119,,,,,2026-04-01T00:00:00,2026-04-30T00:00:00,,,
,,2026-04-15T00:00:00,Acute Food Insecurity Analysis,Tharaka Nithi,,fcs,FCS Phase 4-5,NDMA,Food Consumption Score,2,R1+,,,119,,,,,2026-04-01T00:00:00,2026-04-30T00:00:00,,,
,,2026-04-15T00:00:00,Acute Food Insecurity Analysis,Tharaka Nithi,,rcsi,RCSI Phase 1,NDMA,Reduced Coping Strategies Index,34,R1+,,,119,,,,,2026-04-01T00:00:00,2026-04-30T00:00:00,,,
,,2026-04-15T00:00:00,Acute Food Insecurity Analysis,Tharaka Nithi,,rcsi,RCSI Phase 2,NDMA,Reduced Coping Strategies Index,39,R1+,,,119,,,,,2026-04-01T00:00:00,2026-04-30T00:00:00,,,
,,2026-04-15T00:00:00,Acute Food Insecurity Analysis,Tharaka Nithi,,rcsi,RCSI Phase 3+,NDMA,Reduced Coping Strategies Index,27,R1+,,,119,,,,,2026-04-01T00:00:00,2026-04-30T00:00:00,,,
,,2026-04-15T00:00:00,Acute Food Insecurity Analysis,Tharaka Nithi,,lcs,LCS Phase 1,NDMA,Livelihood Coping Strategy,97,R1+,,,119,,,,,2026-04-01T00:00:00,2026-04-30T00:00:00,,,
,,2026-04-15T00:00:00,Acute Food Insecurity Analysis,Tharaka Nithi,,lcs,LCS Phase 2,NDMA,Livelihood Coping Strategy,3,R1+,,,119,,,,,2026-04-01T00:00:00,2026-04-30T00:00:00,,,
,,2026-04-15T00:00:00,Acute Food Insecurity Analysis,Tharaka Nithi,,lcs,LCS Phase 3,NDMA,Livelihood Coping Strategy,0,R1+,,,119,,,,,2026-04-01T00:00:00,2026-04-30T00:00:00,,,
,,2026-04-15T00:00:00,Acute Food Insecurity Analysis,Tharaka Nithi,,lcs,LCS Phase 4-5,NDMA,Livelihood Coping Strategy,0,R1+,,,119,,,,,2026-04-01T00:00:00,2026-04-30T00:00:00,,,
,,2026-02-15T00:00:00,Acute Food Insecurity Analysis,Tharaka Nithi,,fcs,FCS Phase 1-2,NDMA,Food Consumption Score,71,R1+,,,120,,,,,2026-02-01T00:00:00,2026-02-28T00:00:00,,,
,,2026-02-15T00:00:00,Acute Food Insecurity Analysis,Tharaka Nithi,,fcs,FCS Phase 3,NDMA,Food Consumption Score,26,R1+,,,120,,,,,2026-02-01T00:00:00,2026-02-28T00:00:00,,,
,,2026-02-15T00:00:00,Acute Food Insecurity Analysis,Tharaka Nithi,,fcs,FCS Phase 4-5,NDMA,Food Consumption Score,3,R1+,,,120,,,,,2026-02-01T00:00:00,2026-02-28T00:00:00,,,
,,2026-02-15T00:00:00,Acute Food Insecurity Analysis,Tharaka Nithi,,rcsi,RCSI Phase 1,NDMA,Reduced Coping Strategies Index,26,R1+,,,120,,,,,2026-02-01T00:00:00,2026-02-28T00:00:00,,,
,,2026-02-15T00:00:00,Acute Food Insecurity Analysis,Tharaka Nithi,,rcsi,RCSI Phase 2,NDMA,Reduced Coping Strategies Index,44,R1+,,,120,,,,,2026-02-01T00:00:00,2026-02-28T00:00:00,,,
,,2026-02-15T00:00:00,Acute Food Insecurity Analysis,Tharaka Nithi,,rcsi,RCSI Phase 3+,NDMA,Reduced Coping Strategies Index,30,R1+,,,120,,,,,2026-02-01T00:00:00,2026-02-28T00:00:00,,,
,,2026-02-15T00:00:00,Acute Food Insecurity Analysis,Tharaka Nithi,,lcs,LCS Phase 1,NDMA,Livelihood Coping Strategy,93,R1+,,,120,,,,,2026-02-01T00:00:00,2026-02-28T00:00:00,,,
,,2026-02-15T00:00:00,Acute Food Insecurity Analysis,Tharaka Nithi,,lcs,LCS Phase 2,NDMA,Livelihood Coping Strategy,5,R1+,,,120,,,,,2026-02-01T00:00:00,2026-02-28T00:00:00,,,
,,2026-02-15T00:00:00,Acute Food Insecurity Analysis,Tharaka Nithi,,lcs,LCS Phase 3,NDMA,Livelihood Coping Strategy,1,R1+,,,120,,,,,2026-02-01T00:00:00,2026-02-28T00:00:00,,,
,,2026-02-15T00:00:00,Acute Food Insecurity Analysis,Tharaka Nithi,,lcs,LCS Phase 4-5,NDMA,Livelihood Coping Strategy,1,R1+,,,120,,,,,2026-02-01T00:00:00,2026-02-28T00:00:00,,,
,,2026-01-15T00:00:00,Acute Food Insecurity Analysis,Tharaka Nithi,,fcs,FCS Phase 1-2,NDMA,Food Consumption Score,75,R1+,,,120,,,,,2026-01-01T00:00:00,2026-01-31T00:00:00,,,
,,2026-01-15T00:00:00,Acute Food Insecurity Analysis,Tharaka Nithi,,fcs,FCS Phase 3,NDMA,Food Consumption Score,21,R1+,,,120,,,,,2026-01-01T00:00:00,2026-01-31T00:00:00,,,
,,2026-01-15T00:00:00,Acute Food Insecurity Analysis,Tharaka Nithi,,fcs,FCS Phase 4-5,NDMA,Food Consumption Score,4,R1+,,,120,,,,,2026-01-01T00:00:00,2026-01-31T00:00:00,,,
,,2026-01-15T00:00:00,Acute Food Insecurity Analysis,Tharaka Nithi,,rcsi,RCSI Phase 1,NDMA,Reduced Coping Strategies Index,21,R1+,,,120,,,,,2026-01-01T00:00:00,2026-01-31T00:00:00,,,
,,2026-01-15T00:00:00,Acute Food Insecurity Analysis,Tharaka Nithi,,rcsi,RCSI Phase 2,NDMA,Reduced Coping Strategies Index,41,R1+,,,120,,,,,2026-01-01T00:00:00,2026-01-31T00:00:00,,,
,,2026-01-15T00:00:00,Acute Food Insecurity Analysis,Tharaka Nithi,,rcsi,RCSI Phase 3+,NDMA,Reduced Coping Strategies Index,38,R1+,,,120,,,,,2026-01-01T00:00:00,2026-01-31T00:00:00,,,
,,2026-01-15T00:00:00,Acute Food Insecurity Analysis,Tharaka Nithi,,lcs,LCS Phase 1,NDMA,Livelihood Coping Strategy,90,R1+,,,120,,,,,2026-01-01T00:00:00,2026-01-31T00:00:00,,,
,,2026-01-15T00:00:00,Acute Food Insecurity Analysis,Tharaka Nithi,,lcs,LCS Phase 2,NDMA,Livelihood Coping Strategy,7,R1+,,,120,,,,,2026-01-01T00:00:00,2026-01-31T00:00:00,,,
,,2026-01-15T00:00:00,Acute Food Insecurity Analysis,Tharaka Nithi,,lcs,LCS Phase 3,NDMA,Livelihood Coping Strategy,1,R1+,,,120,,,,,2026-01-01T00:00:00,2026-01-31T00:00:00,,,
,,2026-01-15T00:00:00,Acute Food Insecurity Analysis,Tharaka Nithi,,lcs,LCS Phase 4-5,NDMA,Livelihood Coping Strategy,3,R1+,,,120,,,,,2026-01-01T00:00:00,2026-01-31T00:00:00,,,
,,2026-06-15T00:00:00,Acute Food Insecurity Analysis,Tharaka Nithi,,fcs,FCS Phase 1-2,NDMA,Food Consumption Score,93,R1+,,,121,,,,,2026-06-01T00:00:00,2026-06-30T00:00:00,,,
,,2026-06-15T00:00:00,Acute Food Insecurity Analysis,Tharaka Nithi,,fcs,FCS Phase 3,NDMA,Food Consumption Score,6,R1+,,,121,,,,,2026-06-01T00:00:00,2026-06-30T00:00:00,,,
,,2026-06-15T00:00:00,Acute Food Insecurity Analysis,Tharaka Nithi,,fcs,FCS Phase 4-5,NDMA,Food Consumption Score,2,R1+,,,121,,,,,2026-06-01T00:00:00,2026-06-30T00:00:00,,,
,,2026-06-15T00:00:00,Acute Food Insecurity Analysis,Tharaka Nithi,,rcsi,RCSI Phase 1,NDMA,Reduced Coping Strategies Index,88,R1+,,,121,,,,,2026-06-01T00:00:00,2026-06-30T00:00:00,,,
,,2026-06-15T00:00:00,Acute Food Insecurity Analysis,Tharaka Nithi,,rcsi,RCSI Phase 2,NDMA,Reduced Coping Strategies Index,12,R1+,,,121,,,,,2026-06-01T00:00:00,2026-06-30T00:00:00,,,
,,2026-06-15T00:00:00,Acute Food Insecurity Analysis,Tharaka Nithi,,rcsi,RCSI Phase 3+,NDMA,Reduced Coping Strategies Index,0,R1+,,,121,,,,,2026-06-01T00:00:00,2026-06-30T00:00:00,,,
,,2026-06-15T00:00:00,Acute Food Insecurity Analysis,Tharaka Nithi,,lcs,LCS Phase 1,NDMA,Livelihood Coping Strategy,98,R1+,,,121,,,,,2026-06-01T00:00:00,2026-06-30T00:00:00,,,
,,2026-06-15T00:00:00,Acute Food Insecurity Analysis,Tharaka Nithi,,lcs,LCS Phase 2,NDMA,Livelihood Coping Strategy,2,R1+,,,121,,,,,2026-06-01T00:00:00,2026-06-30T00:00:00,,,
,,2026-06-15T00:00:00,Acute Food Insecurity Analysis,Tharaka Nithi,,lcs,LCS Phase 3,NDMA,Livelihood Coping Strategy,0,R1+,,,121,,,,,2026-06-01T00:00:00,2026-06-30T00:00:00,,,
,,2026-06-15T00:00:00,Acute Food Insecurity Analysis,Tharaka Nithi,,lcs,LCS Phase 4-5,NDMA,Livelihood Coping Strategy,1,R1+,,,121,,,,,2026-06-01T00:00:00,2026-06-30T00:00:00,,,
,,2026-03-15T00:00:00,Acute Food Insecurity Analysis,Tharaka Nithi,,fcs,FCS Phase 1-2,NDMA,Food Consumption Score,70,R1+,,,119,,,,,2026-03-01T00:00:00,2026-03-31T00:00:00,,,
,,2026-03-15T00:00:00,Acute Food Insecurity Analysis,Tharaka Nithi,,fcs,FCS Phase 3,NDMA,Food Consumption Score,24,R1+,,,119,,,,,2026-03-01T00:00:00,2026-03-31T00:00:00,,,
,,2026-03-15T00:00:00,Acute Food Insecurity Analysis,Tharaka Nithi,,fcs,FCS Phase 4-5,NDMA,Food Consumption Score,6,R1+,,,119,,,,,2026-03-01T00:00:00,2026-03-31T00:00:00,,,
,,2026-03-15T00:00:00,Acute Food Insecurity Analysis,Tharaka Nithi,,rcsi,RCSI Phase 1,NDMA,Reduced Coping Strategies Index,22,R1+,,,119,,,,,2026-03-01T00:00:00,2026-03-31T00:00:00,,,
,,2026-03-15T00:00:00,Acute Food Insecurity Analysis,Tharaka Nithi,,rcsi,RCSI Phase 2,NDMA,Reduced Coping Strategies Index,50,R1+,,,119,,,,,2026-03-01T00:00:00,2026-03-31T00:00:00,,,
,,2026-03-15T00:00:00,Acute Food Insecurity Analysis,Tharaka Nithi,,rcsi,RCSI Phase 3+,NDMA,Reduced Coping Strategies Index,28,R1+,,,119,,,,,2026-03-01T00:00:00,2026-03-31T00:00:00,,,
,,2026-03-15T00:00:00,Acute Food Insecurity Analysis,Tharaka Nithi,,lcs,LCS Phase 1,NDMA,Livelihood Coping Strategy,98,R1+,,,119,,,,,2026-03-01T00:00:00,2026-03-31T00:00:00,,,
,,2026-03-15T00:00:00,Acute Food Insecurity Analysis,Tharaka Nithi,,lcs,LCS Phase 2,NDMA,Livelihood Coping Strategy,1,R1+,,,119,,,,,2026-03-01T00:00:00,2026-03-31T00:00:00,,,
,,2026-03-15T00:00:00,Acute Food Insecurity Analysis,Tharaka Nithi,,lcs,LCS Phase 3,NDMA,Livelihood Coping Strategy,1,R1+,,,119,,,,,2026-03-01T00:00:00,2026-03-31T00:00:00,,,
,,2026-03-15T00:00:00,Acute Food Insecurity Analysis,Tharaka Nithi,,lcs,LCS Phase 4-5,NDMA,Livelihood Coping Strategy,0,R1+,,,119,,,,,2026-03-01T00:00:00,2026-03-31T00:00:00,,,
,,2026-05-15T00:00:00,Acute Food Insecurity Analysis,Tharaka Nithi,,fcs,FCS Phase 1-2,NDMA,Food Consumption Score,98,R1+,,,118,,,,,2026-05-01T00:00:00,2026-05-31T00:00:00,,,
,,2026-05-15T00:00:00,Acute Food Insecurity Analysis,Tharaka Nithi,,fcs,FCS Phase 3,NDMA,Food Consumption Score,2,R1+,,,118,,,,,2026-05-01T00:00:00,2026-05-31T00:00:00,,,
,,2026-05-15T00:00:00,Acute Food Insecurity Analysis,Tharaka Nithi,,fcs,FCS Phase 4-5,NDMA,Food Consumption Score,0,R1+,,,118,,,,,2026-05-01T00:00:00,2026-05-31T00:00:00,,,
,,2026-05-15T00:00:00,Acute Food Insecurity Analysis,Tharaka Nithi,,rcsi,RCSI Phase 1,NDMA,Reduced Coping Strategies Index,86,R1+,,,118,,,,,2026-05-01T00:00:00,2026-05-31T00:00:00,,,
,,2026-05-15T00:00:00,Acute Food Insecurity Analysis,Tharaka Nithi,,rcsi,RCSI Phase 2,NDMA,Reduced Coping Strategies Index,14,R1+,,,118,,,,,2026-05-01T00:00:00,2026-05-31T00:00:00,,,
,,2026-05-15T00:00:00,Acute Food Insecurity Analysis,Tharaka Nithi,,rcsi,RCSI Phase 3+,NDMA,Reduced Coping Strategies Index,0,R1+,,,118,,,,,2026-05-01T00:00:00,2026-05-31T00:00:00,,,
,,2026-05-15T00:00:00,Acute Food Insecurity Analysis,Tharaka Nithi,,lcs,LCS Phase 1,NDMA,Livelihood Coping Strategy,99,R1+,,,118,,,,,2026-05-01T00:00:00,2026-05-31T00:00:00,,,
,,2026-05-15T00:00:00,Acute Food Insecurity Analysis,Tharaka Nithi,,lcs,LCS Phase 2,NDMA,Livelihood Coping Strategy,1,R1+,,,118,,,,,2026-05-01T00:00:00,2026-05-31T00:00:00,,,
,,2026-05-15T00:00:00,Acute Food Insecurity Analysis,Tharaka Nithi,,lcs,LCS Phase 3,NDMA,Livelihood Coping Strategy,0,R1+,,,118,,,,,2026-05-01T00:00:00,2026-05-31T00:00:00,,,
,,2026-05-15T00:00:00,Acute Food Insecurity Analysis,Tharaka Nithi,,lcs,LCS Phase 4-5,NDMA,Livelihood Coping Strategy,0,R1+,,,118,,,,,2026-05-01T00:00:00,2026-05-31T00:00:00,,,
,,2026-04-15T00:00:00,Acute Food Insecurity Analysis,Turkana,,fcs,FCS Phase 1-2,NDMA,Food Consumption Score,30,R1+,,,271,,,,,2026-04-01T00:00:00,2026-04-30T00:00:00,,,
,,2026-04-15T00:00:00,Acute Food Insecurity Analysis,Turkana,,fcs,FCS Phase 3,NDMA,Food Consumption Score,55,R1+,,,271,,,,,2026-04-01T00:00:00,2026-04-30T00:00:00,,,
,,2026-04-15T00:00:00,Acute Food Insecurity Analysis,Turkana,,fcs,FCS Phase 4-5,NDMA,Food Consumption Score,16,R1+,,,271,,,,,2026-04-01T00:00:00,2026-04-30T00:00:00,,,
,,2026-04-15T00:00:00,Acute Food Insecurity Analysis,Turkana,,rcsi,RCSI Phase 1,NDMA,Reduced Coping Strategies Index,7,R1+,,,271,,,,,2026-04-01T00:00:00,2026-04-30T00:00:00,,,
,,2026-04-15T00:00:00,Acute Food Insecurity Analysis,Turkana,,rcsi,RCSI Phase 2,NDMA,Reduced Coping Strategies Index,55,R1+,,,271,,,,,2026-04-01T00:00:00,2026-04-30T00:00:00,,,
,,2026-04-15T00:00:00,Acute Food Insecurity Analysis,Turkana,,rcsi,RCSI Phase 3+,NDMA,Reduced Coping Strategies Index,38,R1+,,,271,,,,,2026-04-01T00:00:00,2026-04-30T00:00:00,,,
,,2026-04-15T00:00:00,Acute Food Insecurity Analysis,Turkana,,lcs,LCS Phase 1,NDMA,Livelihood Coping Strategy,42,R1+,,,271,,,,,2026-04-01T00:00:00,2026-04-30T00:00:00,,,
,,2026-04-15T00:00:00,Acute Food Insecurity Analysis,Turkana,,lcs,LCS Phase 2,NDMA,Livelihood Coping Strategy,41,R1+,,,271,,,,,2026-04-01T00:00:00,2026-04-30T00:00:00,,,
,,2026-04-15T00:00:00,Acute Food Insecurity Analysis,Turkana,,lcs,LCS Phase 3,NDMA,Livelihood Coping Strategy,8,R1+,,,271,,,,,2026-04-01T00:00:00,2026-04-30T00:00:00,,,
,,2026-04-15T00:00:00,Acute Food Insecurity Analysis,Turkana,,lcs,LCS Phase 4-5,NDMA,Livelihood Coping Strategy,9,R1+,,,271,,,,,2026-04-01T00:00:00,2026-04-30T00:00:00,,,
,,2026-02-15T00:00:00,Acute Food Insecurity Analysis,Turkana,,fcs,FCS Phase 1-2,NDMA,Food Consumption Score,29,R1+,,,267,,,,,2026-02-01T00:00:00,2026-02-28T00:00:00,,,
,,2026-02-15T00:00:00,Acute Food Insecurity Analysis,Turkana,,fcs,FCS Phase 3,NDMA,Food Consumption Score,51,R1+,,,267,,,,,2026-02-01T00:00:00,2026-02-28T00:00:00,,,
,,2026-02-15T00:00:00,Acute Food Insecurity Analysis,Turkana,,fcs,FCS Phase 4-5,NDMA,Food Consumption Score,20,R1+,,,267,,,,,2026-02-01T00:00:00,2026-02-28T00:00:00,,,
,,2026-02-15T00:00:00,Acute Food Insecurity Analysis,Turkana,,rcsi,RCSI Phase 1,NDMA,Reduced Coping Strategies Index,6,R1+,,,267,,,,,2026-02-01T00:00:00,2026-02-28T00:00:00,,,
,,2026-02-15T00:00:00,Acute Food Insecurity Analysis,Turkana,,rcsi,RCSI Phase 2,NDMA,Reduced Coping Strategies Index,53,R1+,,,267,,,,,2026-02-01T00:00:00,2026-02-28T00:00:00,,,
,,2026-02-15T00:00:00,Acute Food Insecurity Analysis,Turkana,,rcsi,RCSI Phase 3+,NDMA,Reduced Coping Strategies Index,41,R1+,,,267,,,,,2026-02-01T00:00:00,2026-02-28T00:00:00,,,
,,2026-02-15T00:00:00,Acute Food Insecurity Analysis,Turkana,,lcs,LCS Phase 1,NDMA,Livelihood Coping Strategy,45,R1+,,,267,,,,,2026-02-01T00:00:00,2026-02-28T00:00:00,,,
,,2026-02-15T00:00:00,Acute Food Insecurity Analysis,Turkana,,lcs,LCS Phase 2,NDMA,Livelihood Coping Strategy,28,R1+,,,267,,,,,2026-02-01T00:00:00,2026-02-28T00:00:00,,,
,,2026-02-15T00:00:00,Acute Food Insecurity Analysis,Turkana,,lcs,LCS Phase 3,NDMA,Livelihood Coping Strategy,16,R1+,,,267,,,,,2026-02-01T00:00:00,2026-02-28T00:00:00,,,
,,2026-02-15T00:00:00,Acute Food Insecurity Analysis,Turkana,,lcs,LCS Phase 4-5,NDMA,Livelihood Coping Strategy,10,R1+,,,267,,,,,2026-02-01T00:00:00,2026-02-28T00:00:00,,,
,,2026-01-15T00:00:00,Acute Food Insecurity Analysis,Turkana,,fcs,FCS Phase 1-2,NDMA,Food Consumption Score,35,R1+,,,268,,,,,2026-01-01T00:00:00,2026-01-31T00:00:00,,,
,,2026-01-15T00:00:00,Acute Food Insecurity Analysis,Turkana,,fcs,FCS Phase 3,NDMA,Food Consumption Score,42,R1+,,,268,,,,,2026-01-01T00:00:00,2026-01-31T00:00:00,,,
,,2026-01-15T00:00:00,Acute Food Insecurity Analysis,Turkana,,fcs,FCS Phase 4-5,NDMA,Food Consumption Score,24,R1+,,,268,,,,,2026-01-01T00:00:00,2026-01-31T00:00:00,,,
,,2026-01-15T00:00:00,Acute Food Insecurity Analysis,Turkana,,rcsi,RCSI Phase 1,NDMA,Reduced Coping Strategies Index,5,R1+,,,268,,,,,2026-01-01T00:00:00,2026-01-31T00:00:00,,,
,,2026-01-15T00:00:00,Acute Food Insecurity Analysis,Turkana,,rcsi,RCSI Phase 2,NDMA,Reduced Coping Strategies Index,59,R1+,,,268,,,,,2026-01-01T00:00:00,2026-01-31T00:00:00,,,
,,2026-01-15T00:00:00,Acute Food Insecurity Analysis,Turkana,,rcsi,RCSI Phase 3+,NDMA,Reduced Coping Strategies Index,35,R1+,,,268,,,,,2026-01-01T00:00:00,2026-01-31T00:00:00,,,
,,2026-01-15T00:00:00,Acute Food Insecurity Analysis,Turkana,,lcs,LCS Phase 1,NDMA,Livelihood Coping Strategy,44,R1+,,,268,,,,,2026-01-01T00:00:00,2026-01-31T00:00:00,,,
,,2026-01-15T00:00:00,Acute Food Insecurity Analysis,Turkana,,lcs,LCS Phase 2,NDMA,Livelihood Coping Strategy,24,R1+,,,268,,,,,2026-01-01T00:00:00,2026-01-31T00:00:00,,,
,,2026-01-15T00:00:00,Acute Food Insecurity Analysis,Turkana,,lcs,LCS Phase 3,NDMA,Livelihood Coping Strategy,22,R1+,,,268,,,,,2026-01-01T00:00:00,2026-01-31T00:00:00,,,
,,2026-01-15T00:00:00,Acute Food Insecurity Analysis,Turkana,,lcs,LCS Phase 4-5,NDMA,Livelihood Coping Strategy,10,R1+,,,268,,,,,2026-01-01T00:00:00,2026-01-31T00:00:00,,,
,,2026-06-15T00:00:00,Acute Food Insecurity Analysis,Turkana,,fcs,FCS Phase 1-2,NDMA,Food Consumption Score,33,R1+,,,270,,,,,2026-06-01T00:00:00,2026-06-30T00:00:00,,,
,,2026-06-15T00:00:00,Acute Food Insecurity Analysis,Turkana,,fcs,FCS Phase 3,NDMA,Food Consumption Score,53,R1+,,,270,,,,,2026-06-01T00:00:00,2026-06-30T00:00:00,,,
,,2026-06-15T00:00:00,Acute Food Insecurity Analysis,Turkana,,fcs,FCS Phase 4-5,NDMA,Food Consumption Score,14,R1+,,,270,,,,,2026-06-01T00:00:00,2026-06-30T00:00:00,,,
,,2026-06-15T00:00:00,Acute Food Insecurity Analysis,Turkana,,rcsi,RCSI Phase 1,NDMA,Reduced Coping Strategies Index,7,R1+,,,270,,,,,2026-06-01T00:00:00,2026-06-30T00:00:00,,,
,,2026-06-15T00:00:00,Acute Food Insecurity Analysis,Turkana,,rcsi,RCSI Phase 2,NDMA,Reduced Coping Strategies Index,55,R1+,,,270,,,,,2026-06-01T00:00:00,2026-06-30T00:00:00,,,
,,2026-06-15T00:00:00,Acute Food Insecurity Analysis,Turkana,,rcsi,RCSI Phase 3+,NDMA,Reduced Coping Strategies Index,39,R1+,,,270,,,,,2026-06-01T00:00:00,2026-06-30T00:00:00,,,
,,2026-06-15T00:00:00,Acute Food Insecurity Analysis,Turkana,,lcs,LCS Phase 1,NDMA,Livelihood Coping Strategy,40,R1+,,,270,,,,,2026-06-01T00:00:00,2026-06-30T00:00:00,,,
,,2026-06-15T00:00:00,Acute Food Insecurity Analysis,Turkana,,lcs,LCS Phase 2,NDMA,Livelihood Coping Strategy,42,R1+,,,270,,,,,2026-06-01T00:00:00,2026-06-30T00:00:00,,,
,,2026-06-15T00:00:00,Acute Food Insecurity Analysis,Turkana,,lcs,LCS Phase 3,NDMA,Livelihood Coping Strategy,9,R1+,,,270,,,,,2026-06-01T00:00:00,2026-06-30T00:00:00,,,
,,2026-06-15T00:00:00,Acute Food Insecurity Analysis,Turkana,,lcs,LCS Phase 4-5,NDMA,Livelihood Coping Strategy,9,R1+,,,270,,,,,2026-06-01T00:00:00,2026-06-30T00:00:00,,,
,,2026-03-15T00:00:00,Acute Food Insecurity Analysis,Turkana,,fcs,FCS Phase 1-2,NDMA,Food Consumption Score,37,R1+,,,269,,,,,2026-03-01T00:00:00,2026-03-31T00:00:00,,,
,,2026-03-15T00:00:00,Acute Food Insecurity Analysis,Turkana,,fcs,FCS Phase 3,NDMA,Food Consumption Score,48,R1+,,,269,,,,,2026-03-01T00:00:00,2026-03-31T00:00:00,,,
,,2026-03-15T00:00:00,Acute Food Insecurity Analysis,Turkana,,fcs,FCS Phase 4-5,NDMA,Food Consumption Score,15,R1+,,,269,,,,,2026-03-01T00:00:00,2026-03-31T00:00:00,,,
,,2026-03-15T00:00:00,Acute Food Insecurity Analysis,Turkana,,rcsi,RCSI Phase 1,NDMA,Reduced Coping Strategies Index,7,R1+,,,269,,,,,2026-03-01T00:00:00,2026-03-31T00:00:00,,,
,,2026-03-15T00:00:00,Acute Food Insecurity Analysis,Turkana,,rcsi,RCSI Phase 2,NDMA,Reduced Coping Strategies Index,47,R1+,,,269,,,,,2026-03-01T00:00:00,2026-03-31T00:00:00,,,
,,2026-03-15T00:00:00,Acute Food Insecurity Analysis,Turkana,,rcsi,RCSI Phase 3+,NDMA,Reduced Coping Strategies Index,45,R1+,,,269,,,,,2026-03-01T00:00:00,2026-03-31T00:00:00,,,
,,2026-03-15T00:00:00,Acute Food Insecurity Analysis,Turkana,,lcs,LCS Phase 1,NDMA,Livelihood Coping Strategy,45,R1+,,,269,,,,,2026-03-01T00:00:00,2026-03-31T00:00:00,,,
,,2026-03-15T00:00:00,Acute Food Insecurity Analysis,Turkana,,lcs,LCS Phase 2,NDMA,Livelihood Coping Strategy,38,R1+,,,269,,,,,2026-03-01T00:00:00,2026-03-31T00:00:00,,,
,,2026-03-15T00:00:00,Acute Food Insecurity Analysis,Turkana,,lcs,LCS Phase 3,NDMA,Livelihood Coping Strategy,9,R1+,,,269,,,,,2026-03-01T00:00:00,2026-03-31T00:00:00,,,
,,2026-03-15T00:00:00,Acute Food Insecurity Analysis,Turkana,,lcs,LCS Phase 4-5,NDMA,Livelihood Coping Strategy,8,R1+,,,269,,,,,2026-03-01T00:00:00,2026-03-31T00:00:00,,,
,,2026-05-15T00:00:00,Acute Food Insecurity Analysis,Turkana,,fcs,FCS Phase 1-2,NDMA,Food Consumption Score,35,R1+,,,266,,,,,2026-05-01T00:00:00,2026-05-31T00:00:00,,,
,,2026-05-15T00:00:00,Acute Food Insecurity Analysis,Turkana,,fcs,FCS Phase 3,NDMA,Food Consumption Score,48,R1+,,,266,,,,,2026-05-01T00:00:00,2026-05-31T00:00:00,,,
,,2026-05-15T00:00:00,Acute Food Insecurity Analysis,Turkana,,fcs,FCS Phase 4-5,NDMA,Food Consumption Score,17,R1+,,,266,,,,,2026-05-01T00:00:00,2026-05-31T00:00:00,,,
,,2026-05-15T00:00:00,Acute Food Insecurity Analysis,Turkana,,rcsi,RCSI Phase 1,NDMA,Reduced Coping Strategies Index,8,R1+,,,266,,,,,2026-05-01T00:00:00,2026-05-31T00:00:00,,,
,,2026-05-15T00:00:00,Acute Food Insecurity Analysis,Turkana,,rcsi,RCSI Phase 2,NDMA,Reduced Coping Strategies Index,58,R1+,,,266,,,,,2026-05-01T00:00:00,2026-05-31T00:00:00,,,
,,2026-05-15T00:00:00,Acute Food Insecurity Analysis,Turkana,,rcsi,RCSI Phase 3+,NDMA,Reduced Coping Strategies Index,34,R1+,,,266,,,,,2026-05-01T00:00:00,2026-05-31T00:00:00,,,
,,2026-05-15T00:00:00,Acute Food Insecurity Analysis,Turkana,,lcs,LCS Phase 1,NDMA,Livelihood Coping Strategy,38,R1+,,,266,,,,,2026-05-01T00:00:00,2026-05-31T00:00:00,,,
,,2026-05-15T00:00:00,Acute Food Insecurity Analysis,Turkana,,lcs,LCS Phase 2,NDMA,Livelihood Coping Strategy,44,R1+,,,266,,,,,2026-05-01T00:00:00,2026-05-31T00:00:00,,,
,,2026-05-15T00:00:00,Acute Food Insecurity Analysis,Turkana,,lcs,LCS Phase 3,NDMA,Livelihood Coping Strategy,9,R1+,,,266,,,,,2026-05-01T00:00:00,2026-05-31T00:00:00,,,
,,2026-05-15T00:00:00,Acute Food Insecurity Analysis,Turkana,,lcs,LCS Phase 4-5,NDMA,Livelihood Coping Strategy,9,R1+,,,266,,,,,2026-05-01T00:00:00,2026-05-31T00:00:00,,,
,,2026-04-15T00:00:00,Acute Food Insecurity Analysis,Wajir,,fcs,FCS Phase 1-2,NDMA,Food Consumption Score,60,R1+,,,268,,,,,2026-04-01T00:00:00,2026-04-30T00:00:00,,,
,,2026-04-15T00:00:00,Acute Food Insecurity Analysis,Wajir,,fcs,FCS Phase 3,NDMA,Food Consumption Score,20,R1+,,,268,,,,,2026-04-01T00:00:00,2026-04-30T00:00:00,,,
,,2026-04-15T00:00:00,Acute Food Insecurity Analysis,Wajir,,fcs,FCS Phase 4-5,NDMA,Food Consumption Score,20,R1+,,,268,,,,,2026-04-01T00:00:00,2026-04-30T00:00:00,,,
,,2026-04-15T00:00:00,Acute Food Insecurity Analysis,Wajir,,rcsi,RCSI Phase 1,NDMA,Reduced Coping Strategies Index,28,R1+,,,268,,,,,2026-04-01T00:00:00,2026-04-30T00:00:00,,,
,,2026-04-15T00:00:00,Acute Food Insecurity Analysis,Wajir,,rcsi,RCSI Phase 2,NDMA,Reduced Coping Strategies Index,53,R1+,,,268,,,,,2026-04-01T00:00:00,2026-04-30T00:00:00,,,
,,2026-04-15T00:00:00,Acute Food Insecurity Analysis,Wajir,,rcsi,RCSI Phase 3+,NDMA,Reduced Coping Strategies Index,19,R1+,,,268,,,,,2026-04-01T00:00:00,2026-04-30T00:00:00,,,
,,2026-04-15T00:00:00,Acute Food Insecurity Analysis,Wajir,,lcs,LCS Phase 1,NDMA,Livelihood Coping Strategy,77,R1+,,,268,,,,,2026-04-01T00:00:00,2026-04-30T00:00:00,,,
,,2026-04-15T00:00:00,Acute Food Insecurity Analysis,Wajir,,lcs,LCS Phase 2,NDMA,Livelihood Coping Strategy,9,R1+,,,268,,,,,2026-04-01T00:00:00,2026-04-30T00:00:00,,,
,,2026-04-15T00:00:00,Acute Food Insecurity Analysis,Wajir,,lcs,LCS Phase 3,NDMA,Livelihood Coping Strategy,3,R1+,,,268,,,,,2026-04-01T00:00:00,2026-04-30T00:00:00,,,
,,2026-04-15T00:00:00,Acute Food Insecurity Analysis,Wajir,,lcs,LCS Phase 4-5,NDMA,Livelihood Coping Strategy,11,R1+,,,268,,,,,2026-04-01T00:00:00,2026-04-30T00:00:00,,,
,,2026-02-15T00:00:00,Acute Food Insecurity Analysis,Wajir,,fcs,FCS Phase 1-2,NDMA,Food Consumption Score,43,R1+,,,268,,,,,2026-02-01T00:00:00,2026-02-28T00:00:00,,,
,,2026-02-15T00:00:00,Acute Food Insecurity Analysis,Wajir,,fcs,FCS Phase 3,NDMA,Food Consumption Score,34,R1+,,,268,,,,,2026-02-01T00:00:00,2026-02-28T00:00:00,,,
,,2026-02-15T00:00:00,Acute Food Insecurity Analysis,Wajir,,fcs,FCS Phase 4-5,NDMA,Food Consumption Score,23,R1+,,,268,,,,,2026-02-01T00:00:00,2026-02-28T00:00:00,,,
,,2026-02-15T00:00:00,Acute Food Insecurity Analysis,Wajir,,rcsi,RCSI Phase 1,NDMA,Reduced Coping Strategies Index,25,R1+,,,268,,,,,2026-02-01T00:00:00,2026-02-28T00:00:00,,,
,,2026-02-15T00:00:00,Acute Food Insecurity Analysis,Wajir,,rcsi,RCSI Phase 2,NDMA,Reduced Coping Strategies Index,57,R1+,,,268,,,,,2026-02-01T00:00:00,2026-02-28T00:00:00,,,
,,2026-02-15T00:00:00,Acute Food Insecurity Analysis,Wajir,,rcsi,RCSI Phase 3+,NDMA,Reduced Coping Strategies Index,18,R1+,,,268,,,,,2026-02-01T00:00:00,2026-02-28T00:00:00,,,
,,2026-02-15T00:00:00,Acute Food Insecurity Analysis,Wajir,,lcs,LCS Phase 1,NDMA,Livelihood Coping Strategy,77,R1+,,,268,,,,,2026-02-01T00:00:00,2026-02-28T00:00:00,,,
,,2026-02-15T00:00:00,Acute Food Insecurity Analysis,Wajir,,lcs,LCS Phase 2,NDMA,Livelihood Coping Strategy,7,R1+,,,268,,,,,2026-02-01T00:00:00,2026-02-28T00:00:00,,,
,,2026-02-15T00:00:00,Acute Food Insecurity Analysis,Wajir,,lcs,LCS Phase 3,NDMA,Livelihood Coping Strategy,4,R1+,,,268,,,,,2026-02-01T00:00:00,2026-02-28T00:00:00,,,
,,2026-02-15T00:00:00,Acute Food Insecurity Analysis,Wajir,,lcs,LCS Phase 4-5,NDMA,Livelihood Coping Strategy,12,R1+,,,268,,,,,2026-02-01T00:00:00,2026-02-28T00:00:00,,,
,,2026-01-15T00:00:00,Acute Food Insecurity Analysis,Wajir,,fcs,FCS Phase 1-2,NDMA,Food Consumption Score,48,R1+,,,269,,,,,2026-01-01T00:00:00,2026-01-31T00:00:00,,,
,,2026-01-15T00:00:00,Acute Food Insecurity Analysis,Wajir,,fcs,FCS Phase 3,NDMA,Food Consumption Score,29,R1+,,,269,,,,,2026-01-01T00:00:00,2026-01-31T00:00:00,,,
,,2026-01-15T00:00:00,Acute Food Insecurity Analysis,Wajir,,fcs,FCS Phase 4-5,NDMA,Food Consumption Score,23,R1+,,,269,,,,,2026-01-01T00:00:00,2026-01-31T00:00:00,,,
,,2026-01-15T00:00:00,Acute Food Insecurity Analysis,Wajir,,rcsi,RCSI Phase 1,NDMA,Reduced Coping Strategies Index,25,R1+,,,269,,,,,2026-01-01T00:00:00,2026-01-31T00:00:00,,,
,,2026-01-15T00:00:00,Acute Food Insecurity Analysis,Wajir,,rcsi,RCSI Phase 2,NDMA,Reduced Coping Strategies Index,57,R1+,,,269,,,,,2026-01-01T00:00:00,2026-01-31T00:00:00,,,
,,2026-01-15T00:00:00,Acute Food Insecurity Analysis,Wajir,,rcsi,RCSI Phase 3+,NDMA,Reduced Coping Strategies Index,18,R1+,,,269,,,,,2026-01-01T00:00:00,2026-01-31T00:00:00,,,
,,2026-01-15T00:00:00,Acute Food Insecurity Analysis,Wajir,,lcs,LCS Phase 1,NDMA,Livelihood Coping Strategy,75,R1+,,,269,,,,,2026-01-01T00:00:00,2026-01-31T00:00:00,,,
,,2026-01-15T00:00:00,Acute Food Insecurity Analysis,Wajir,,lcs,LCS Phase 2,NDMA,Livelihood Coping Strategy,9,R1+,,,269,,,,,2026-01-01T00:00:00,2026-01-31T00:00:00,,,
,,2026-01-15T00:00:00,Acute Food Insecurity Analysis,Wajir,,lcs,LCS Phase 3,NDMA,Livelihood Coping Strategy,5,R1+,,,269,,,,,2026-01-01T00:00:00,2026-01-31T00:00:00,,,
,,2026-01-15T00:00:00,Acute Food Insecurity Analysis,Wajir,,lcs,LCS Phase 4-5,NDMA,Livelihood Coping Strategy,11,R1+,,,269,,,,,2026-01-01T00:00:00,2026-01-31T00:00:00,,,
,,2026-06-15T00:00:00,Acute Food Insecurity Analysis,Wajir,,fcs,FCS Phase 1-2,NDMA,Food Consumption Score,62,R1+,,,271,,,,,2026-06-01T00:00:00,2026-06-30T00:00:00,,,
,,2026-06-15T00:00:00,Acute Food Insecurity Analysis,Wajir,,fcs,FCS Phase 3,NDMA,Food Consumption Score,23,R1+,,,271,,,,,2026-06-01T00:00:00,2026-06-30T00:00:00,,,
,,2026-06-15T00:00:00,Acute Food Insecurity Analysis,Wajir,,fcs,FCS Phase 4-5,NDMA,Food Consumption Score,15,R1+,,,271,,,,,2026-06-01T00:00:00,2026-06-30T00:00:00,,,
,,2026-06-15T00:00:00,Acute Food Insecurity Analysis,Wajir,,rcsi,RCSI Phase 1,NDMA,Reduced Coping Strategies Index,24,R1+,,,271,,,,,2026-06-01T00:00:00,2026-06-30T00:00:00,,,
,,2026-06-15T00:00:00,Acute Food Insecurity Analysis,Wajir,,rcsi,RCSI Phase 2,NDMA,Reduced Coping Strategies Index,59,R1+,,,271,,,,,2026-06-01T00:00:00,2026-06-30T00:00:00,,,
,,2026-06-15T00:00:00,Acute Food Insecurity Analysis,Wajir,,rcsi,RCSI Phase 3+,NDMA,Reduced Coping Strategies Index,17,R1+,,,271,,,,,2026-06-01T00:00:00,2026-06-30T00:00:00,,,
,,2026-06-15T00:00:00,Acute Food Insecurity Analysis,Wajir,,lcs,LCS Phase 1,NDMA,Livelihood Coping Strategy,78,R1+,,,271,,,,,2026-06-01T00:00:00,2026-06-30T00:00:00,,,
,,2026-06-15T00:00:00,Acute Food Insecurity Analysis,Wajir,,lcs,LCS Phase 2,NDMA,Livelihood Coping Strategy,7,R1+,,,271,,,,,2026-06-01T00:00:00,2026-06-30T00:00:00,,,
,,2026-06-15T00:00:00,Acute Food Insecurity Analysis,Wajir,,lcs,LCS Phase 3,NDMA,Livelihood Coping Strategy,3,R1+,,,271,,,,,2026-06-01T00:00:00,2026-06-30T00:00:00,,,
,,2026-06-15T00:00:00,Acute Food Insecurity Analysis,Wajir,,lcs,LCS Phase 4-5,NDMA,Livelihood Coping Strategy,13,R1+,,,271,,,,,2026-06-01T00:00:00,2026-06-30T00:00:00,,,
,,2026-03-15T00:00:00,Acute Food Insecurity Analysis,Wajir,,fcs,FCS Phase 1-2,NDMA,Food Consumption Score,49,R1+,,,268,,,,,2026-03-01T00:00:00,2026-03-31T00:00:00,,,
,,2026-03-15T00:00:00,Acute Food Insecurity Analysis,Wajir,,fcs,FCS Phase 3,NDMA,Food Consumption Score,32,R1+,,,268,,,,,2026-03-01T00:00:00,2026-03-31T00:00:00,,,
,,2026-03-15T00:00:00,Acute Food Insecurity Analysis,Wajir,,fcs,FCS Phase 4-5,NDMA,Food Consumption Score,20,R1+,,,268,,,,,2026-03-01T00:00:00,2026-03-31T00:00:00,,,
,,2026-03-15T00:00:00,Acute Food Insecurity Analysis,Wajir,,rcsi,RCSI Phase 1,NDMA,Reduced Coping Strategies Index,29,R1+,,,268,,,,,2026-03-01T00:00:00,2026-03-31T00:00:00,,,
,,2026-03-15T00:00:00,Acute Food Insecurity Analysis,Wajir,,rcsi,RCSI Phase 2,NDMA,Reduced Coping Strategies Index,51,R1+,,,268,,,,,2026-03-01T00:00:00,2026-03-31T00:00:00,,,
,,2026-03-15T00:00:00,Acute Food Insecurity Analysis,Wajir,,rcsi,RCSI Phase 3+,NDMA,Reduced Coping Strategies Index,20,R1+,,,268,,,,,2026-03-01T00:00:00,2026-03-31T00:00:00,,,
,,2026-03-15T00:00:00,Acute Food Insecurity Analysis,Wajir,,lcs,LCS Phase 1,NDMA,Livelihood Coping Strategy,78,R1+,,,268,,,,,2026-03-01T00:00:00,2026-03-31T00:00:00,,,
,,2026-03-15T00:00:00,Acute Food Insecurity Analysis,Wajir,,lcs,LCS Phase 2,NDMA,Livelihood Coping Strategy,3,R1+,,,268,,,,,2026-03-01T00:00:00,2026-03-31T00:00:00,,,
,,2026-03-15T00:00:00,Acute Food Insecurity Analysis,Wajir,,lcs,LCS Phase 3,NDMA,Livelihood Coping Strategy,6,R1+,,,268,,,,,2026-03-01T00:00:00,2026-03-31T00:00:00,,,
,,2026-03-15T00:00:00,Acute Food Insecurity Analysis,Wajir,,lcs,LCS Phase 4-5,NDMA,Livelihood Coping Strategy,13,R1+,,,268,,,,,2026-03-01T00:00:00,2026-03-31T00:00:00,,,
,,2026-05-15T00:00:00,Acute Food Insecurity Analysis,Wajir,,fcs,FCS Phase 1-2,NDMA,Food Consumption Score,60,R1+,,,270,,,,,2026-05-01T00:00:00,2026-05-31T00:00:00,,,
,,2026-05-15T00:00:00,Acute Food Insecurity Analysis,Wajir,,fcs,FCS Phase 3,NDMA,Food Consumption Score,23,R1+,,,270,,,,,2026-05-01T00:00:00,2026-05-31T00:00:00,,,
,,2026-05-15T00:00:00,Acute Food Insecurity Analysis,Wajir,,fcs,FCS Phase 4-5,NDMA,Food Consumption Score,18,R1+,,,270,,,,,2026-05-01T00:00:00,2026-05-31T00:00:00,,,
,,2026-05-15T00:00:00,Acute Food Insecurity Analysis,Wajir,,rcsi,RCSI Phase 1,NDMA,Reduced Coping Strategies Index,24,R1+,,,270,,,,,2026-05-01T00:00:00,2026-05-31T00:00:00,,,
,,2026-05-15T00:00:00,Acute Food Insecurity Analysis,Wajir,,rcsi,RCSI Phase 2,NDMA,Reduced Coping Strategies Index,59,R1+,,,270,,,,,2026-05-01T00:00:00,2026-05-31T00:00:00,,,
,,2026-05-15T00:00:00,Acute Food Insecurity Analysis,Wajir,,rcsi,RCSI Phase 3+,NDMA,Reduced Coping Strategies Index,18,R1+,,,270,,,,,2026-05-01T00:00:00,2026-05-31T00:00:00,,,
,,2026-05-15T00:00:00,Acute Food Insecurity Analysis,Wajir,,lcs,LCS Phase 1,NDMA,Livelihood Coping Strategy,75,R1+,,,270,,,,,2026-05-01T00:00:00,2026-05-31T00:00:00,,,
,,2026-05-15T00:00:00,Acute Food Insecurity Analysis,Wajir,,lcs,LCS Phase 2,NDMA,Livelihood Coping Strategy,9,R1+,,,270,,,,,2026-05-01T00:00:00,2026-05-31T00:00:00,,,
,,2026-05-15T00:00:00,Acute Food Insecurity Analysis,Wajir,,lcs,LCS Phase 3,NDMA,Livelihood Coping Strategy,2,R1+,,,270,,,,,2026-05-01T00:00:00,2026-05-31T00:00:00,,,
,,2026-05-15T00:00:00,Acute Food Insecurity Analysis,Wajir,,lcs,LCS Phase 4-5,NDMA,Livelihood Coping Strategy,13,R1+,,,270,,,,,2026-05-01T00:00:00,2026-05-31T00:00:00,,,
,,2026-04-15T00:00:00,Acute Food Insecurity Analysis,West Pokot,,fcs,FCS Phase 1-2,NDMA,Food Consumption Score,35,R1+,,,150,,,,,2026-04-01T00:00:00,2026-04-30T00:00:00,,,
,,2026-04-15T00:00:00,Acute Food Insecurity Analysis,West Pokot,,fcs,FCS Phase 3,NDMA,Food Consumption Score,61,R1+,,,150,,,,,2026-04-01T00:00:00,2026-04-30T00:00:00,,,
,,2026-04-15T00:00:00,Acute Food Insecurity Analysis,West Pokot,,fcs,FCS Phase 4-5,NDMA,Food Consumption Score,4,R1+,,,150,,,,,2026-04-01T00:00:00,2026-04-30T00:00:00,,,
,,2026-04-15T00:00:00,Acute Food Insecurity Analysis,West Pokot,,rcsi,RCSI Phase 1,NDMA,Reduced Coping Strategies Index,33,R1+,,,150,,,,,2026-04-01T00:00:00,2026-04-30T00:00:00,,,
,,2026-04-15T00:00:00,Acute Food Insecurity Analysis,West Pokot,,rcsi,RCSI Phase 2,NDMA,Reduced Coping Strategies Index,67,R1+,,,150,,,,,2026-04-01T00:00:00,2026-04-30T00:00:00,,,
,,2026-04-15T00:00:00,Acute Food Insecurity Analysis,West Pokot,,rcsi,RCSI Phase 3+,NDMA,Reduced Coping Strategies Index,0,R1+,,,150,,,,,2026-04-01T00:00:00,2026-04-30T00:00:00,,,
,,2026-04-15T00:00:00,Acute Food Insecurity Analysis,West Pokot,,lcs,LCS Phase 1,NDMA,Livelihood Coping Strategy,73,R1+,,,150,,,,,2026-04-01T00:00:00,2026-04-30T00:00:00,,,
,,2026-04-15T00:00:00,Acute Food Insecurity Analysis,West Pokot,,lcs,LCS Phase 2,NDMA,Livelihood Coping Strategy,21,R1+,,,150,,,,,2026-04-01T00:00:00,2026-04-30T00:00:00,,,
,,2026-04-15T00:00:00,Acute Food Insecurity Analysis,West Pokot,,lcs,LCS Phase 3,NDMA,Livelihood Coping Strategy,7,R1+,,,150,,,,,2026-04-01T00:00:00,2026-04-30T00:00:00,,,
,,2026-04-15T00:00:00,Acute Food Insecurity Analysis,West Pokot,,lcs,LCS Phase 4-5,NDMA,Livelihood Coping Strategy,0,R1+,,,150,,,,,2026-04-01T00:00:00,2026-04-30T00:00:00,,,
,,2026-02-15T00:00:00,Acute Food Insecurity Analysis,West Pokot,,fcs,FCS Phase 1-2,NDMA,Food Consumption Score,35,R1+,,,150,,,,,2026-02-01T00:00:00,2026-02-28T00:00:00,,,
,,2026-02-15T00:00:00,Acute Food Insecurity Analysis,West Pokot,,fcs,FCS Phase 3,NDMA,Food Consumption Score,53,R1+,,,150,,,,,2026-02-01T00:00:00,2026-02-28T00:00:00,,,
,,2026-02-15T00:00:00,Acute Food Insecurity Analysis,West Pokot,,fcs,FCS Phase 4-5,NDMA,Food Consumption Score,13,R1+,,,150,,,,,2026-02-01T00:00:00,2026-02-28T00:00:00,,,
,,2026-02-15T00:00:00,Acute Food Insecurity Analysis,West Pokot,,rcsi,RCSI Phase 1,NDMA,Reduced Coping Strategies Index,29,R1+,,,150,,,,,2026-02-01T00:00:00,2026-02-28T00:00:00,,,
,,2026-02-15T00:00:00,Acute Food Insecurity Analysis,West Pokot,,rcsi,RCSI Phase 2,NDMA,Reduced Coping Strategies Index,71,R1+,,,150,,,,,2026-02-01T00:00:00,2026-02-28T00:00:00,,,
,,2026-02-15T00:00:00,Acute Food Insecurity Analysis,West Pokot,,rcsi,RCSI Phase 3+,NDMA,Reduced Coping Strategies Index,0,R1+,,,150,,,,,2026-02-01T00:00:00,2026-02-28T00:00:00,,,
,,2026-02-15T00:00:00,Acute Food Insecurity Analysis,West Pokot,,lcs,LCS Phase 1,NDMA,Livelihood Coping Strategy,79,R1+,,,150,,,,,2026-02-01T00:00:00,2026-02-28T00:00:00,,,
,,2026-02-15T00:00:00,Acute Food Insecurity Analysis,West Pokot,,lcs,LCS Phase 2,NDMA,Livelihood Coping Strategy,13,R1+,,,150,,,,,2026-02-01T00:00:00,2026-02-28T00:00:00,,,
,,2026-02-15T00:00:00,Acute Food Insecurity Analysis,West Pokot,,lcs,LCS Phase 3,NDMA,Livelihood Coping Strategy,8,R1+,,,150,,,,,2026-02-01T00:00:00,2026-02-28T00:00:00,,,
,,2026-02-15T00:00:00,Acute Food Insecurity Analysis,West Pokot,,lcs,LCS Phase 4-5,NDMA,Livelihood Coping Strategy,1,R1+,,,150,,,,,2026-02-01T00:00:00,2026-02-28T00:00:00,,,
,,2026-01-15T00:00:00,Acute Food Insecurity Analysis,West Pokot,,fcs,FCS Phase 1-2,NDMA,Food Consumption Score,44,R1+,,,150,,,,,2026-01-01T00:00:00,2026-01-31T00:00:00,,,
,,2026-01-15T00:00:00,Acute Food Insecurity Analysis,West Pokot,,fcs,FCS Phase 3,NDMA,Food Consumption Score,43,R1+,,,150,,,,,2026-01-01T00:00:00,2026-01-31T00:00:00,,,
,,2026-01-15T00:00:00,Acute Food Insecurity Analysis,West Pokot,,fcs,FCS Phase 4-5,NDMA,Food Consumption Score,13,R1+,,,150,,,,,2026-01-01T00:00:00,2026-01-31T00:00:00,,,
,,2026-01-15T00:00:00,Acute Food Insecurity Analysis,West Pokot,,rcsi,RCSI Phase 1,NDMA,Reduced Coping Strategies Index,31,R1+,,,150,,,,,2026-01-01T00:00:00,2026-01-31T00:00:00,,,
,,2026-01-15T00:00:00,Acute Food Insecurity Analysis,West Pokot,,rcsi,RCSI Phase 2,NDMA,Reduced Coping Strategies Index,69,R1+,,,150,,,,,2026-01-01T00:00:00,2026-01-31T00:00:00,,,
,,2026-01-15T00:00:00,Acute Food Insecurity Analysis,West Pokot,,rcsi,RCSI Phase 3+,NDMA,Reduced Coping Strategies Index,0,R1+,,,150,,,,,2026-01-01T00:00:00,2026-01-31T00:00:00,,,
,,2026-01-15T00:00:00,Acute Food Insecurity Analysis,West Pokot,,lcs,LCS Phase 1,NDMA,Livelihood Coping Strategy,74,R1+,,,150,,,,,2026-01-01T00:00:00,2026-01-31T00:00:00,,,
,,2026-01-15T00:00:00,Acute Food Insecurity Analysis,West Pokot,,lcs,LCS Phase 2,NDMA,Livelihood Coping Strategy,21,R1+,,,150,,,,,2026-01-01T00:00:00,2026-01-31T00:00:00,,,
,,2026-01-15T00:00:00,Acute Food Insecurity Analysis,West Pokot,,lcs,LCS Phase 3,NDMA,Livelihood Coping Strategy,5,R1+,,,150,,,,,2026-01-01T00:00:00,2026-01-31T00:00:00,,,
,,2026-01-15T00:00:00,Acute Food Insecurity Analysis,West Pokot,,lcs,LCS Phase 4-5,NDMA,Livelihood Coping Strategy,0,R1+,,,150,,,,,2026-01-01T00:00:00,2026-01-31T00:00:00,,,
,,2026-06-15T00:00:00,Acute Food Insecurity Analysis,West Pokot,,fcs,FCS Phase 1-2,NDMA,Food Consumption Score,35,R1+,,,150,,,,,2026-06-01T00:00:00,2026-06-30T00:00:00,,,
,,2026-06-15T00:00:00,Acute Food Insecurity Analysis,West Pokot,,fcs,FCS Phase 3,NDMA,Food Consumption Score,58,R1+,,,150,,,,,2026-06-01T00:00:00,2026-06-30T00:00:00,,,
,,2026-06-15T00:00:00,Acute Food Insecurity Analysis,West Pokot,,fcs,FCS Phase 4-5,NDMA,Food Consumption Score,7,R1+,,,150,,,,,2026-06-01T00:00:00,2026-06-30T00:00:00,,,
,,2026-06-15T00:00:00,Acute Food Insecurity Analysis,West Pokot,,rcsi,RCSI Phase 1,NDMA,Reduced Coping Strategies Index,35,R1+,,,150,,,,,2026-06-01T00:00:00,2026-06-30T00:00:00,,,
,,2026-06-15T00:00:00,Acute Food Insecurity Analysis,West Pokot,,rcsi,RCSI Phase 2,NDMA,Reduced Coping Strategies Index,65,R1+,,,150,,,,,2026-06-01T00:00:00,2026-06-30T00:00:00,,,
,,2026-06-15T00:00:00,Acute Food Insecurity Analysis,West Pokot,,rcsi,RCSI Phase 3+,NDMA,Reduced Coping Strategies Index,0,R1+,,,150,,,,,2026-06-01T00:00:00,2026-06-30T00:00:00,,,
,,2026-06-15T00:00:00,Acute Food Insecurity Analysis,West Pokot,,lcs,LCS Phase 1,NDMA,Livelihood Coping Strategy,75,R1+,,,150,,,,,2026-06-01T00:00:00,2026-06-30T00:00:00,,,
,,2026-06-15T00:00:00,Acute Food Insecurity Analysis,West Pokot,,lcs,LCS Phase 2,NDMA,Livelihood Coping Strategy,17,R1+,,,150,,,,,2026-06-01T00:00:00,2026-06-30T00:00:00,,,
,,2026-06-15T00:00:00,Acute Food Insecurity Analysis,West Pokot,,lcs,LCS Phase 3,NDMA,Livelihood Coping Strategy,9,R1+,,,150,,,,,2026-06-01T00:00:00,2026-06-30T00:00:00,,,
,,2026-06-15T00:00:00,Acute Food Insecurity Analysis,West Pokot,,lcs,LCS Phase 4-5,NDMA,Livelihood Coping Strategy,0,R1+,,,150,,,,,2026-06-01T00:00:00,2026-06-30T00:00:00,,,
,,2026-03-15T00:00:00,Acute Food Insecurity Analysis,West Pokot,,fcs,FCS Phase 1-2,NDMA,Food Consumption Score,37,R1+,,,150,,,,,2026-03-01T00:00:00,2026-03-31T00:00:00,,,
,,2026-03-15T00:00:00,Acute Food Insecurity Analysis,West Pokot,,fcs,FCS Phase 3,NDMA,Food Consumption Score,55,R1+,,,150,,,,,2026-03-01T00:00:00,2026-03-31T00:00:00,,,
,,2026-03-15T00:00:00,Acute Food Insecurity Analysis,West Pokot,,fcs,FCS Phase 4-5,NDMA,Food Consumption Score,9,R1+,,,150,,,,,2026-03-01T00:00:00,2026-03-31T00:00:00,,,
,,2026-03-15T00:00:00,Acute Food Insecurity Analysis,West Pokot,,rcsi,RCSI Phase 1,NDMA,Reduced Coping Strategies Index,34,R1+,,,150,,,,,2026-03-01T00:00:00,2026-03-31T00:00:00,,,
,,2026-03-15T00:00:00,Acute Food Insecurity Analysis,West Pokot,,rcsi,RCSI Phase 2,NDMA,Reduced Coping Strategies Index,66,R1+,,,150,,,,,2026-03-01T00:00:00,2026-03-31T00:00:00,,,
,,2026-03-15T00:00:00,Acute Food Insecurity Analysis,West Pokot,,rcsi,RCSI Phase 3+,NDMA,Reduced Coping Strategies Index,0,R1+,,,150,,,,,2026-03-01T00:00:00,2026-03-31T00:00:00,,,
,,2026-03-15T00:00:00,Acute Food Insecurity Analysis,West Pokot,,lcs,LCS Phase 1,NDMA,Livelihood Coping Strategy,75,R1+,,,150,,,,,2026-03-01T00:00:00,2026-03-31T00:00:00,,,
,,2026-03-15T00:00:00,Acute Food Insecurity Analysis,West Pokot,,lcs,LCS Phase 2,NDMA,Livelihood Coping Strategy,18,R1+,,,150,,,,,2026-03-01T00:00:00,2026-03-31T00:00:00,,,
,,2026-03-15T00:00:00,Acute Food Insecurity Analysis,West Pokot,,lcs,LCS Phase 3,NDMA,Livelihood Coping Strategy,7,R1+,,,150,,,,,2026-03-01T00:00:00,2026-03-31T00:00:00,,,
,,2026-03-15T00:00:00,Acute Food Insecurity Analysis,West Pokot,,lcs,LCS Phase 4-5,NDMA,Livelihood Coping Strategy,0,R1+,,,150,,,,,2026-03-01T00:00:00,2026-03-31T00:00:00,,,
,,2026-05-15T00:00:00,Acute Food Insecurity Analysis,West Pokot,,fcs,FCS Phase 1-2,NDMA,Food Consumption Score,37,R1+,,,151,,,,,2026-05-01T00:00:00,2026-05-31T00:00:00,,,
,,2026-05-15T00:00:00,Acute Food Insecurity Analysis,West Pokot,,fcs,FCS Phase 3,NDMA,Food Consumption Score,60,R1+,,,151,,,,,2026-05-01T00:00:00,2026-05-31T00:00:00,,,
,,2026-05-15T00:00:00,Acute Food Insecurity Analysis,West Pokot,,fcs,FCS Phase 4-5,NDMA,Food Consumption Score,3,R1+,,,151,,,,,2026-05-01T00:00:00,2026-05-31T00:00:00,,,
,,2026-05-15T00:00:00,Acute Food Insecurity Analysis,West Pokot,,rcsi,RCSI Phase 1,NDMA,Reduced Coping Strategies Index,31,R1+,,,151,,,,,2026-05-01T00:00:00,2026-05-31T00:00:00,,,
,,2026-05-15T00:00:00,Acute Food Insecurity Analysis,West Pokot,,rcsi,RCSI Phase 2,NDMA,Reduced Coping Strategies Index,69,R1+,,,151,,,,,2026-05-01T00:00:00,2026-05-31T00:00:00,,,
,,2026-05-15T00:00:00,Acute Food Insecurity Analysis,West Pokot,,rcsi,RCSI Phase 3+,NDMA,Reduced Coping Strategies Index,0,R1+,,,151,,,,,2026-05-01T00:00:00,2026-05-31T00:00:00,,,
,,2026-05-15T00:00:00,Acute Food Insecurity Analysis,West Pokot,,lcs,LCS Phase 1,NDMA,Livelihood Coping Strategy,77,R1+,,,151,,,,,2026-05-01T00:00:00,2026-05-31T00:00:00,,,
,,2026-05-15T00:00:00,Acute Food Insecurity Analysis,West Pokot,,lcs,LCS Phase 2,NDMA,Livelihood Coping Strategy,16,R1+,,,151,,,,,2026-05-01T00:00:00,2026-05-31T00:00:00,,,
,,2026-05-15T00:00:00,Acute Food Insecurity Analysis,West Pokot,,lcs,LCS Phase 3,NDMA,Livelihood Coping Strategy,7,R1+,,,151,,,,,2026-05-01T00:00:00,2026-05-31T00:00:00,,,
,,2026-05-15T00:00:00,Acute Food Insecurity Analysis,West Pokot,,lcs,LCS Phase 4-5,NDMA,Livelihood Coping Strategy,0,R1+,,,151,,,,,2026-05-01T00:00:00,2026-05-31T00:00:00,,,
R4QUJTOZFQIi,KE,2026-07-27T00:00:00,Acute Food Insecurity,Garissa,1797598623,fcs,FCS Phase 1-2,REACH,Food Consumption Score,74.9,R2,,,1133,,,,,2026-06-09T00:00:00,2026-06-25T00:00:00,,,
fgRUJxSlp744,KE,2026-07-27T00:00:00,Acute Food Insecurity,Garissa,1797598623,fcs,FCS Phase 3,REACH,Food Consumption Score,21.4,R2,,,1133,,,,,2026-06-09T00:00:00,2026-06-25T00:00:00,,,
JSxR3pthAJ1T,KE,2026-07-27T00:00:00,Acute Food Insecurity,Garissa,1797598623,fcs,FCS Phase 4-5,REACH,Food Consumption Score,3.7,R2,,,1133,,,,,2026-06-09T00:00:00,2026-06-25T00:00:00,,,
0A1qJuWLiXIn,KE,2026-07-27T00:00:00,Acute Food Insecurity,Mandera,22022253,fcs,FCS Phase 1-2,REACH,Food Consumption Score,47.2,R2,,,753,,,,,2026-06-09T00:00:00,2026-06-25T00:00:00,,,
lHQbObvXhIS6,KE,2026-07-27T00:00:00,Acute Food Insecurity,Mandera,22022253,fcs,FCS Phase 3,REACH,Food Consumption Score,47,R2,,,753,,,,,2026-06-09T00:00:00,2026-06-25T00:00:00,,,
ZeYVXRm-T_rZ,KE,2026-07-27T00:00:00,Acute Food Insecurity,Mandera,22022253,fcs,FCS Phase 4-5,REACH,Food Consumption Score,5.8,R2,,,753,,,,,2026-06-09T00:00:00,2026-06-25T00:00:00,,,
MOkVmvoW3R3U,KE,2026-07-27T00:00:00,Acute Food Insecurity,Marsabit,1658482900,fcs,FCS Phase 1-2,REACH,Food Consumption Score,63.4,R2,,,737,,,,,2026-06-09T00:00:00,2026-06-25T00:00:00,,,
oLMj20QhcUf3,KE,2026-07-27T00:00:00,Acute Food Insecurity,Marsabit,1658482900,fcs,FCS Phase 3,REACH,Food Consumption Score,33.7,R2,,,737,,,,,2026-06-09T00:00:00,2026-06-25T00:00:00,,,
esANxk7bTaM9,KE,2026-07-27T00:00:00,Acute Food Insecurity,Marsabit,1658482900,fcs,FCS Phase 4-5,REACH,Food Consumption Score,2.9,R2,,,737,,,,,2026-06-09T00:00:00,2026-06-25T00:00:00,,,
8EZDjd9G0dPL,KE,2026-07-27T00:00:00,Acute Food Insecurity,Turkana,555408936,fcs,FCS Phase 1-2,REACH,Food Consumption Score,44.3,R2,,,1438,,,,,2026-06-09T00:00:00,2026-06-25T00:00:00,,,
gwb0Z8k_UP81,KE,2026-07-27T00:00:00,Acute Food Insecurity,Turkana,555408936,fcs,FCS Phase 3,REACH,Food Consumption Score,42,R2,,,1438,,,,,2026-06-09T00:00:00,2026-06-25T00:00:00,,,
ahfhyXt6AOar,KE,2026-07-27T00:00:00,Acute Food Insecurity,Turkana,555408936,fcs,FCS Phase 4-5,REACH,Food Consumption Score,13.7,R2,,,1438,,,,,2026-06-09T00:00:00,2026-06-25T00:00:00,,,
I3AqD2lyep1H,KE,2026-07-27T00:00:00,Acute Food Insecurity,Wajir,822014985,fcs,FCS Phase 1-2,REACH,Food Consumption Score,75.5,R2,,,835,,,,,2026-06-09T00:00:00,2026-06-25T00:00:00,,,
q63zuwtAKyKs,KE,2026-07-27T00:00:00,Acute Food Insecurity,Wajir,822014985,fcs,FCS Phase 3,REACH,Food Consumption Score,20.4,R2,,,835,,,,,2026-06-09T00:00:00,2026-06-25T00:00:00,,,
bbHHWZrUjwfQ,KE,2026-07-27T00:00:00,Acute Food Insecurity,Wajir,822014985,fcs,FCS Phase 4-5,REACH,Food Consumption Score,4.1,R2,,,835,,,,,2026-06-09T00:00:00,2026-06-25T00:00:00,,,
V0zHXkwms-cr,KE,2026-07-27T00:00:00,Acute Food Insecurity,Garissa,1797598623,hdds,HDDS Phase 1-2,REACH,Household Dietary Diversity Score,83.8,R2,,,1133,,,,,2026-06-09T00:00:00,2026-06-25T00:00:00,,,
uRv6VVk83FIu,KE,2026-07-27T00:00:00,Acute Food Insecurity,Garissa,1797598623,hdds,HDDS Phase 3,REACH,Household Dietary Diversity Score,5.7,R2,,,1133,,,,,2026-06-09T00:00:00,2026-06-25T00:00:00,,,
z_iKfNsEDBiD,KE,2026-07-27T00:00:00,Acute Food Insecurity,Garissa,1797598623,hdds,HDDS Phase 4-5,REACH,Household Dietary Diversity Score,10.5,R2,,,1133,,,,,2026-06-09T00:00:00,2026-06-25T00:00:00,,,
z_2iX0ypgLi4,KE,2026-07-27T00:00:00,Acute Food Insecurity,Mandera,22022253,hdds,HDDS Phase 1-2,REACH,Household Dietary Diversity Score,93,R2,,,753,,,,,2026-06-09T00:00:00,2026-06-25T00:00:00,,,
Kn9BxpngYidH,KE,2026-07-27T00:00:00,Acute Food Insecurity,Mandera,22022253,hdds,HDDS Phase 3,REACH,Household Dietary Diversity Score,0.3,R2,,,753,,,,,2026-06-09T00:00:00,2026-06-25T00:00:00,,,
_uNc37vhD_a7,KE,2026-07-27T00:00:00,Acute Food Insecurity,Mandera,22022253,hdds,HDDS Phase 4-5,REACH,Household Dietary Diversity Score,6.7,R2,,,753,,,,,2026-06-09T00:00:00,2026-06-25T00:00:00,,,
3QF2EZ6aGkgF,KE,2026-07-27T00:00:00,Acute Food Insecurity,Marsabit,1658482900,hdds,HDDS Phase 1-2,REACH,Household Dietary Diversity Score,77.7,R2,,,737,,,,,2026-06-09T00:00:00,2026-06-25T00:00:00,,,
GHdma0hQA9oq,KE,2026-07-27T00:00:00,Acute Food Insecurity,Marsabit,1658482900,hdds,HDDS Phase 3,REACH,Household Dietary Diversity Score,6.5,R2,,,737,,,,,2026-06-09T00:00:00,2026-06-25T00:00:00,,,
YvC8Mgm2qVnz,KE,2026-07-27T00:00:00,Acute Food Insecurity,Marsabit,1658482900,hdds,HDDS Phase 4-5,REACH,Household Dietary Diversity Score,15.8,R2,,,737,,,,,2026-06-09T00:00:00,2026-06-25T00:00:00,,,
iETTLhgRjYST,KE,2026-07-27T00:00:00,Acute Food Insecurity,Turkana,555408936,hdds,HDDS Phase 1-2,REACH,Household Dietary Diversity Score,45.3,R2,,,1438,,,,,2026-06-09T00:00:00,2026-06-25T00:00:00,,,
yIgaAtkHWSs2,KE,2026-07-27T00:00:00,Acute Food Insecurity,Turkana,555408936,hdds,HDDS Phase 3,REACH,Household Dietary Diversity Score,11.8,R2,,,1438,,,,,2026-06-09T00:00:00,2026-06-25T00:00:00,,,
Q31uwhCRIPTN,KE,2026-07-27T00:00:00,Acute Food Insecurity,Turkana,555408936,hdds,HDDS Phase 4-5,REACH,Household Dietary Diversity Score,42.9,R2,,,1438,,,,,2026-06-09T00:00:00,2026-06-25T00:00:00,,,
zDdW0Gl7cjiE,KE,2026-07-27T00:00:00,Acute Food Insecurity,Wajir,822014985,hdds,HDDS Phase 1-2,REACH,Household Dietary Diversity Score,71.7,R2,,,835,,,,,2026-06-09T00:00:00,2026-06-25T00:00:00,,,
og5gh7DjhsPG,KE,2026-07-27T00:00:00,Acute Food Insecurity,Wajir,822014985,hdds,HDDS Phase 3,REACH,Household Dietary Diversity Score,4.4,R2,,,835,,,,,2026-06-09T00:00:00,2026-06-25T00:00:00,,,
A5cI0RXxQwWK,KE,2026-07-27T00:00:00,Acute Food Insecurity,Wajir,822014985,hdds,HDDS Phase 4-5,REACH,Household Dietary Diversity Score,23.8,R2,,,835,,,,,2026-06-09T00:00:00,2026-06-25T00:00:00,,,
QnPXu1OjPhkY,KE,2026-07-27T00:00:00,Acute Food Insecurity,Garissa,1797598623,rcsi,RCSI Phase 1,REACH,Reduced Coping Strategies Index,11.7,R2,,,1133,,,,,2026-06-09T00:00:00,2026-06-25T00:00:00,,,
EOqIahH2xErk,KE,2026-07-27T00:00:00,Acute Food Insecurity,Garissa,1797598623,rcsi,RCSI Phase 2,REACH,Reduced Coping Strategies Index,72.7,R2,,,1133,,,,,2026-06-09T00:00:00,2026-06-25T00:00:00,,,
KmPCQywdlSHi,KE,2026-07-27T00:00:00,Acute Food Insecurity,Garissa,1797598623,rcsi,RCSI Phase 3+,REACH,Reduced Coping Strategies Index,15.6,R2,,,1133,,,,,2026-06-09T00:00:00,2026-06-25T00:00:00,,,
nznn1gKN0GBW,KE,2026-07-27T00:00:00,Acute Food Insecurity,Mandera,22022253,rcsi,RCSI Phase 1,REACH,Reduced Coping Strategies Index,1,R2,,,753,,,,,2026-06-09T00:00:00,2026-06-25T00:00:00,,,
Kpo-1iZzAq4j,KE,2026-07-27T00:00:00,Acute Food Insecurity,Mandera,22022253,rcsi,RCSI Phase 2,REACH,Reduced Coping Strategies Index,82.4,R2,,,753,,,,,2026-06-09T00:00:00,2026-06-25T00:00:00,,,
ju7v43NRBSLO,KE,2026-07-27T00:00:00,Acute Food Insecurity,Mandera,22022253,rcsi,RCSI Phase 3+,REACH,Reduced Coping Strategies Index,16.6,R2,,,753,,,,,2026-06-09T00:00:00,2026-06-25T00:00:00,,,
I97LTg6Uojub,KE,2026-07-27T00:00:00,Acute Food Insecurity,Marsabit,1658482900,rcsi,RCSI Phase 1,REACH,Reduced Coping Strategies Index,6.4,R2,,,737,,,,,2026-06-09T00:00:00,2026-06-25T00:00:00,,,
4_JWbrTdZ0dX,KE,2026-07-27T00:00:00,Acute Food Insecurity,Marsabit,1658482900,rcsi,RCSI Phase 2,REACH,Reduced Coping Strategies Index,69.4,R2,,,737,,,,,2026-06-09T00:00:00,2026-06-25T00:00:00,,,
PebpO9goHkzR,KE,2026-07-27T00:00:00,Acute Food Insecurity,Marsabit,1658482900,rcsi,RCSI Phase 3+,REACH,Reduced Coping Strategies Index,24.2,R2,,,737,,,,,2026-06-09T00:00:00,2026-06-25T00:00:00,,,
TsFTaMjSnrQ6,KE,2026-07-27T00:00:00,Acute Food Insecurity,Turkana,555408936,rcsi,RCSI Phase 1,REACH,Reduced Coping Strategies Index,1.3,R2,,,1438,,,,,2026-06-09T00:00:00,2026-06-25T00:00:00,,,
y4I_ibbUjl39,KE,2026-07-27T00:00:00,Acute Food Insecurity,Turkana,555408936,rcsi,RCSI Phase 2,REACH,Reduced Coping Strategies Index,64.3,R2,,,1438,,,,,2026-06-09T00:00:00,2026-06-25T00:00:00,,,
wsgqavRBtFUu,KE,2026-07-27T00:00:00,Acute Food Insecurity,Turkana,555408936,rcsi,RCSI Phase 3+,REACH,Reduced Coping Strategies Index,34.4,R2,,,1438,,,,,2026-06-09T00:00:00,2026-06-25T00:00:00,,,
iI8TVGaQgIc2,KE,2026-07-27T00:00:00,Acute Food Insecurity,Wajir,822014985,rcsi,RCSI Phase 1,REACH,Reduced Coping Strategies Index,19.1,R2,,,835,,,,,2026-06-09T00:00:00,2026-06-25T00:00:00,,,
1ezkn8vgFtc5,KE,2026-07-27T00:00:00,Acute Food Insecurity,Wajir,822014985,rcsi,RCSI Phase 2,REACH,Reduced Coping Strategies Index,58.3,R2,,,835,,,,,2026-06-09T00:00:00,2026-06-25T00:00:00,,,
XoKLCwvyenpv,KE,2026-07-27T00:00:00,Acute Food Insecurity,Wajir,822014985,rcsi,RCSI Phase 3+,REACH,Reduced Coping Strategies Index,22.6,R2,,,835,,,,,2026-06-09T00:00:00,2026-06-25T00:00:00,,,
WSMI1V44pTOd,KE,2026-07-27T00:00:00,Acute Food Insecurity,Garissa,1797598623,hhs,HHS Phase 1,REACH,Household Hunger Score,19.2,R2,,,1133,,,,,2026-06-09T00:00:00,2026-06-25T00:00:00,,,
T-zkDpaC83sY,KE,2026-07-27T00:00:00,Acute Food Insecurity,Garissa,1797598623,hhs,HHS Phase 2,REACH,Household Hunger Score,26.4,R2,,,1133,,,,,2026-06-09T00:00:00,2026-06-25T00:00:00,,,
VpsHNeeqALUZ,KE,2026-07-27T00:00:00,Acute Food Insecurity,Garissa,1797598623,hhs,HHS Phase 3,REACH,Household Hunger Score,54.4,R2,,,1133,,,,,2026-06-09T00:00:00,2026-06-25T00:00:00,,,
-YCg9YbZFuet,KE,2026-07-27T00:00:00,Acute Food Insecurity,Garissa,1797598623,hhs,HHS Phase 4,REACH,Household Hunger Score,0,R2,,,1133,,,,,2026-06-09T00:00:00,2026-06-25T00:00:00,,,
k9hbM_gf5o4r,KE,2026-07-27T00:00:00,Acute Food Insecurity,Garissa,1797598623,hhs,HHS Phase 5,REACH,Household Hunger Score,0,R2,,,1133,,,,,2026-06-09T00:00:00,2026-06-25T00:00:00,,,
h1pidVG4FbGO,KE,2026-07-27T00:00:00,Acute Food Insecurity,Mandera,22022253,hhs,HHS Phase 1,REACH,Household Hunger Score,16,R2,,,753,,,,,2026-06-09T00:00:00,2026-06-25T00:00:00,,,
kW42psOZaUKR,KE,2026-07-27T00:00:00,Acute Food Insecurity,Mandera,22022253,hhs,HHS Phase 2,REACH,Household Hunger Score,65.7,R2,,,753,,,,,2026-06-09T00:00:00,2026-06-25T00:00:00,,,
YWaN1MXZ4ILU,KE,2026-07-27T00:00:00,Acute Food Insecurity,Mandera,22022253,hhs,HHS Phase 3,REACH,Household Hunger Score,13.6,R2,,,753,,,,,2026-06-09T00:00:00,2026-06-25T00:00:00,,,
fi7calFs2465,KE,2026-07-27T00:00:00,Acute Food Insecurity,Mandera,22022253,hhs,HHS Phase 4,REACH,Household Hunger Score,3.2,R2,,,753,,,,,2026-06-09T00:00:00,2026-06-25T00:00:00,,,
N_k1-B7PjND0,KE,2026-07-27T00:00:00,Acute Food Insecurity,Mandera,22022253,hhs,HHS Phase 5,REACH,Household Hunger Score,1.6,R2,,,753,,,,,2026-06-09T00:00:00,2026-06-25T00:00:00,,,
umM9v4sDNuVx,KE,2026-07-27T00:00:00,Acute Food Insecurity,Marsabit,1658482900,hhs,HHS Phase 1,REACH,Household Hunger Score,20.4,R2,,,737,,,,,2026-06-09T00:00:00,2026-06-25T00:00:00,,,
L3TIGJqeQ7_z,KE,2026-07-27T00:00:00,Acute Food Insecurity,Marsabit,1658482900,hhs,HHS Phase 2,REACH,Household Hunger Score,41,R2,,,737,,,,,2026-06-09T00:00:00,2026-06-25T00:00:00,,,
hsXi6VmwXgWt,KE,2026-07-27T00:00:00,Acute Food Insecurity,Marsabit,1658482900,hhs,HHS Phase 3,REACH,Household Hunger Score,38.4,R2,,,737,,,,,2026-06-09T00:00:00,2026-06-25T00:00:00,,,
QSm-8Y7oUsiT,KE,2026-07-27T00:00:00,Acute Food Insecurity,Marsabit,1658482900,hhs,HHS Phase 4,REACH,Household Hunger Score,0.3,R2,,,737,,,,,2026-06-09T00:00:00,2026-06-25T00:00:00,,,
eh-e38_N7ps7,KE,2026-07-27T00:00:00,Acute Food Insecurity,Marsabit,1658482900,hhs,HHS Phase 5,REACH,Household Hunger Score,0,R2,,,737,,,,,2026-06-09T00:00:00,2026-06-25T00:00:00,,,
nuulSJ3nIMRA,KE,2026-07-27T00:00:00,Acute Food Insecurity,Turkana,555408936,hhs,HHS Phase 1,REACH,Household Hunger Score,13.5,R2,,,1438,,,,,2026-06-09T00:00:00,2026-06-25T00:00:00,,,
_gxpt_-2JOgN,KE,2026-07-27T00:00:00,Acute Food Insecurity,Turkana,555408936,hhs,HHS Phase 2,REACH,Household Hunger Score,59.8,R2,,,1438,,,,,2026-06-09T00:00:00,2026-06-25T00:00:00,,,
0kr9E3XSUMLu,KE,2026-07-27T00:00:00,Acute Food Insecurity,Turkana,555408936,hhs,HHS Phase 3,REACH,Household Hunger Score,20.3,R2,,,1438,,,,,2026-06-09T00:00:00,2026-06-25T00:00:00,,,
eaNw0tH7Kuac,KE,2026-07-27T00:00:00,Acute Food Insecurity,Turkana,555408936,hhs,HHS Phase 4,REACH,Household Hunger Score,1.2,R2,,,1438,,,,,2026-06-09T00:00:00,2026-06-25T00:00:00,,,
v_ByVI_Kok-z,KE,2026-07-27T00:00:00,Acute Food Insecurity,Turkana,555408936,hhs,HHS Phase 5,REACH,Household Hunger Score,5.2,R2,,,1438,,,,,2026-06-09T00:00:00,2026-06-25T00:00:00,,,
lMYEjgTE2caY,KE,2026-07-27T00:00:00,Acute Food Insecurity,Wajir,822014985,hhs,HHS Phase 1,REACH,Household Hunger Score,21.7,R2,,,835,,,,,2026-06-09T00:00:00,2026-06-25T00:00:00,,,
HsTrUSmFbzNt,KE,2026-07-27T00:00:00,Acute Food Insecurity,Wajir,822014985,hhs,HHS Phase 2,REACH,Household Hunger Score,36,R2,,,835,,,,,2026-06-09T00:00:00,2026-06-25T00:00:00,,,
Ky9wNduPV26R,KE,2026-07-27T00:00:00,Acute Food Insecurity,Wajir,822014985,hhs,HHS Phase 3,REACH,Household Hunger Score,41.6,R2,,,835,,,,,2026-06-09T00:00:00,2026-06-25T00:00:00,,,
7KI2nH3UQSwP,KE,2026-07-27T00:00:00,Acute Food Insecurity,Wajir,822014985,hhs,HHS Phase 4,REACH,Household Hunger Score,0.5,R2,,,835,,,,,2026-06-09T00:00:00,2026-06-25T00:00:00,,,
y_-IgkLg-Yod,KE,2026-07-27T00:00:00,Acute Food Insecurity,Wajir,822014985,hhs,HHS Phase 5,REACH,Household Hunger Score,0.2,R2,,,835,,,,,2026-06-09T00:00:00,2026-06-25T00:00:00,,,
zELee_8J45xb,KE,2026-07-27T00:00:00,Acute Food Insecurity,Garissa,1797598623,lcs,LCS Phase 1,REACH,Livelihood Coping Strategy,40.4,R2,,,1133,,,,,2026-06-09T00:00:00,2026-06-25T00:00:00,,,
3zP4eno1ZXT4,KE,2026-07-27T00:00:00,Acute Food Insecurity,Garissa,1797598623,lcs,LCS Phase 2,REACH,Livelihood Coping Strategy,29.5,R2,,,1133,,,,,2026-06-09T00:00:00,2026-06-25T00:00:00,,,
kXN4nGs3EFjj,KE,2026-07-27T00:00:00,Acute Food Insecurity,Garissa,1797598623,lcs,LCS Phase 3,REACH,Livelihood Coping Strategy,5.3,R2,,,1133,,,,,2026-06-09T00:00:00,2026-06-25T00:00:00,,,
-nPabdiDFDf4,KE,2026-07-27T00:00:00,Acute Food Insecurity,Garissa,1797598623,lcs,LCS Phase 4-5,REACH,Livelihood Coping Strategy,24.8,R2,,,1133,,,,,2026-06-09T00:00:00,2026-06-25T00:00:00,,,
6RZ_U9qsgHxP,KE,2026-07-27T00:00:00,Acute Food Insecurity,Mandera,22022253,lcs,LCS Phase 1,REACH,Livelihood Coping Strategy,4.2,R2,,,753,,,,,2026-06-09T00:00:00,2026-06-25T00:00:00,,,
Z6yMS-74xWt6,KE,2026-07-27T00:00:00,Acute Food Insecurity,Mandera,22022253,lcs,LCS Phase 2,REACH,Livelihood Coping Strategy,63.3,R2,,,753,,,,,2026-06-09T00:00:00,2026-06-25T00:00:00,,,
2YRdBYtlZwVi,KE,2026-07-27T00:00:00,Acute Food Insecurity,Mandera,22022253,lcs,LCS Phase 3,REACH,Livelihood Coping Strategy,5.8,R2,,,753,,,,,2026-06-09T00:00:00,2026-06-25T00:00:00,,,
zRgJpRZYE-fx,KE,2026-07-27T00:00:00,Acute Food Insecurity,Mandera,22022253,lcs,LCS Phase 4-5,REACH,Livelihood Coping Strategy,26.7,R2,,,753,,,,,2026-06-09T00:00:00,2026-06-25T00:00:00,,,
l5lpgCcnGmXg,KE,2026-07-27T00:00:00,Acute Food Insecurity,Marsabit,1658482900,lcs,LCS Phase 1,REACH,Livelihood Coping Strategy,6.6,R2,,,737,,,,,2026-06-09T00:00:00,2026-06-25T00:00:00,,,
jUZ2a0RoK3Bo,KE,2026-07-27T00:00:00,Acute Food Insecurity,Marsabit,1658482900,lcs,LCS Phase 2,REACH,Livelihood Coping Strategy,69.6,R2,,,737,,,,,2026-06-09T00:00:00,2026-06-25T00:00:00,,,
ZGNxm2WdbI_1,KE,2026-07-27T00:00:00,Acute Food Insecurity,Marsabit,1658482900,lcs,LCS Phase 3,REACH,Livelihood Coping Strategy,3.2,R2,,,737,,,,,2026-06-09T00:00:00,2026-06-25T00:00:00,,,
XgiIum8d9A6V,KE,2026-07-27T00:00:00,Acute Food Insecurity,Marsabit,1658482900,lcs,LCS Phase 4-5,REACH,Livelihood Coping Strategy,20.5,R2,,,737,,,,,2026-06-09T00:00:00,2026-06-25T00:00:00,,,
hcEFRPh8hPpn,KE,2026-07-27T00:00:00,Acute Food Insecurity,Turkana,555408936,lcs,LCS Phase 1,REACH,Livelihood Coping Strategy,8.1,R2,,,1438,,,,,2026-06-09T00:00:00,2026-06-25T00:00:00,,,
49CWSF4Ijwq2,KE,2026-07-27T00:00:00,Acute Food Insecurity,Turkana,555408936,lcs,LCS Phase 2,REACH,Livelihood Coping Strategy,59.5,R2,,,1438,,,,,2026-06-09T00:00:00,2026-06-25T00:00:00,,,
HC889SKH8qV5,KE,2026-07-27T00:00:00,Acute Food Insecurity,Turkana,555408936,lcs,LCS Phase 3,REACH,Livelihood Coping Strategy,9.4,R2,,,1438,,,,,2026-06-09T00:00:00,2026-06-25T00:00:00,,,
b_IXMABJ9fPw,KE,2026-07-27T00:00:00,Acute Food Insecurity,Turkana,555408936,lcs,LCS Phase 4-5,REACH,Livelihood Coping Strategy,23,R2,,,1438,,,,,2026-06-09T00:00:00,2026-06-25T00:00:00,,,
T9i0RsgcHILY,KE,2026-07-27T00:00:00,Acute Food Insecurity,Wajir,822014985,lcs,LCS Phase 1,REACH,Livelihood Coping Strategy,19,R2,,,835,,,,,2026-06-09T00:00:00,2026-06-25T00:00:00,,,
R8ddeet2Yk2L,KE,2026-07-27T00:00:00,Acute Food Insecurity,Wajir,822014985,lcs,LCS Phase 2,REACH,Livelihood Coping Strategy,35.4,R2,,,835,,,,,2026-06-09T00:00:00,2026-06-25T00:00:00,,,
cxrol2wxfPap,KE,2026-07-27T00:00:00,Acute Food Insecurity,Wajir,822014985,lcs,LCS Phase 3,REACH,Livelihood Coping Strategy,7.3,R2,,,835,,,,,2026-06-09T00:00:00,2026-06-25T00:00:00,,,
fJhK99jFvxXT,KE,2026-07-27T00:00:00,Acute Food Insecurity,Wajir,822014985,lcs,LCS Phase 4-5,REACH,Livelihood Coping Strategy,38.3,R2,,,835,,,,,2026-06-09T00:00:00,2026-06-25T00:00:00,,,
Crcoz7Dj9_mD,KE,2026-07-27T00:00:00,Acute Food Insecurity,Dadaab,752245141,fcs,FCS Phase 1-2,REACH,Food Consumption Score,39.7,R2,,,,,413,,,2026-06-09T00:00:00,2026-06-25T00:00:00,,,false
tUVR7ou6fVe5,KE,2026-07-27T00:00:00,Acute Food Insecurity,Dadaab,752245141,fcs,FCS Phase 3,REACH,Food Consumption Score,33.8,R2,,,,,413,,,2026-06-09T00:00:00,2026-06-25T00:00:00,,,false
0uUCvhxoq-Uy,KE,2026-07-27T00:00:00,Acute Food Insecurity,Dadaab,752245141,fcs,FCS Phase 4-5,REACH,Food Consumption Score,26.5,R2,,,,,413,,,2026-06-09T00:00:00,2026-06-25T00:00:00,,,false
6J1m3MNgSYO7,KE,2026-07-27T00:00:00,Acute Food Insecurity,Kakuma,325694451,fcs,FCS Phase 1-2,REACH,Food Consumption Score,39.1,R2,,,,,401,,,2026-06-09T00:00:00,2026-06-25T00:00:00,,,false
xoLqNwV8qEi_,KE,2026-07-27T00:00:00,Acute Food Insecurity,Kakuma,325694451,fcs,FCS Phase 3,REACH,Food Consumption Score,46,R2,,,,,401,,,2026-06-09T00:00:00,2026-06-25T00:00:00,,,false
n8JN0lf6qnBm,KE,2026-07-27T00:00:00,Acute Food Insecurity,Kakuma,325694451,fcs,FCS Phase 4-5,REACH,Food Consumption Score,14.9,R2,,,,,401,,,2026-06-09T00:00:00,2026-06-25T00:00:00,,,false
FBEvAm8C3_KF,KE,2026-07-27T00:00:00,Acute Food Insecurity,Kalobeyei,1805698982,fcs,FCS Phase 1-2,REACH,Food Consumption Score,31.4,R2,,,,,286,,,2026-06-09T00:00:00,2026-06-25T00:00:00,,,false
GjgJMZ3l1t80,KE,2026-07-27T00:00:00,Acute Food Insecurity,Kalobeyei,1805698982,fcs,FCS Phase 3,REACH,Food Consumption Score,53.1,R2,,,,,286,,,2026-06-09T00:00:00,2026-06-25T00:00:00,,,false
4sKVsOc8kEjE,KE,2026-07-27T00:00:00,Acute Food Insecurity,Kalobeyei,1805698982,fcs,FCS Phase 4-5,REACH,Food Consumption Score,15.4,R2,,,,,286,,,2026-06-09T00:00:00,2026-06-25T00:00:00,,,false
_edyuE7oL9E6,KE,2026-07-27T00:00:00,Acute Food Insecurity,Dadaab,752245141,hdds,HDDS Phase 1-2,REACH,Household Dietary Diversity Score,24.1,R2,,,,,413,,,2026-06-09T00:00:00,2026-06-25T00:00:00,,,false
0lJza3cAa2Y_,KE,2026-07-27T00:00:00,Acute Food Insecurity,Dadaab,752245141,hdds,HDDS Phase 3,REACH,Household Dietary Diversity Score,6,R2,,,,,413,,,2026-06-09T00:00:00,2026-06-25T00:00:00,,,false
oFuw7aT5dCTe,KE,2026-07-27T00:00:00,Acute Food Insecurity,Dadaab,752245141,hdds,HDDS Phase 4-5,REACH,Household Dietary Diversity Score,69.9,R2,,,,,413,,,2026-06-09T00:00:00,2026-06-25T00:00:00,,,false
oD6v8UT6kYJa,KE,2026-07-27T00:00:00,Acute Food Insecurity,Kakuma,325694451,hdds,HDDS Phase 1-2,REACH,Household Dietary Diversity Score,47.5,R2,,,,,401,,,2026-06-09T00:00:00,2026-06-25T00:00:00,,,false
He40oeTKxmhj,KE,2026-07-27T00:00:00,Acute Food Insecurity,Kakuma,325694451,hdds,HDDS Phase 3,REACH,Household Dietary Diversity Score,11.7,R2,,,,,401,,,2026-06-09T00:00:00,2026-06-25T00:00:00,,,false
6te7q-OQltoI,KE,2026-07-27T00:00:00,Acute Food Insecurity,Kakuma,325694451,hdds,HDDS Phase 4-5,REACH,Household Dietary Diversity Score,40.8,R2,,,,,401,,,2026-06-09T00:00:00,2026-06-25T00:00:00,,,false
2YdoXH5yPfCO,KE,2026-07-27T00:00:00,Acute Food Insecurity,Kalobeyei,1805698982,hdds,HDDS Phase 1-2,REACH,Household Dietary Diversity Score,36.8,R2,,,,,286,,,2026-06-09T00:00:00,2026-06-25T00:00:00,,,false
aYh7DNt5P7ch,KE,2026-07-27T00:00:00,Acute Food Insecurity,Kalobeyei,1805698982,hdds,HDDS Phase 3,REACH,Household Dietary Diversity Score,12,R2,,,,,286,,,2026-06-09T00:00:00,2026-06-25T00:00:00,,,false
bSzCaacCSVSQ,KE,2026-07-27T00:00:00,Acute Food Insecurity,Kalobeyei,1805698982,hdds,HDDS Phase 4-5,REACH,Household Dietary Diversity Score,51.2,R2,,,,,286,,,2026-06-09T00:00:00,2026-06-25T00:00:00,,,false
uTmchMZgNwZw,KE,2026-07-27T00:00:00,Acute Food Insecurity,Dadaab,752245141,rcsi,RCSI Phase 1,REACH,Reduced Coping Strategies Index,0.5,R2,,,,,413,,,2026-06-09T00:00:00,2026-06-25T00:00:00,,,false
MMy97jO-FSUk,KE,2026-07-27T00:00:00,Acute Food Insecurity,Dadaab,752245141,rcsi,RCSI Phase 2,REACH,Reduced Coping Strategies Index,68.1,R2,,,,,413,,,2026-06-09T00:00:00,2026-06-25T00:00:00,,,false
frQCrJ6E7IAO,KE,2026-07-27T00:00:00,Acute Food Insecurity,Dadaab,752245141,rcsi,RCSI Phase 3+,REACH,Reduced Coping Strategies Index,31.5,R2,,,,,413,,,2026-06-09T00:00:00,2026-06-25T00:00:00,,,false
eJS80JuGzr5E,KE,2026-07-27T00:00:00,Acute Food Insecurity,Kakuma,325694451,rcsi,RCSI Phase 1,REACH,Reduced Coping Strategies Index,13.8,R2,,,,,401,,,2026-06-09T00:00:00,2026-06-25T00:00:00,,,false
oEhDCD8eRJnM,KE,2026-07-27T00:00:00,Acute Food Insecurity,Kakuma,325694451,rcsi,RCSI Phase 2,REACH,Reduced Coping Strategies Index,66.7,R2,,,,,401,,,2026-06-09T00:00:00,2026-06-25T00:00:00,,,false
QThQ7MV9b2_0,KE,2026-07-27T00:00:00,Acute Food Insecurity,Kakuma,325694451,rcsi,RCSI Phase 3+,REACH,Reduced Coping Strategies Index,19.4,R2,,,,,401,,,2026-06-09T00:00:00,2026-06-25T00:00:00,,,false
P_3d3yfS-k8I,KE,2026-07-27T00:00:00,Acute Food Insecurity,Kalobeyei,1805698982,rcsi,RCSI Phase 1,REACH,Reduced Coping Strategies Index,9.5,R2,,,,,286,,,2026-06-09T00:00:00,2026-06-25T00:00:00,,,false
Yz5sYLmNL9Mo,KE,2026-07-27T00:00:00,Acute Food Insecurity,Kalobeyei,1805698982,rcsi,RCSI Phase 2,REACH,Reduced Coping Strategies Index,72.8,R2,,,,,286,,,2026-06-09T00:00:00,2026-06-25T00:00:00,,,false
BVRQFTXKQ4OF,KE,2026-07-27T00:00:00,Acute Food Insecurity,Kalobeyei,1805698982,rcsi,RCSI Phase 3+,REACH,Reduced Coping Strategies Index,17.7,R2,,,,,286,,,2026-06-09T00:00:00,2026-06-25T00:00:00,,,false
7KVwyIwLq_4H,KE,2026-07-27T00:00:00,Acute Food Insecurity,Dadaab,752245141,hhs,HHS Phase 1,REACH,Household Hunger Score,24,R2,,,,,413,,,2026-06-09T00:00:00,2026-06-25T00:00:00,,,false
3R7wjia-b8VV,KE,2026-07-27T00:00:00,Acute Food Insecurity,Dadaab,752245141,hhs,HHS Phase 2,REACH,Household Hunger Score,13,R2,,,,,413,,,2026-06-09T00:00:00,2026-06-25T00:00:00,,,false
a0kzskQTmS0w,KE,2026-07-27T00:00:00,Acute Food Insecurity,Dadaab,752245141,hhs,HHS Phase 3,REACH,Household Hunger Score,63,R2,,,,,413,,,2026-06-09T00:00:00,2026-06-25T00:00:00,,,false
m3nZUpLZ7VZJ,KE,2026-07-27T00:00:00,Acute Food Insecurity,Dadaab,752245141,hhs,HHS Phase 4,REACH,Household Hunger Score,1,R2,,,,,413,,,2026-06-09T00:00:00,2026-06-25T00:00:00,,,false
cNZIMCIHraHq,KE,2026-07-27T00:00:00,Acute Food Insecurity,Dadaab,752245141,hhs,HHS Phase 5,REACH,Household Hunger Score,0,R2,,,,,413,,,2026-06-09T00:00:00,2026-06-25T00:00:00,,,false
YLmNF7PA5IYO,KE,2026-07-27T00:00:00,Acute Food Insecurity,Kakuma,325694451,hhs,HHS Phase 1,REACH,Household Hunger Score,20,R2,,,,,401,,,2026-06-09T00:00:00,2026-06-25T00:00:00,,,false
OuEl5sgN6C2Z,KE,2026-07-27T00:00:00,Acute Food Insecurity,Kakuma,325694451,hhs,HHS Phase 2,REACH,Household Hunger Score,13,R2,,,,,401,,,2026-06-09T00:00:00,2026-06-25T00:00:00,,,false
fwNs-OG59YWz,KE,2026-07-27T00:00:00,Acute Food Insecurity,Kakuma,325694451,hhs,HHS Phase 3,REACH,Household Hunger Score,60,R2,,,,,401,,,2026-06-09T00:00:00,2026-06-25T00:00:00,,,false
YODNHjdJwJz5,KE,2026-07-27T00:00:00,Acute Food Insecurity,Kakuma,325694451,hhs,HHS Phase 4,REACH,Household Hunger Score,1,R2,,,,,401,,,2026-06-09T00:00:00,2026-06-25T00:00:00,,,false
VS1gSoFMwB7c,KE,2026-07-27T00:00:00,Acute Food Insecurity,Kakuma,325694451,hhs,HHS Phase 5,REACH,Household Hunger Score,5,R2,,,,,401,,,2026-06-09T00:00:00,2026-06-25T00:00:00,,,false
nmrUiI0_ttbC,KE,2026-07-27T00:00:00,Acute Food Insecurity,Kalobeyei,1805698982,hhs,HHS Phase 1,REACH,Household Hunger Score,20,R2,,,,,286,,,2026-06-09T00:00:00,2026-06-25T00:00:00,,,false
vzkoSJ_Kjoij,KE,2026-07-27T00:00:00,Acute Food Insecurity,Kalobeyei,1805698982,hhs,HHS Phase 2,REACH,Household Hunger Score,15,R2,,,,,286,,,2026-06-09T00:00:00,2026-06-25T00:00:00,,,false
J4m-Dgli6C0b,KE,2026-07-27T00:00:00,Acute Food Insecurity,Kalobeyei,1805698982,hhs,HHS Phase 3,REACH,Household Hunger Score,60,R2,,,,,286,,,2026-06-09T00:00:00,2026-06-25T00:00:00,,,false
D_9Iy0DsfaqI,KE,2026-07-27T00:00:00,Acute Food Insecurity,Kalobeyei,1805698982,hhs,HHS Phase 4,REACH,Household Hunger Score,1,R2,,,,,286,,,2026-06-09T00:00:00,2026-06-25T00:00:00,,,false
OqaHie7bREq0,KE,2026-07-27T00:00:00,Acute Food Insecurity,Kalobeyei,1805698982,hhs,HHS Phase 5,REACH,Household Hunger Score,4,R2,,,,,286,,,2026-06-09T00:00:00,2026-06-25T00:00:00,,,false
X95BFJ0Qd6KV,KE,2026-07-27T00:00:00,Acute Food Insecurity,Dadaab,752245141,lcs,LCS Phase 1,REACH,Livelihood Coping Strategy,18.3,R2,,,,,413,,,2026-06-09T00:00:00,2026-06-25T00:00:00,,,false
KIao1n18sY22,KE,2026-07-27T00:00:00,Acute Food Insecurity,Dadaab,752245141,lcs,LCS Phase 2,REACH,Livelihood Coping Strategy,61.5,R2,,,,,413,,,2026-06-09T00:00:00,2026-06-25T00:00:00,,,false
R7ZoHB-PL4ij,KE,2026-07-27T00:00:00,Acute Food Insecurity,Dadaab,752245141,lcs,LCS Phase 3,REACH,Livelihood Coping Strategy,6.6,R2,,,,,413,,,2026-06-09T00:00:00,2026-06-25T00:00:00,,,false
h3sCC7HvPi69,KE,2026-07-27T00:00:00,Acute Food Insecurity,Dadaab,752245141,lcs,LCS Phase 4-5,REACH,Livelihood Coping Strategy,13.7,R2,,,,,413,,,2026-06-09T00:00:00,2026-06-25T00:00:00,,,false
F_NhUoXlnTl5,KE,2026-07-27T00:00:00,Acute Food Insecurity,Kakuma,325694451,lcs,LCS Phase 1,REACH,Livelihood Coping Strategy,26,R2,,,,,401,,,2026-06-09T00:00:00,2026-06-25T00:00:00,,,false
2F1n703NMQS7,KE,2026-07-27T00:00:00,Acute Food Insecurity,Kakuma,325694451,lcs,LCS Phase 2,REACH,Livelihood Coping Strategy,49.4,R2,,,,,401,,,2026-06-09T00:00:00,2026-06-25T00:00:00,,,false
w7Of7WmOpzO4,KE,2026-07-27T00:00:00,Acute Food Insecurity,Kakuma,325694451,lcs,LCS Phase 3,REACH,Livelihood Coping Strategy,10.7,R2,,,,,401,,,2026-06-09T00:00:00,2026-06-25T00:00:00,,,false
Bea6Xbidzdcc,KE,2026-07-27T00:00:00,Acute Food Insecurity,Kakuma,325694451,lcs,LCS Phase 4-5,REACH,Livelihood Coping Strategy,13.9,R2,,,,,401,,,2026-06-09T00:00:00,2026-06-25T00:00:00,,,false
LdGqchs58-vK,KE,2026-07-27T00:00:00,Acute Food Insecurity,Kalobeyei,1805698982,lcs,LCS Phase 1,REACH,Livelihood Coping Strategy,20.5,R2,,,,,286,,,2026-06-09T00:00:00,2026-06-25T00:00:00,,,false
Lj9OWafDO-fm,KE,2026-07-27T00:00:00,Acute Food Insecurity,Kalobeyei,1805698982,lcs,LCS Phase 2,REACH,Livelihood Coping Strategy,55.1,R2,,,,,286,,,2026-06-09T00:00:00,2026-06-25T00:00:00,,,false
YU-VPvEO-g2H,KE,2026-07-27T00:00:00,Acute Food Insecurity,Kalobeyei,1805698982,lcs,LCS Phase 3,REACH,Livelihood Coping Strategy,13,R2,,,,,286,,,2026-06-09T00:00:00,2026-06-25T00:00:00,,,false
RfAeT08f2kuv,KE,2026-07-27T00:00:00,Acute Food Insecurity,Kalobeyei,1805698982,lcs,LCS Phase 4-5,REACH,Livelihood Coping Strategy,11.4,R2,,,,,286,,,2026-06-09T00:00:00,2026-06-25T00:00:00,,,false
mHZkUV0gpuM0,KE,2026-07-27T00:00:00,Acute Food Insecurity,Baringo,688748238,fcs,FCS Phase 1-2,NDMA,Food Consumption Score,51.5,,,,235,,,,,2026-07-01T00:00:00,2026-07-15T00:00:00,,,
KMUEc1Obvxrw,KE,2026-07-27T00:00:00,Acute Food Insecurity,Baringo,688748238,fcs,FCS Phase 3,NDMA,Food Consumption Score,40,,,,235,,,,,2026-07-01T00:00:00,2026-07-15T00:00:00,,,
n4Z8_G_Wx47v,KE,2026-07-27T00:00:00,Acute Food Insecurity,Baringo,688748238,fcs,FCS Phase 4-5,NDMA,Food Consumption Score,8.5,,,,235,,,,,2026-07-01T00:00:00,2026-07-15T00:00:00,,,
Ay_KfePMsNjT,KE,2026-07-27T00:00:00,Acute Food Insecurity,Embu,1770745440,fcs,FCS Phase 1-2,NDMA,Food Consumption Score,68.1,,,,119,,,,,2026-07-01T00:00:00,2026-07-15T00:00:00,,,
CD5K_RX8_1N2,KE,2026-07-27T00:00:00,Acute Food Insecurity,Embu,1770745440,fcs,FCS Phase 3,NDMA,Food Consumption Score,31.9,,,,119,,,,,2026-07-01T00:00:00,2026-07-15T00:00:00,,,
wiFrKVbv1N9k,KE,2026-07-27T00:00:00,Acute Food Insecurity,Embu,1770745440,fcs,FCS Phase 4-5,NDMA,Food Consumption Score,0,,,,119,,,,,2026-07-01T00:00:00,2026-07-15T00:00:00,,,
JL2DAgfPg_ET,KE,2026-07-27T00:00:00,Acute Food Insecurity,Garissa,1797598623,fcs,FCS Phase 1-2,NDMA,Food Consumption Score,40.2,,,,174,,,,,2026-07-01T00:00:00,2026-07-15T00:00:00,,,
jy3qw7MUiozc,KE,2026-07-27T00:00:00,Acute Food Insecurity,Garissa,1797598623,fcs,FCS Phase 3,NDMA,Food Consumption Score,42.5,,,,174,,,,,2026-07-01T00:00:00,2026-07-15T00:00:00,,,
a1Cea2aw5oR9,KE,2026-07-27T00:00:00,Acute Food Insecurity,Garissa,1797598623,fcs,FCS Phase 4-5,NDMA,Food Consumption Score,17.2,,,,174,,,,,2026-07-01T00:00:00,2026-07-15T00:00:00,,,
Rf29I7BeW7Ls,KE,2026-07-27T00:00:00,Acute Food Insecurity,Isiolo,1206124330,fcs,FCS Phase 1-2,NDMA,Food Consumption Score,50.5,,,,210,,,,,2026-07-01T00:00:00,2026-07-15T00:00:00,,,
5kcZ8m2PTgp3,KE,2026-07-27T00:00:00,Acute Food Insecurity,Isiolo,1206124330,fcs,FCS Phase 3,NDMA,Food Consumption Score,47.6,,,,210,,,,,2026-07-01T00:00:00,2026-07-15T00:00:00,,,
zotqRUZujr_D,KE,2026-07-27T00:00:00,Acute Food Insecurity,Isiolo,1206124330,fcs,FCS Phase 4-5,NDMA,Food Consumption Score,1.9,,,,210,,,,,2026-07-01T00:00:00,2026-07-15T00:00:00,,,
PTo04luR92i6,KE,2026-07-27T00:00:00,Acute Food Insecurity,Kajiado,573074180,fcs,FCS Phase 1-2,NDMA,Food Consumption Score,72.4,,,,210,,,,,2026-07-01T00:00:00,2026-07-15T00:00:00,,,
9LnoUQtWv_Cp,KE,2026-07-27T00:00:00,Acute Food Insecurity,Kajiado,573074180,fcs,FCS Phase 3,NDMA,Food Consumption Score,13.3,,,,210,,,,,2026-07-01T00:00:00,2026-07-15T00:00:00,,,
a7g7u5c9UKpk,KE,2026-07-27T00:00:00,Acute Food Insecurity,Kajiado,573074180,fcs,FCS Phase 4-5,NDMA,Food Consumption Score,14.3,,,,210,,,,,2026-07-01T00:00:00,2026-07-15T00:00:00,,,
rllQMlPPTu6O,KE,2026-07-27T00:00:00,Acute Food Insecurity,Kilifi,1841156012,fcs,FCS Phase 1-2,NDMA,Food Consumption Score,79.3,,,,193,,,,,2026-07-01T00:00:00,2026-07-15T00:00:00,,,
dJiaQoA9dp9v,KE,2026-07-27T00:00:00,Acute Food Insecurity,Kilifi,1841156012,fcs,FCS Phase 3,NDMA,Food Consumption Score,18.7,,,,193,,,,,2026-07-01T00:00:00,2026-07-15T00:00:00,,,
3XUth9fqIQvM,KE,2026-07-27T00:00:00,Acute Food Insecurity,Kilifi,1841156012,fcs,FCS Phase 4-5,NDMA,Food Consumption Score,2.1,,,,193,,,,,2026-07-01T00:00:00,2026-07-15T00:00:00,,,
fiBET6CCWbXJ,KE,2026-07-27T00:00:00,Acute Food Insecurity,Kitui,503044674,fcs,FCS Phase 1-2,NDMA,Food Consumption Score,77.9,,,,272,,,,,2026-07-01T00:00:00,2026-07-15T00:00:00,,,
5tSBrJf_CJiH,KE,2026-07-27T00:00:00,Acute Food Insecurity,Kitui,503044674,fcs,FCS Phase 3,NDMA,Food Consumption Score,20.2,,,,272,,,,,2026-07-01T00:00:00,2026-07-15T00:00:00,,,
V4eBxvlX3wz6,KE,2026-07-27T00:00:00,Acute Food Insecurity,Kitui,503044674,fcs,FCS Phase 4-5,NDMA,Food Consumption Score,1.8,,,,272,,,,,2026-07-01T00:00:00,2026-07-15T00:00:00,,,
KtooLT-eBQsQ,KE,2026-07-27T00:00:00,Acute Food Insecurity,Kwale,1522055480,fcs,FCS Phase 1-2,NDMA,Food Consumption Score,45,,,,180,,,,,2026-07-01T00:00:00,2026-07-15T00:00:00,,,
foaRkZ3WOERH,KE,2026-07-27T00:00:00,Acute Food Insecurity,Kwale,1522055480,fcs,FCS Phase 3,NDMA,Food Consumption Score,42.2,,,,180,,,,,2026-07-01T00:00:00,2026-07-15T00:00:00,,,
yNwJGmtGqep2,KE,2026-07-27T00:00:00,Acute Food Insecurity,Kwale,1522055480,fcs,FCS Phase 4-5,NDMA,Food Consumption Score,12.8,,,,180,,,,,2026-07-01T00:00:00,2026-07-15T00:00:00,,,
jv5fnjumxTgB,KE,2026-07-27T00:00:00,Acute Food Insecurity,Laikipia,626062507,fcs,FCS Phase 1-2,NDMA,Food Consumption Score,50.9,,,,173,,,,,2026-07-01T00:00:00,2026-07-15T00:00:00,,,
hBvbp1QHQ2ei,KE,2026-07-27T00:00:00,Acute Food Insecurity,Laikipia,626062507,fcs,FCS Phase 3,NDMA,Food Consumption Score,48.6,,,,173,,,,,2026-07-01T00:00:00,2026-07-15T00:00:00,,,
xqRxgLySqeaF,KE,2026-07-27T00:00:00,Acute Food Insecurity,Laikipia,626062507,fcs,FCS Phase 4-5,NDMA,Food Consumption Score,0.6,,,,173,,,,,2026-07-01T00:00:00,2026-07-15T00:00:00,,,
36nLTw7Jer0x,KE,2026-07-27T00:00:00,Acute Food Insecurity,Lamu,2013145435,fcs,FCS Phase 1-2,NDMA,Food Consumption Score,1.1,,,,89,,,,,2026-07-01T00:00:00,2026-07-15T00:00:00,,,
UDYpKZOloG1U,KE,2026-07-27T00:00:00,Acute Food Insecurity,Lamu,2013145435,fcs,FCS Phase 3,NDMA,Food Consumption Score,67.4,,,,89,,,,,2026-07-01T00:00:00,2026-07-15T00:00:00,,,
W2UzChWzkE-x,KE,2026-07-27T00:00:00,Acute Food Insecurity,Lamu,2013145435,fcs,FCS Phase 4-5,NDMA,Food Consumption Score,31.5,,,,89,,,,,2026-07-01T00:00:00,2026-07-15T00:00:00,,,
D5-GyAO_SAE5,KE,2026-07-27T00:00:00,Acute Food Insecurity,Makueni,2003884472,fcs,FCS Phase 1-2,NDMA,Food Consumption Score,75.2,,,,210,,,,,2026-07-01T00:00:00,2026-07-15T00:00:00,,,
3dnkNgGrfWrc,KE,2026-07-27T00:00:00,Acute Food Insecurity,Makueni,2003884472,fcs,FCS Phase 3,NDMA,Food Consumption Score,24.3,,,,210,,,,,2026-07-01T00:00:00,2026-07-15T00:00:00,,,
cmTLEBKcK5wo,KE,2026-07-27T00:00:00,Acute Food Insecurity,Makueni,2003884472,fcs,FCS Phase 4-5,NDMA,Food Consumption Score,0.5,,,,210,,,,,2026-07-01T00:00:00,2026-07-15T00:00:00,,,
yUZndmxyvZNo,KE,2026-07-27T00:00:00,Acute Food Insecurity,Mandera,22022253,fcs,FCS Phase 1-2,NDMA,Food Consumption Score,2.4,,,,210,,,,,2026-07-01T00:00:00,2026-07-15T00:00:00,,,
hHzR6qHyYILQ,KE,2026-07-27T00:00:00,Acute Food Insecurity,Mandera,22022253,fcs,FCS Phase 3,NDMA,Food Consumption Score,58.1,,,,210,,,,,2026-07-01T00:00:00,2026-07-15T00:00:00,,,
7gALYoLBG-cN,KE,2026-07-27T00:00:00,Acute Food Insecurity,Mandera,22022253,fcs,FCS Phase 4-5,NDMA,Food Consumption Score,39.5,,,,210,,,,,2026-07-01T00:00:00,2026-07-15T00:00:00,,,
rgmXfCOYBI0e,KE,2026-07-27T00:00:00,Acute Food Insecurity,Marsabit,1658482900,fcs,FCS Phase 1-2,NDMA,Food Consumption Score,28.1,,,,285,,,,,2026-07-01T00:00:00,2026-07-15T00:00:00,,,
hx_ewco9pRde,KE,2026-07-27T00:00:00,Acute Food Insecurity,Marsabit,1658482900,fcs,FCS Phase 3,NDMA,Food Consumption Score,64.9,,,,285,,,,,2026-07-01T00:00:00,2026-07-15T00:00:00,,,
p92xWEkJKpz2,KE,2026-07-27T00:00:00,Acute Food Insecurity,Marsabit,1658482900,fcs,FCS Phase 4-5,NDMA,Food Consumption Score,7,,,,285,,,,,2026-07-01T00:00:00,2026-07-15T00:00:00,,,
MW4Z_mle04hA,KE,2026-07-27T00:00:00,Acute Food Insecurity,Meru,34766512,fcs,FCS Phase 1-2,NDMA,Food Consumption Score,46.6,,,,118,,,,,2026-07-01T00:00:00,2026-07-15T00:00:00,,,
-1GrspWPyMxK,KE,2026-07-27T00:00:00,Acute Food Insecurity,Meru,34766512,fcs,FCS Phase 3,NDMA,Food Consumption Score,29.7,,,,118,,,,,2026-07-01T00:00:00,2026-07-15T00:00:00,,,
wrNnMAYRMAws,KE,2026-07-27T00:00:00,Acute Food Insecurity,Meru,34766512,fcs,FCS Phase 4-5,NDMA,Food Consumption Score,23.7,,,,118,,,,,2026-07-01T00:00:00,2026-07-15T00:00:00,,,
38etG3EED9o-,KE,2026-07-27T00:00:00,Acute Food Insecurity,Narok,1999415307,fcs,FCS Phase 1-2,NDMA,Food Consumption Score,100,,,,180,,,,,2026-07-01T00:00:00,2026-07-15T00:00:00,,,
0CiTasfEXQcU,KE,2026-07-27T00:00:00,Acute Food Insecurity,Narok,1999415307,fcs,FCS Phase 3,NDMA,Food Consumption Score,0,,,,180,,,,,2026-07-01T00:00:00,2026-07-15T00:00:00,,,
Vc-FmTdsu-2D,KE,2026-07-27T00:00:00,Acute Food Insecurity,Narok,1999415307,fcs,FCS Phase 4-5,NDMA,Food Consumption Score,0,,,,180,,,,,2026-07-01T00:00:00,2026-07-15T00:00:00,,,
bBpwCIf4Z12R,KE,2026-07-27T00:00:00,Acute Food Insecurity,Nyeri,1660305701,fcs,FCS Phase 1-2,NDMA,Food Consumption Score,40.8,,,,120,,,,,2026-07-01T00:00:00,2026-07-15T00:00:00,,,
j7pP8fRVkkIq,KE,2026-07-27T00:00:00,Acute Food Insecurity,Nyeri,1660305701,fcs,FCS Phase 3,NDMA,Food Consumption Score,58.3,,,,120,,,,,2026-07-01T00:00:00,2026-07-15T00:00:00,,,
y9AE2pOejAPa,KE,2026-07-27T00:00:00,Acute Food Insecurity,Nyeri,1660305701,fcs,FCS Phase 4-5,NDMA,Food Consumption Score,0.8,,,,120,,,,,2026-07-01T00:00:00,2026-07-15T00:00:00,,,
25OR0gWyfIet,KE,2026-07-27T00:00:00,Acute Food Insecurity,Samburu,352693783,fcs,FCS Phase 1-2,NDMA,Food Consumption Score,45,,,,169,,,,,2026-07-01T00:00:00,2026-07-15T00:00:00,,,
WaAgjAVtZdst,KE,2026-07-27T00:00:00,Acute Food Insecurity,Samburu,352693783,fcs,FCS Phase 3,NDMA,Food Consumption Score,43.8,,,,169,,,,,2026-07-01T00:00:00,2026-07-15T00:00:00,,,
jcSvGId8BSf3,KE,2026-07-27T00:00:00,Acute Food Insecurity,Samburu,352693783,fcs,FCS Phase 4-5,NDMA,Food Consumption Score,11.2,,,,169,,,,,2026-07-01T00:00:00,2026-07-15T00:00:00,,,
hzM1lj1F62tM,KE,2026-07-27T00:00:00,Acute Food Insecurity,Taita Taveta,1934971506,fcs,FCS Phase 1-2,NDMA,Food Consumption Score,82.4,,,,210,,,,,2026-07-01T00:00:00,2026-07-15T00:00:00,,,
_D9XjdcJrYda,KE,2026-07-27T00:00:00,Acute Food Insecurity,Taita Taveta,1934971506,fcs,FCS Phase 3,NDMA,Food Consumption Score,17.6,,,,210,,,,,2026-07-01T00:00:00,2026-07-15T00:00:00,,,
RZ8SiVDEjuPT,KE,2026-07-27T00:00:00,Acute Food Insecurity,Taita Taveta,1934971506,fcs,FCS Phase 4-5,NDMA,Food Consumption Score,0,,,,210,,,,,2026-07-01T00:00:00,2026-07-15T00:00:00,,,
ZOXVC7OhI83Q,KE,2026-07-27T00:00:00,Acute Food Insecurity,Tana River,643729136,fcs,FCS Phase 1-2,NDMA,Food Consumption Score,45.4,,,,205,,,,,2026-07-01T00:00:00,2026-07-15T00:00:00,,,
aLq0bMsQbKUn,KE,2026-07-27T00:00:00,Acute Food Insecurity,Tana River,643729136,fcs,FCS Phase 3,NDMA,Food Consumption Score,34.1,,,,205,,,,,2026-07-01T00:00:00,2026-07-15T00:00:00,,,
sU5JBG8Zn07C,KE,2026-07-27T00:00:00,Acute Food Insecurity,Tana River,643729136,fcs,FCS Phase 4-5,NDMA,Food Consumption Score,20.5,,,,205,,,,,2026-07-01T00:00:00,2026-07-15T00:00:00,,,
S4JEQNskJotn,KE,2026-07-27T00:00:00,Acute Food Insecurity,Tharaka Nithi,1729114188,fcs,FCS Phase 1-2,NDMA,Food Consumption Score,87.5,,,,120,,,,,2026-07-01T00:00:00,2026-07-15T00:00:00,,,
SBjx5jX8flCh,KE,2026-07-27T00:00:00,Acute Food Insecurity,Tharaka Nithi,1729114188,fcs,FCS Phase 3,NDMA,Food Consumption Score,10,,,,120,,,,,2026-07-01T00:00:00,2026-07-15T00:00:00,,,
7kQLP91U6pJD,KE,2026-07-27T00:00:00,Acute Food Insecurity,Tharaka Nithi,1729114188,fcs,FCS Phase 4-5,NDMA,Food Consumption Score,2.5,,,,120,,,,,2026-07-01T00:00:00,2026-07-15T00:00:00,,,
OIUa4YtTrk5T,KE,2026-07-27T00:00:00,Acute Food Insecurity,Turkana,555408936,fcs,FCS Phase 1-2,NDMA,Food Consumption Score,31.6,,,,269,,,,,2026-07-01T00:00:00,2026-07-15T00:00:00,,,
BSZcWbY5_g4A,KE,2026-07-27T00:00:00,Acute Food Insecurity,Turkana,555408936,fcs,FCS Phase 3,NDMA,Food Consumption Score,51.7,,,,269,,,,,2026-07-01T00:00:00,2026-07-15T00:00:00,,,
3FKjBSnwYGCN,KE,2026-07-27T00:00:00,Acute Food Insecurity,Turkana,555408936,fcs,FCS Phase 4-5,NDMA,Food Consumption Score,16.7,,,,269,,,,,2026-07-01T00:00:00,2026-07-15T00:00:00,,,
XOKLlmcxJYFb,KE,2026-07-27T00:00:00,Acute Food Insecurity,Wajir,822014985,fcs,FCS Phase 1-2,NDMA,Food Consumption Score,63,,,,270,,,,,2026-07-01T00:00:00,2026-07-15T00:00:00,,,
kxgHre1VXy3h,KE,2026-07-27T00:00:00,Acute Food Insecurity,Wajir,822014985,fcs,FCS Phase 3,NDMA,Food Consumption Score,13.7,,,,270,,,,,2026-07-01T00:00:00,2026-07-15T00:00:00,,,
1be7MDUoVsDv,KE,2026-07-27T00:00:00,Acute Food Insecurity,Wajir,822014985,fcs,FCS Phase 4-5,NDMA,Food Consumption Score,23.3,,,,270,,,,,2026-07-01T00:00:00,2026-07-15T00:00:00,,,
-juo8YoNXXPs,KE,2026-07-27T00:00:00,Acute Food Insecurity,West Pokot,1223751858,fcs,FCS Phase 1-2,NDMA,Food Consumption Score,30,,,,150,,,,,2026-07-01T00:00:00,2026-07-15T00:00:00,,,
BEmG6nkKkDKL,KE,2026-07-27T00:00:00,Acute Food Insecurity,West Pokot,1223751858,fcs,FCS Phase 3,NDMA,Food Consumption Score,54,,,,150,,,,,2026-07-01T00:00:00,2026-07-15T00:00:00,,,
dEdABwqR5iUK,KE,2026-07-27T00:00:00,Acute Food Insecurity,West Pokot,1223751858,fcs,FCS Phase 4-5,NDMA,Food Consumption Score,16,,,,150,,,,,2026-07-01T00:00:00,2026-07-15T00:00:00,,,
GtojcMq5CAcO,KE,2026-07-27T00:00:00,Acute Food Insecurity,Baringo,688748238,rcsi,RCSI Phase 1,NDMA,Reduced Coping Strategies Index,5.1,,,,235,,,,,2026-07-01T00:00:00,2026-07-15T00:00:00,,,
KoZGSnfzml-l,KE,2026-07-27T00:00:00,Acute Food Insecurity,Baringo,688748238,rcsi,RCSI Phase 2,NDMA,Reduced Coping Strategies Index,77,,,,235,,,,,2026-07-01T00:00:00,2026-07-15T00:00:00,,,
luE_tQSVmFMF,KE,2026-07-27T00:00:00,Acute Food Insecurity,Baringo,688748238,rcsi,RCSI Phase 3+,NDMA,Reduced Coping Strategies Index,17.9,,,,235,,,,,2026-07-01T00:00:00,2026-07-15T00:00:00,,,
mkAeLA0VPtEs,KE,2026-07-27T00:00:00,Acute Food Insecurity,Embu,1770745440,rcsi,RCSI Phase 1,NDMA,Reduced Coping Strategies Index,63,,,,119,,,,,2026-07-01T00:00:00,2026-07-15T00:00:00,,,
oGeX0LGSv7cK,KE,2026-07-27T00:00:00,Acute Food Insecurity,Embu,1770745440,rcsi,RCSI Phase 2,NDMA,Reduced Coping Strategies Index,37,,,,119,,,,,2026-07-01T00:00:00,2026-07-15T00:00:00,,,
TCMqe4bIBuqS,KE,2026-07-27T00:00:00,Acute Food Insecurity,Embu,1770745440,rcsi,RCSI Phase 3+,NDMA,Reduced Coping Strategies Index,0,,,,119,,,,,2026-07-01T00:00:00,2026-07-15T00:00:00,,,
3FW7pNg6Z8pX,KE,2026-07-27T00:00:00,Acute Food Insecurity,Garissa,1797598623,rcsi,RCSI Phase 1,NDMA,Reduced Coping Strategies Index,23.6,,,,174,,,,,2026-07-01T00:00:00,2026-07-15T00:00:00,,,
KlOvSeEVxcdu,KE,2026-07-27T00:00:00,Acute Food Insecurity,Garissa,1797598623,rcsi,RCSI Phase 2,NDMA,Reduced Coping Strategies Index,60.9,,,,174,,,,,2026-07-01T00:00:00,2026-07-15T00:00:00,,,
ZA2MuLcgry9x,KE,2026-07-27T00:00:00,Acute Food Insecurity,Garissa,1797598623,rcsi,RCSI Phase 3+,NDMA,Reduced Coping Strategies Index,15.5,,,,174,,,,,2026-07-01T00:00:00,2026-07-15T00:00:00,,,
apHTgzWGfazt,KE,2026-07-27T00:00:00,Acute Food Insecurity,Isiolo,1206124330,rcsi,RCSI Phase 1,NDMA,Reduced Coping Strategies Index,24.3,,,,210,,,,,2026-07-01T00:00:00,2026-07-15T00:00:00,,,
K9FMOJvNDxr4,KE,2026-07-27T00:00:00,Acute Food Insecurity,Isiolo,1206124330,rcsi,RCSI Phase 2,NDMA,Reduced Coping Strategies Index,75.2,,,,210,,,,,2026-07-01T00:00:00,2026-07-15T00:00:00,,,
tFCAb4et-Qu5,KE,2026-07-27T00:00:00,Acute Food Insecurity,Isiolo,1206124330,rcsi,RCSI Phase 3+,NDMA,Reduced Coping Strategies Index,0.5,,,,210,,,,,2026-07-01T00:00:00,2026-07-15T00:00:00,,,
VXCVwo-r3PPt,KE,2026-07-27T00:00:00,Acute Food Insecurity,Kajiado,573074180,rcsi,RCSI Phase 1,NDMA,Reduced Coping Strategies Index,51,,,,210,,,,,2026-07-01T00:00:00,2026-07-15T00:00:00,,,
asmiEaTvlubn,KE,2026-07-27T00:00:00,Acute Food Insecurity,Kajiado,573074180,rcsi,RCSI Phase 2,NDMA,Reduced Coping Strategies Index,49,,,,210,,,,,2026-07-01T00:00:00,2026-07-15T00:00:00,,,
FcXFq9uQaU_Z,KE,2026-07-27T00:00:00,Acute Food Insecurity,Kajiado,573074180,rcsi,RCSI Phase 3+,NDMA,Reduced Coping Strategies Index,0,,,,210,,,,,2026-07-01T00:00:00,2026-07-15T00:00:00,,,
m8_IYQx5VGLJ,KE,2026-07-27T00:00:00,Acute Food Insecurity,Kilifi,1841156012,rcsi,RCSI Phase 1,NDMA,Reduced Coping Strategies Index,68.9,,,,193,,,,,2026-07-01T00:00:00,2026-07-15T00:00:00,,,
1BTyy536UTOL,KE,2026-07-27T00:00:00,Acute Food Insecurity,Kilifi,1841156012,rcsi,RCSI Phase 2,NDMA,Reduced Coping Strategies Index,30.1,,,,193,,,,,2026-07-01T00:00:00,2026-07-15T00:00:00,,,
hGifRoFvfQJu,KE,2026-07-27T00:00:00,Acute Food Insecurity,Kilifi,1841156012,rcsi,RCSI Phase 3+,NDMA,Reduced Coping Strategies Index,1,,,,193,,,,,2026-07-01T00:00:00,2026-07-15T00:00:00,,,
Vx_pkflEpJEm,KE,2026-07-27T00:00:00,Acute Food Insecurity,Kitui,503044674,rcsi,RCSI Phase 1,NDMA,Reduced Coping Strategies Index,75,,,,272,,,,,2026-07-01T00:00:00,2026-07-15T00:00:00,,,
r1Zc-91CVGNa,KE,2026-07-27T00:00:00,Acute Food Insecurity,Kitui,503044674,rcsi,RCSI Phase 2,NDMA,Reduced Coping Strategies Index,20.6,,,,272,,,,,2026-07-01T00:00:00,2026-07-15T00:00:00,,,
8J6eDIDiw2Dq,KE,2026-07-27T00:00:00,Acute Food Insecurity,Kitui,503044674,rcsi,RCSI Phase 3+,NDMA,Reduced Coping Strategies Index,4.4,,,,272,,,,,2026-07-01T00:00:00,2026-07-15T00:00:00,,,
VDXjzsMzNleY,KE,2026-07-27T00:00:00,Acute Food Insecurity,Kwale,1522055480,rcsi,RCSI Phase 1,NDMA,Reduced Coping Strategies Index,53.9,,,,180,,,,,2026-07-01T00:00:00,2026-07-15T00:00:00,,,
ipiL9y3JII0f,KE,2026-07-27T00:00:00,Acute Food Insecurity,Kwale,1522055480,rcsi,RCSI Phase 2,NDMA,Reduced Coping Strategies Index,29.4,,,,180,,,,,2026-07-01T00:00:00,2026-07-15T00:00:00,,,
Dg-1nZuD1UuM,KE,2026-07-27T00:00:00,Acute Food Insecurity,Kwale,1522055480,rcsi,RCSI Phase 3+,NDMA,Reduced Coping Strategies Index,16.7,,,,180,,,,,2026-07-01T00:00:00,2026-07-15T00:00:00,,,
pQlHCLzphmRI,KE,2026-07-27T00:00:00,Acute Food Insecurity,Laikipia,626062507,rcsi,RCSI Phase 1,NDMA,Reduced Coping Strategies Index,27.7,,,,173,,,,,2026-07-01T00:00:00,2026-07-15T00:00:00,,,
gE2jfrfdhja1,KE,2026-07-27T00:00:00,Acute Food Insecurity,Laikipia,626062507,rcsi,RCSI Phase 2,NDMA,Reduced Coping Strategies Index,61.8,,,,173,,,,,2026-07-01T00:00:00,2026-07-15T00:00:00,,,
o-MamQ3v9QOc,KE,2026-07-27T00:00:00,Acute Food Insecurity,Laikipia,626062507,rcsi,RCSI Phase 3+,NDMA,Reduced Coping Strategies Index,10.4,,,,173,,,,,2026-07-01T00:00:00,2026-07-15T00:00:00,,,
s1Zd9pNClqZk,KE,2026-07-27T00:00:00,Acute Food Insecurity,Lamu,2013145435,rcsi,RCSI Phase 1,NDMA,Reduced Coping Strategies Index,28.1,,,,89,,,,,2026-07-01T00:00:00,2026-07-15T00:00:00,,,
dXjUZUkR2vmc,KE,2026-07-27T00:00:00,Acute Food Insecurity,Lamu,2013145435,rcsi,RCSI Phase 2,NDMA,Reduced Coping Strategies Index,38.2,,,,89,,,,,2026-07-01T00:00:00,2026-07-15T00:00:00,,,
pLsxX-_hf40L,KE,2026-07-27T00:00:00,Acute Food Insecurity,Lamu,2013145435,rcsi,RCSI Phase 3+,NDMA,Reduced Coping Strategies Index,33.7,,,,89,,,,,2026-07-01T00:00:00,2026-07-15T00:00:00,,,
cts2ncNeGxGd,KE,2026-07-27T00:00:00,Acute Food Insecurity,Makueni,2003884472,rcsi,RCSI Phase 1,NDMA,Reduced Coping Strategies Index,51,,,,210,,,,,2026-07-01T00:00:00,2026-07-15T00:00:00,,,
o5JFJrvIvz53,KE,2026-07-27T00:00:00,Acute Food Insecurity,Makueni,2003884472,rcsi,RCSI Phase 2,NDMA,Reduced Coping Strategies Index,36.2,,,,210,,,,,2026-07-01T00:00:00,2026-07-15T00:00:00,,,
B_40lCpgVCq7,KE,2026-07-27T00:00:00,Acute Food Insecurity,Makueni,2003884472,rcsi,RCSI Phase 3+,NDMA,Reduced Coping Strategies Index,12.9,,,,210,,,,,2026-07-01T00:00:00,2026-07-15T00:00:00,,,
jfQhpVvDsSR0,KE,2026-07-27T00:00:00,Acute Food Insecurity,Mandera,22022253,rcsi,RCSI Phase 1,NDMA,Reduced Coping Strategies Index,5.2,,,,210,,,,,2026-07-01T00:00:00,2026-07-15T00:00:00,,,
6gZ3wdqkTZ_r,KE,2026-07-27T00:00:00,Acute Food Insecurity,Mandera,22022253,rcsi,RCSI Phase 2,NDMA,Reduced Coping Strategies Index,94.3,,,,210,,,,,2026-07-01T00:00:00,2026-07-15T00:00:00,,,
5bLjL9tBdzFt,KE,2026-07-27T00:00:00,Acute Food Insecurity,Mandera,22022253,rcsi,RCSI Phase 3+,NDMA,Reduced Coping Strategies Index,0.5,,,,210,,,,,2026-07-01T00:00:00,2026-07-15T00:00:00,,,
eqfsV32UUDWn,KE,2026-07-27T00:00:00,Acute Food Insecurity,Marsabit,1658482900,rcsi,RCSI Phase 1,NDMA,Reduced Coping Strategies Index,12.3,,,,285,,,,,2026-07-01T00:00:00,2026-07-15T00:00:00,,,
v1_bAidFfZCZ,KE,2026-07-27T00:00:00,Acute Food Insecurity,Marsabit,1658482900,rcsi,RCSI Phase 2,NDMA,Reduced Coping Strategies Index,56.8,,,,285,,,,,2026-07-01T00:00:00,2026-07-15T00:00:00,,,
WGq6fIaaOZoK,KE,2026-07-27T00:00:00,Acute Food Insecurity,Marsabit,1658482900,rcsi,RCSI Phase 3+,NDMA,Reduced Coping Strategies Index,30.9,,,,285,,,,,2026-07-01T00:00:00,2026-07-15T00:00:00,,,
cGCMk_k8eFof,KE,2026-07-27T00:00:00,Acute Food Insecurity,Meru,34766512,rcsi,RCSI Phase 1,NDMA,Reduced Coping Strategies Index,10.2,,,,118,,,,,2026-07-01T00:00:00,2026-07-15T00:00:00,,,
8-p8IoJdTIPF,KE,2026-07-27T00:00:00,Acute Food Insecurity,Meru,34766512,rcsi,RCSI Phase 2,NDMA,Reduced Coping Strategies Index,54.2,,,,118,,,,,2026-07-01T00:00:00,2026-07-15T00:00:00,,,
iqawKb73Rgvt,KE,2026-07-27T00:00:00,Acute Food Insecurity,Meru,34766512,rcsi,RCSI Phase 3+,NDMA,Reduced Coping Strategies Index,35.6,,,,118,,,,,2026-07-01T00:00:00,2026-07-15T00:00:00,,,
W2gd4qJ4ff2F,KE,2026-07-27T00:00:00,Acute Food Insecurity,Narok,1999415307,rcsi,RCSI Phase 1,NDMA,Reduced Coping Strategies Index,60,,,,180,,,,,2026-07-01T00:00:00,2026-07-15T00:00:00,,,
2HnupCibiIko,KE,2026-07-27T00:00:00,Acute Food Insecurity,Narok,1999415307,rcsi,RCSI Phase 2,NDMA,Reduced Coping Strategies Index,33.9,,,,180,,,,,2026-07-01T00:00:00,2026-07-15T00:00:00,,,
HAYLivFU7e_a,KE,2026-07-27T00:00:00,Acute Food Insecurity,Narok,1999415307,rcsi,RCSI Phase 3+,NDMA,Reduced Coping Strategies Index,6.1,,,,180,,,,,2026-07-01T00:00:00,2026-07-15T00:00:00,,,
hPyj-cLebe2n,KE,2026-07-27T00:00:00,Acute Food Insecurity,Nyeri,1660305701,rcsi,RCSI Phase 1,NDMA,Reduced Coping Strategies Index,52.5,,,,120,,,,,2026-07-01T00:00:00,2026-07-15T00:00:00,,,
XVqmF7Unj9Af,KE,2026-07-27T00:00:00,Acute Food Insecurity,Nyeri,1660305701,rcsi,RCSI Phase 2,NDMA,Reduced Coping Strategies Index,43.3,,,,120,,,,,2026-07-01T00:00:00,2026-07-15T00:00:00,,,
WyHp8ZIXPfjP,KE,2026-07-27T00:00:00,Acute Food Insecurity,Nyeri,1660305701,rcsi,RCSI Phase 3+,NDMA,Reduced Coping Strategies Index,4.2,,,,120,,,,,2026-07-01T00:00:00,2026-07-15T00:00:00,,,
4ALD9rSkaCq6,KE,2026-07-27T00:00:00,Acute Food Insecurity,Samburu,352693783,rcsi,RCSI Phase 1,NDMA,Reduced Coping Strategies Index,55,,,,169,,,,,2026-07-01T00:00:00,2026-07-15T00:00:00,,,
MYCNiK281INJ,KE,2026-07-27T00:00:00,Acute Food Insecurity,Samburu,352693783,rcsi,RCSI Phase 2,NDMA,Reduced Coping Strategies Index,18.3,,,,169,,,,,2026-07-01T00:00:00,2026-07-15T00:00:00,,,
-pqZE2n-sfo_,KE,2026-07-27T00:00:00,Acute Food Insecurity,Samburu,352693783,rcsi,RCSI Phase 3+,NDMA,Reduced Coping Strategies Index,26.6,,,,169,,,,,2026-07-01T00:00:00,2026-07-15T00:00:00,,,
nv6qIljiIAEJ,KE,2026-07-27T00:00:00,Acute Food Insecurity,Taita Taveta,1934971506,rcsi,RCSI Phase 1,NDMA,Reduced Coping Strategies Index,84.8,,,,210,,,,,2026-07-01T00:00:00,2026-07-15T00:00:00,,,
OI64nAuSJeyU,KE,2026-07-27T00:00:00,Acute Food Insecurity,Taita Taveta,1934971506,rcsi,RCSI Phase 2,NDMA,Reduced Coping Strategies Index,14.8,,,,210,,,,,2026-07-01T00:00:00,2026-07-15T00:00:00,,,
P0ldEm28u7NC,KE,2026-07-27T00:00:00,Acute Food Insecurity,Taita Taveta,1934971506,rcsi,RCSI Phase 3+,NDMA,Reduced Coping Strategies Index,0.5,,,,210,,,,,2026-07-01T00:00:00,2026-07-15T00:00:00,,,
10OvslaFNv8o,KE,2026-07-27T00:00:00,Acute Food Insecurity,Tana River,643729136,rcsi,RCSI Phase 1,NDMA,Reduced Coping Strategies Index,23.9,,,,205,,,,,2026-07-01T00:00:00,2026-07-15T00:00:00,,,
iiQ-qYJXq7GJ,KE,2026-07-27T00:00:00,Acute Food Insecurity,Tana River,643729136,rcsi,RCSI Phase 2,NDMA,Reduced Coping Strategies Index,74.6,,,,205,,,,,2026-07-01T00:00:00,2026-07-15T00:00:00,,,
a9cABsRcD1UA,KE,2026-07-27T00:00:00,Acute Food Insecurity,Tana River,643729136,rcsi,RCSI Phase 3+,NDMA,Reduced Coping Strategies Index,1.5,,,,205,,,,,2026-07-01T00:00:00,2026-07-15T00:00:00,,,
Fm-kdx9bSNdr,KE,2026-07-27T00:00:00,Acute Food Insecurity,Tharaka Nithi,1729114188,rcsi,RCSI Phase 1,NDMA,Reduced Coping Strategies Index,77.5,,,,120,,,,,2026-07-01T00:00:00,2026-07-15T00:00:00,,,
00AAlW7812Hi,KE,2026-07-27T00:00:00,Acute Food Insecurity,Tharaka Nithi,1729114188,rcsi,RCSI Phase 2,NDMA,Reduced Coping Strategies Index,21.7,,,,120,,,,,2026-07-01T00:00:00,2026-07-15T00:00:00,,,
Ogy0nTd6rhF2,KE,2026-07-27T00:00:00,Acute Food Insecurity,Tharaka Nithi,1729114188,rcsi,RCSI Phase 3+,NDMA,Reduced Coping Strategies Index,0.8,,,,120,,,,,2026-07-01T00:00:00,2026-07-15T00:00:00,,,
hW0PlJ-4ULiU,KE,2026-07-27T00:00:00,Acute Food Insecurity,Turkana,555408936,rcsi,RCSI Phase 1,NDMA,Reduced Coping Strategies Index,7.1,,,,269,,,,,2026-07-01T00:00:00,2026-07-15T00:00:00,,,
g00cc5Yi96BL,KE,2026-07-27T00:00:00,Acute Food Insecurity,Turkana,555408936,rcsi,RCSI Phase 2,NDMA,Reduced Coping Strategies Index,55,,,,269,,,,,2026-07-01T00:00:00,2026-07-15T00:00:00,,,
pSJSCHAbuFAJ,KE,2026-07-27T00:00:00,Acute Food Insecurity,Turkana,555408936,rcsi,RCSI Phase 3+,NDMA,Reduced Coping Strategies Index,37.9,,,,269,,,,,2026-07-01T00:00:00,2026-07-15T00:00:00,,,
BPr6qH0lpYyz,KE,2026-07-27T00:00:00,Acute Food Insecurity,Wajir,822014985,rcsi,RCSI Phase 1,NDMA,Reduced Coping Strategies Index,27.8,,,,270,,,,,2026-07-01T00:00:00,2026-07-15T00:00:00,,,
gowqqGeDye0s,KE,2026-07-27T00:00:00,Acute Food Insecurity,Wajir,822014985,rcsi,RCSI Phase 2,NDMA,Reduced Coping Strategies Index,55.6,,,,270,,,,,2026-07-01T00:00:00,2026-07-15T00:00:00,,,
FyQKAoLME27s,KE,2026-07-27T00:00:00,Acute Food Insecurity,Wajir,822014985,rcsi,RCSI Phase 3+,NDMA,Reduced Coping Strategies Index,16.7,,,,270,,,,,2026-07-01T00:00:00,2026-07-15T00:00:00,,,
Z59Fojk2dKBo,KE,2026-07-27T00:00:00,Acute Food Insecurity,West Pokot,1223751858,rcsi,RCSI Phase 1,NDMA,Reduced Coping Strategies Index,32,,,,150,,,,,2026-07-01T00:00:00,2026-07-15T00:00:00,,,
oMUxRNcYfMLX,KE,2026-07-27T00:00:00,Acute Food Insecurity,West Pokot,1223751858,rcsi,RCSI Phase 2,NDMA,Reduced Coping Strategies Index,68,,,,150,,,,,2026-07-01T00:00:00,2026-07-15T00:00:00,,,
PQVD1OENtwuu,KE,2026-07-27T00:00:00,Acute Food Insecurity,West Pokot,1223751858,rcsi,RCSI Phase 3+,NDMA,Reduced Coping Strategies Index,0,,,,150,,,,,2026-07-01T00:00:00,2026-07-15T00:00:00,,,
ttLzo_3DaSH-,KE,2026-07-27T00:00:00,Acute Food Insecurity,Baringo,688748238,lcs,LCS Phase 1,NDMA,Livelihood Coping Strategy,81.3,,,,235,,,,,2026-07-01T00:00:00,2026-07-15T00:00:00,,,
EaRmSoWQJzXM,KE,2026-07-27T00:00:00,Acute Food Insecurity,Baringo,688748238,lcs,LCS Phase 2,NDMA,Livelihood Coping Strategy,18.7,,,,235,,,,,2026-07-01T00:00:00,2026-07-15T00:00:00,,,
BWfxd0Kdb8EM,KE,2026-07-27T00:00:00,Acute Food Insecurity,Baringo,688748238,lcs,LCS Phase 3,NDMA,Livelihood Coping Strategy,0,,,,235,,,,,2026-07-01T00:00:00,2026-07-15T00:00:00,,,
kqggdge41bgt,KE,2026-07-27T00:00:00,Acute Food Insecurity,Baringo,688748238,lcs,LCS Phase 4-5,NDMA,Livelihood Coping Strategy,0,,,,235,,,,,2026-07-01T00:00:00,2026-07-15T00:00:00,,,
ee-CJVVAOAjD,KE,2026-07-27T00:00:00,Acute Food Insecurity,Embu,1770745440,lcs,LCS Phase 1,NDMA,Livelihood Coping Strategy,77.3,,,,119,,,,,2026-07-01T00:00:00,2026-07-15T00:00:00,,,
MNgwt7nkiJqf,KE,2026-07-27T00:00:00,Acute Food Insecurity,Embu,1770745440,lcs,LCS Phase 2,NDMA,Livelihood Coping Strategy,21.8,,,,119,,,,,2026-07-01T00:00:00,2026-07-15T00:00:00,,,
_bSfwYYscPRo,KE,2026-07-27T00:00:00,Acute Food Insecurity,Embu,1770745440,lcs,LCS Phase 3,NDMA,Livelihood Coping Strategy,0,,,,119,,,,,2026-07-01T00:00:00,2026-07-15T00:00:00,,,
NOzcZjfUeZHp,KE,2026-07-27T00:00:00,Acute Food Insecurity,Embu,1770745440,lcs,LCS Phase 4-5,NDMA,Livelihood Coping Strategy,0.8,,,,119,,,,,2026-07-01T00:00:00,2026-07-15T00:00:00,,,
73LbdvQ9LvIt,KE,2026-07-27T00:00:00,Acute Food Insecurity,Garissa,1797598623,lcs,LCS Phase 1,NDMA,Livelihood Coping Strategy,91.4,,,,174,,,,,2026-07-01T00:00:00,2026-07-15T00:00:00,,,
jV5nwjVsbcSA,KE,2026-07-27T00:00:00,Acute Food Insecurity,Garissa,1797598623,lcs,LCS Phase 2,NDMA,Livelihood Coping Strategy,1.1,,,,174,,,,,2026-07-01T00:00:00,2026-07-15T00:00:00,,,
cjbMA2FEXDAb,KE,2026-07-27T00:00:00,Acute Food Insecurity,Garissa,1797598623,lcs,LCS Phase 3,NDMA,Livelihood Coping Strategy,7.5,,,,174,,,,,2026-07-01T00:00:00,2026-07-15T00:00:00,,,
9twtZXU5z7ke,KE,2026-07-27T00:00:00,Acute Food Insecurity,Garissa,1797598623,lcs,LCS Phase 4-5,NDMA,Livelihood Coping Strategy,0,,,,174,,,,,2026-07-01T00:00:00,2026-07-15T00:00:00,,,
UuUWfI7i7qcI,KE,2026-07-27T00:00:00,Acute Food Insecurity,Isiolo,1206124330,lcs,LCS Phase 1,NDMA,Livelihood Coping Strategy,37.6,,,,210,,,,,2026-07-01T00:00:00,2026-07-15T00:00:00,,,
sF-M2LWvd0Zk,KE,2026-07-27T00:00:00,Acute Food Insecurity,Isiolo,1206124330,lcs,LCS Phase 2,NDMA,Livelihood Coping Strategy,51,,,,210,,,,,2026-07-01T00:00:00,2026-07-15T00:00:00,,,
SQw2p9Tx0wWz,KE,2026-07-27T00:00:00,Acute Food Insecurity,Isiolo,1206124330,lcs,LCS Phase 3,NDMA,Livelihood Coping Strategy,10.5,,,,210,,,,,2026-07-01T00:00:00,2026-07-15T00:00:00,,,
Ze-vw77e47Zc,KE,2026-07-27T00:00:00,Acute Food Insecurity,Isiolo,1206124330,lcs,LCS Phase 4-5,NDMA,Livelihood Coping Strategy,1,,,,210,,,,,2026-07-01T00:00:00,2026-07-15T00:00:00,,,
dtL1ONKW0upx,KE,2026-07-27T00:00:00,Acute Food Insecurity,Kajiado,573074180,lcs,LCS Phase 1,NDMA,Livelihood Coping Strategy,65.7,,,,210,,,,,2026-07-01T00:00:00,2026-07-15T00:00:00,,,
Y3MlUkkDmTsZ,KE,2026-07-27T00:00:00,Acute Food Insecurity,Kajiado,573074180,lcs,LCS Phase 2,NDMA,Livelihood Coping Strategy,33.8,,,,210,,,,,2026-07-01T00:00:00,2026-07-15T00:00:00,,,
vNVIo_7nSxZ0,KE,2026-07-27T00:00:00,Acute Food Insecurity,Kajiado,573074180,lcs,LCS Phase 3,NDMA,Livelihood Coping Strategy,0,,,,210,,,,,2026-07-01T00:00:00,2026-07-15T00:00:00,,,
6nOCRfWXDFPe,KE,2026-07-27T00:00:00,Acute Food Insecurity,Kajiado,573074180,lcs,LCS Phase 4-5,NDMA,Livelihood Coping Strategy,0.5,,,,210,,,,,2026-07-01T00:00:00,2026-07-15T00:00:00,,,
PITnu22VjW5W,KE,2026-07-27T00:00:00,Acute Food Insecurity,Kilifi,1841156012,lcs,LCS Phase 1,NDMA,Livelihood Coping Strategy,83.9,,,,193,,,,,2026-07-01T00:00:00,2026-07-15T00:00:00,,,
h1e68GlmcGdT,KE,2026-07-27T00:00:00,Acute Food Insecurity,Kilifi,1841156012,lcs,LCS Phase 2,NDMA,Livelihood Coping Strategy,0,,,,193,,,,,2026-07-01T00:00:00,2026-07-15T00:00:00,,,
nFu1Sau7xiFX,KE,2026-07-27T00:00:00,Acute Food Insecurity,Kilifi,1841156012,lcs,LCS Phase 3,NDMA,Livelihood Coping Strategy,16.1,,,,193,,,,,2026-07-01T00:00:00,2026-07-15T00:00:00,,,
lFFSwcuifOU-,KE,2026-07-27T00:00:00,Acute Food Insecurity,Kilifi,1841156012,lcs,LCS Phase 4-5,NDMA,Livelihood Coping Strategy,0,,,,193,,,,,2026-07-01T00:00:00,2026-07-15T00:00:00,,,
v0VJOA0h1o7I,KE,2026-07-27T00:00:00,Acute Food Insecurity,Kitui,503044674,lcs,LCS Phase 1,NDMA,Livelihood Coping Strategy,91.9,,,,272,,,,,2026-07-01T00:00:00,2026-07-15T00:00:00,,,
lAuF4GXKEGnO,KE,2026-07-27T00:00:00,Acute Food Insecurity,Kitui,503044674,lcs,LCS Phase 2,NDMA,Livelihood Coping Strategy,7.7,,,,272,,,,,2026-07-01T00:00:00,2026-07-15T00:00:00,,,
WkcEEAiEjxWq,KE,2026-07-27T00:00:00,Acute Food Insecurity,Kitui,503044674,lcs,LCS Phase 3,NDMA,Livelihood Coping Strategy,0,,,,272,,,,,2026-07-01T00:00:00,2026-07-15T00:00:00,,,
NauEFyPZZD9j,KE,2026-07-27T00:00:00,Acute Food Insecurity,Kitui,503044674,lcs,LCS Phase 4-5,NDMA,Livelihood Coping Strategy,0.4,,,,272,,,,,2026-07-01T00:00:00,2026-07-15T00:00:00,,,
0InVE89FJ3OZ,KE,2026-07-27T00:00:00,Acute Food Insecurity,Kwale,1522055480,lcs,LCS Phase 1,NDMA,Livelihood Coping Strategy,43.9,,,,180,,,,,2026-07-01T00:00:00,2026-07-15T00:00:00,,,
3Ns16zjs26G5,KE,2026-07-27T00:00:00,Acute Food Insecurity,Kwale,1522055480,lcs,LCS Phase 2,NDMA,Livelihood Coping Strategy,33.9,,,,180,,,,,2026-07-01T00:00:00,2026-07-15T00:00:00,,,
GdXJXPVaSKbe,KE,2026-07-27T00:00:00,Acute Food Insecurity,Kwale,1522055480,lcs,LCS Phase 3,NDMA,Livelihood Coping Strategy,13.9,,,,180,,,,,2026-07-01T00:00:00,2026-07-15T00:00:00,,,
pYC2F6IEDWf-,KE,2026-07-27T00:00:00,Acute Food Insecurity,Kwale,1522055480,lcs,LCS Phase 4-5,NDMA,Livelihood Coping Strategy,8.3,,,,180,,,,,2026-07-01T00:00:00,2026-07-15T00:00:00,,,
gN7lrj3SCb0C,KE,2026-07-27T00:00:00,Acute Food Insecurity,Laikipia,626062507,lcs,LCS Phase 1,NDMA,Livelihood Coping Strategy,49.1,,,,173,,,,,2026-07-01T00:00:00,2026-07-15T00:00:00,,,
iw00tmWempXU,KE,2026-07-27T00:00:00,Acute Food Insecurity,Laikipia,626062507,lcs,LCS Phase 2,NDMA,Livelihood Coping Strategy,47.4,,,,173,,,,,2026-07-01T00:00:00,2026-07-15T00:00:00,,,
6mlldPLSgrkD,KE,2026-07-27T00:00:00,Acute Food Insecurity,Laikipia,626062507,lcs,LCS Phase 3,NDMA,Livelihood Coping Strategy,2.9,,,,173,,,,,2026-07-01T00:00:00,2026-07-15T00:00:00,,,
Hz20kxaqh8Wc,KE,2026-07-27T00:00:00,Acute Food Insecurity,Laikipia,626062507,lcs,LCS Phase 4-5,NDMA,Livelihood Coping Strategy,0.6,,,,173,,,,,2026-07-01T00:00:00,2026-07-15T00:00:00,,,
TWKLAH8UIZbE,KE,2026-07-27T00:00:00,Acute Food Insecurity,Lamu,2013145435,lcs,LCS Phase 1,NDMA,Livelihood Coping Strategy,96.6,,,,89,,,,,2026-07-01T00:00:00,2026-07-15T00:00:00,,,
_OVC0K5CDS0A,KE,2026-07-27T00:00:00,Acute Food Insecurity,Lamu,2013145435,lcs,LCS Phase 2,NDMA,Livelihood Coping Strategy,3.4,,,,89,,,,,2026-07-01T00:00:00,2026-07-15T00:00:00,,,
GZvpe5vUzZQf,KE,2026-07-27T00:00:00,Acute Food Insecurity,Lamu,2013145435,lcs,LCS Phase 3,NDMA,Livelihood Coping Strategy,0,,,,89,,,,,2026-07-01T00:00:00,2026-07-15T00:00:00,,,
PeuW16ScHNc-,KE,2026-07-27T00:00:00,Acute Food Insecurity,Lamu,2013145435,lcs,LCS Phase 4-5,NDMA,Livelihood Coping Strategy,0,,,,89,,,,,2026-07-01T00:00:00,2026-07-15T00:00:00,,,
dMhji5pTuhHN,KE,2026-07-27T00:00:00,Acute Food Insecurity,Makueni,2003884472,lcs,LCS Phase 1,NDMA,Livelihood Coping Strategy,65.2,,,,210,,,,,2026-07-01T00:00:00,2026-07-15T00:00:00,,,
Bri29NjgsQC-,KE,2026-07-27T00:00:00,Acute Food Insecurity,Makueni,2003884472,lcs,LCS Phase 2,NDMA,Livelihood Coping Strategy,22.4,,,,210,,,,,2026-07-01T00:00:00,2026-07-15T00:00:00,,,
nKB-NB3ZH7L3,KE,2026-07-27T00:00:00,Acute Food Insecurity,Makueni,2003884472,lcs,LCS Phase 3,NDMA,Livelihood Coping Strategy,11,,,,210,,,,,2026-07-01T00:00:00,2026-07-15T00:00:00,,,
BMZ3qNnygud7,KE,2026-07-27T00:00:00,Acute Food Insecurity,Makueni,2003884472,lcs,LCS Phase 4-5,NDMA,Livelihood Coping Strategy,1.4,,,,210,,,,,2026-07-01T00:00:00,2026-07-15T00:00:00,,,
44h2oqGRGcyQ,KE,2026-07-27T00:00:00,Acute Food Insecurity,Mandera,22022253,lcs,LCS Phase 1,NDMA,Livelihood Coping Strategy,85.7,,,,210,,,,,2026-07-01T00:00:00,2026-07-15T00:00:00,,,
T-YHaHte3Vza,KE,2026-07-27T00:00:00,Acute Food Insecurity,Mandera,22022253,lcs,LCS Phase 2,NDMA,Livelihood Coping Strategy,0,,,,210,,,,,2026-07-01T00:00:00,2026-07-15T00:00:00,,,
Lr9Sde4tcFTK,KE,2026-07-27T00:00:00,Acute Food Insecurity,Mandera,22022253,lcs,LCS Phase 3,NDMA,Livelihood Coping Strategy,0,,,,210,,,,,2026-07-01T00:00:00,2026-07-15T00:00:00,,,
5q7QwGkOYCHE,KE,2026-07-27T00:00:00,Acute Food Insecurity,Mandera,22022253,lcs,LCS Phase 4-5,NDMA,Livelihood Coping Strategy,14.3,,,,210,,,,,2026-07-01T00:00:00,2026-07-15T00:00:00,,,
GHYKPwVxglp-,KE,2026-07-27T00:00:00,Acute Food Insecurity,Marsabit,1658482900,lcs,LCS Phase 1,NDMA,Livelihood Coping Strategy,32.3,,,,285,,,,,2026-07-01T00:00:00,2026-07-15T00:00:00,,,
YgOAeatVuWPx,KE,2026-07-27T00:00:00,Acute Food Insecurity,Marsabit,1658482900,lcs,LCS Phase 2,NDMA,Livelihood Coping Strategy,27.7,,,,285,,,,,2026-07-01T00:00:00,2026-07-15T00:00:00,,,
nHrl4uVMM287,KE,2026-07-27T00:00:00,Acute Food Insecurity,Marsabit,1658482900,lcs,LCS Phase 3,NDMA,Livelihood Coping Strategy,38.9,,,,285,,,,,2026-07-01T00:00:00,2026-07-15T00:00:00,,,
M5tuHNjDqTMV,KE,2026-07-27T00:00:00,Acute Food Insecurity,Marsabit,1658482900,lcs,LCS Phase 4-5,NDMA,Livelihood Coping Strategy,1.1,,,,285,,,,,2026-07-01T00:00:00,2026-07-15T00:00:00,,,
n9nUdNmrooxv,KE,2026-07-27T00:00:00,Acute Food Insecurity,Meru,34766512,lcs,LCS Phase 1,NDMA,Livelihood Coping Strategy,61.9,,,,118,,,,,2026-07-01T00:00:00,2026-07-15T00:00:00,,,
221RE5KClyaU,KE,2026-07-27T00:00:00,Acute Food Insecurity,Meru,34766512,lcs,LCS Phase 2,NDMA,Livelihood Coping Strategy,16.9,,,,118,,,,,2026-07-01T00:00:00,2026-07-15T00:00:00,,,
d73Ll2yX1jMV,KE,2026-07-27T00:00:00,Acute Food Insecurity,Meru,34766512,lcs,LCS Phase 3,NDMA,Livelihood Coping Strategy,19.5,,,,118,,,,,2026-07-01T00:00:00,2026-07-15T00:00:00,,,
TRAnzR113s0J,KE,2026-07-27T00:00:00,Acute Food Insecurity,Meru,34766512,lcs,LCS Phase 4-5,NDMA,Livelihood Coping Strategy,1.7,,,,118,,,,,2026-07-01T00:00:00,2026-07-15T00:00:00,,,
53xD071c8Nrd,KE,2026-07-27T00:00:00,Acute Food Insecurity,Narok,1999415307,lcs,LCS Phase 1,NDMA,Livelihood Coping Strategy,99.4,,,,180,,,,,2026-07-01T00:00:00,2026-07-15T00:00:00,,,
38m8MJZJ0JUQ,KE,2026-07-27T00:00:00,Acute Food Insecurity,Narok,1999415307,lcs,LCS Phase 2,NDMA,Livelihood Coping Strategy,0.6,,,,180,,,,,2026-07-01T00:00:00,2026-07-15T00:00:00,,,
EAFKd8I0lIza,KE,2026-07-27T00:00:00,Acute Food Insecurity,Narok,1999415307,lcs,LCS Phase 3,NDMA,Livelihood Coping Strategy,0,,,,180,,,,,2026-07-01T00:00:00,2026-07-15T00:00:00,,,
i0IHSAevJWYk,KE,2026-07-27T00:00:00,Acute Food Insecurity,Narok,1999415307,lcs,LCS Phase 4-5,NDMA,Livelihood Coping Strategy,0,,,,180,,,,,2026-07-01T00:00:00,2026-07-15T00:00:00,,,
ZGXl-F6qmKlk,KE,2026-07-27T00:00:00,Acute Food Insecurity,Nyeri,1660305701,lcs,LCS Phase 1,NDMA,Livelihood Coping Strategy,75.8,,,,120,,,,,2026-07-01T00:00:00,2026-07-15T00:00:00,,,
clWZ0gMmjJJw,KE,2026-07-27T00:00:00,Acute Food Insecurity,Nyeri,1660305701,lcs,LCS Phase 2,NDMA,Livelihood Coping Strategy,24.2,,,,120,,,,,2026-07-01T00:00:00,2026-07-15T00:00:00,,,
VR9aOGlkDRZW,KE,2026-07-27T00:00:00,Acute Food Insecurity,Nyeri,1660305701,lcs,LCS Phase 3,NDMA,Livelihood Coping Strategy,0,,,,120,,,,,2026-07-01T00:00:00,2026-07-15T00:00:00,,,
6twugaLMkI0J,KE,2026-07-27T00:00:00,Acute Food Insecurity,Nyeri,1660305701,lcs,LCS Phase 4-5,NDMA,Livelihood Coping Strategy,0,,,,120,,,,,2026-07-01T00:00:00,2026-07-15T00:00:00,,,
1G30OCHL3mQq,KE,2026-07-27T00:00:00,Acute Food Insecurity,Samburu,352693783,lcs,LCS Phase 1,NDMA,Livelihood Coping Strategy,84.6,,,,169,,,,,2026-07-01T00:00:00,2026-07-15T00:00:00,,,
MKxvvo261sNN,KE,2026-07-27T00:00:00,Acute Food Insecurity,Samburu,352693783,lcs,LCS Phase 2,NDMA,Livelihood Coping Strategy,11.2,,,,169,,,,,2026-07-01T00:00:00,2026-07-15T00:00:00,,,
RzCszbl1FD69,KE,2026-07-27T00:00:00,Acute Food Insecurity,Samburu,352693783,lcs,LCS Phase 3,NDMA,Livelihood Coping Strategy,1.2,,,,169,,,,,2026-07-01T00:00:00,2026-07-15T00:00:00,,,
aL0cFOhvn5XG,KE,2026-07-27T00:00:00,Acute Food Insecurity,Samburu,352693783,lcs,LCS Phase 4-5,NDMA,Livelihood Coping Strategy,3,,,,169,,,,,2026-07-01T00:00:00,2026-07-15T00:00:00,,,
bKM4q_Uoosi-,KE,2026-07-27T00:00:00,Acute Food Insecurity,Taita Taveta,1934971506,lcs,LCS Phase 1,NDMA,Livelihood Coping Strategy,100,,,,210,,,,,2026-07-01T00:00:00,2026-07-15T00:00:00,,,
zzYPbBuj3gBb,KE,2026-07-27T00:00:00,Acute Food Insecurity,Taita Taveta,1934971506,lcs,LCS Phase 2,NDMA,Livelihood Coping Strategy,0,,,,210,,,,,2026-07-01T00:00:00,2026-07-15T00:00:00,,,
GaVeNPqvqjeh,KE,2026-07-27T00:00:00,Acute Food Insecurity,Taita Taveta,1934971506,lcs,LCS Phase 3,NDMA,Livelihood Coping Strategy,0,,,,210,,,,,2026-07-01T00:00:00,2026-07-15T00:00:00,,,
qGUVdFNggReT,KE,2026-07-27T00:00:00,Acute Food Insecurity,Taita Taveta,1934971506,lcs,LCS Phase 4-5,NDMA,Livelihood Coping Strategy,0,,,,210,,,,,2026-07-01T00:00:00,2026-07-15T00:00:00,,,
7D7lmizTJoND,KE,2026-07-27T00:00:00,Acute Food Insecurity,Tana River,643729136,lcs,LCS Phase 1,NDMA,Livelihood Coping Strategy,61,,,,205,,,,,2026-07-01T00:00:00,2026-07-15T00:00:00,,,
ccy6Q4rTbt0j,KE,2026-07-27T00:00:00,Acute Food Insecurity,Tana River,643729136,lcs,LCS Phase 2,NDMA,Livelihood Coping Strategy,13.2,,,,205,,,,,2026-07-01T00:00:00,2026-07-15T00:00:00,,,
8idWXsSqcdsq,KE,2026-07-27T00:00:00,Acute Food Insecurity,Tana River,643729136,lcs,LCS Phase 3,NDMA,Livelihood Coping Strategy,25.9,,,,205,,,,,2026-07-01T00:00:00,2026-07-15T00:00:00,,,
QHHuTsE15Kxy,KE,2026-07-27T00:00:00,Acute Food Insecurity,Tana River,643729136,lcs,LCS Phase 4-5,NDMA,Livelihood Coping Strategy,0,,,,205,,,,,2026-07-01T00:00:00,2026-07-15T00:00:00,,,
UAjqd43DriqN,KE,2026-07-27T00:00:00,Acute Food Insecurity,Tharaka Nithi,1729114188,lcs,LCS Phase 1,NDMA,Livelihood Coping Strategy,98.3,,,,120,,,,,2026-07-01T00:00:00,2026-07-15T00:00:00,,,
_WjG-3oPu1wc,KE,2026-07-27T00:00:00,Acute Food Insecurity,Tharaka Nithi,1729114188,lcs,LCS Phase 2,NDMA,Livelihood Coping Strategy,1.7,,,,120,,,,,2026-07-01T00:00:00,2026-07-15T00:00:00,,,
V9mnO8VSHbqv,KE,2026-07-27T00:00:00,Acute Food Insecurity,Tharaka Nithi,1729114188,lcs,LCS Phase 3,NDMA,Livelihood Coping Strategy,0,,,,120,,,,,2026-07-01T00:00:00,2026-07-15T00:00:00,,,
A-DmYF2WMy0V,KE,2026-07-27T00:00:00,Acute Food Insecurity,Tharaka Nithi,1729114188,lcs,LCS Phase 4-5,NDMA,Livelihood Coping Strategy,0,,,,120,,,,,2026-07-01T00:00:00,2026-07-15T00:00:00,,,
mTRork-nNvxj,KE,2026-07-27T00:00:00,Acute Food Insecurity,Turkana,555408936,lcs,LCS Phase 1,NDMA,Livelihood Coping Strategy,38.7,,,,269,,,,,2026-07-01T00:00:00,2026-07-15T00:00:00,,,
g6Pv3BN_KBah,KE,2026-07-27T00:00:00,Acute Food Insecurity,Turkana,555408936,lcs,LCS Phase 2,NDMA,Livelihood Coping Strategy,48,,,,269,,,,,2026-07-01T00:00:00,2026-07-15T00:00:00,,,
4x5-MSBbEuzI,KE,2026-07-27T00:00:00,Acute Food Insecurity,Turkana,555408936,lcs,LCS Phase 3,NDMA,Livelihood Coping Strategy,13.4,,,,269,,,,,2026-07-01T00:00:00,2026-07-15T00:00:00,,,
ZWfr9ytjqv5J,KE,2026-07-27T00:00:00,Acute Food Insecurity,Turkana,555408936,lcs,LCS Phase 4-5,NDMA,Livelihood Coping Strategy,0,,,,269,,,,,2026-07-01T00:00:00,2026-07-15T00:00:00,,,
dod5QTOp3XzX,KE,2026-07-27T00:00:00,Acute Food Insecurity,Wajir,822014985,lcs,LCS Phase 1,NDMA,Livelihood Coping Strategy,74.4,,,,270,,,,,2026-07-01T00:00:00,2026-07-15T00:00:00,,,
Y-96-88G_4O_,KE,2026-07-27T00:00:00,Acute Food Insecurity,Wajir,822014985,lcs,LCS Phase 2,NDMA,Livelihood Coping Strategy,10.7,,,,270,,,,,2026-07-01T00:00:00,2026-07-15T00:00:00,,,
6ByWUK3cE3mK,KE,2026-07-27T00:00:00,Acute Food Insecurity,Wajir,822014985,lcs,LCS Phase 3,NDMA,Livelihood Coping Strategy,14.1,,,,270,,,,,2026-07-01T00:00:00,2026-07-15T00:00:00,,,
Qo3A8kj63AcU,KE,2026-07-27T00:00:00,Acute Food Insecurity,Wajir,822014985,lcs,LCS Phase 4-5,NDMA,Livelihood Coping Strategy,0.7,,,,270,,,,,2026-07-01T00:00:00,2026-07-15T00:00:00,,,
7nAulUn1Fpi0,KE,2026-07-27T00:00:00,Acute Food Insecurity,West Pokot,1223751858,lcs,LCS Phase 1,NDMA,Livelihood Coping Strategy,72,,,,150,,,,,2026-07-01T00:00:00,2026-07-15T00:00:00,,,
sT82-Y64ia5M,KE,2026-07-27T00:00:00,Acute Food Insecurity,West Pokot,1223751858,lcs,LCS Phase 2,NDMA,Livelihood Coping Strategy,15.3,,,,150,,,,,2026-07-01T00:00:00,2026-07-15T00:00:00,,,
NVq7dGvdIvVh,KE,2026-07-27T00:00:00,Acute Food Insecurity,West Pokot,1223751858,lcs,LCS Phase 3,NDMA,Livelihood Coping Strategy,12.7,,,,150,,,,,2026-07-01T00:00:00,2026-07-15T00:00:00,,,
OE4gxaZJYqeU,KE,2026-07-27T00:00:00,Acute Food Insecurity,West Pokot,1223751858,lcs,LCS Phase 4-5,NDMA,Livelihood Coping Strategy,0,,,,150,,,,,2026-07-01T00:00:00,2026-07-15T00:00:00,,,
tuak9kwMMcOv,KE,2026-07-27T00:00:00,Acute Food Insecurity,Garissa,1797598623,gam-muac,GAM,NDMA,GAM based on MUAC,5.6,R1+,,,235,,,,,2026-07-01T00:00:00,2026-07-15T00:00:00,,,
cNJa1fATWDV3,KE,2026-07-27T00:00:00,Acute Food Insecurity,Isiolo,1206124330,gam-muac,GAM,NDMA,GAM based on MUAC,0,R1+,,,119,,,,,2026-07-01T00:00:00,2026-07-15T00:00:00,,,
rpEIAvToZS7q,KE,2026-07-27T00:00:00,Acute Food Insecurity,Kajiado,573074180,gam-muac,GAM,NDMA,GAM based on MUAC,0,R1+,,,174,,,,,2026-07-01T00:00:00,2026-07-15T00:00:00,,,
14XmXI5gkZ4h,KE,2026-07-27T00:00:00,Acute Food Insecurity,Kilifi,1841156012,gam-muac,GAM,NDMA,GAM based on MUAC,0.1,R1+,,,210,,,,,2026-07-01T00:00:00,2026-07-15T00:00:00,,,
DY9VX2LRZ4Fl,KE,2026-07-27T00:00:00,Acute Food Insecurity,Kitui,503044674,gam-muac,GAM,NDMA,GAM based on MUAC,0,R1+,,,210,,,,,2026-07-01T00:00:00,2026-07-15T00:00:00,,,
Yu_QxGzuTABB,KE,2026-07-27T00:00:00,Acute Food Insecurity,Kwale,1522055480,gam-muac,GAM,NDMA,GAM based on MUAC,0,R1+,,,193,,,,,2026-07-01T00:00:00,2026-07-15T00:00:00,,,
a7pwijvSmmSw,KE,2026-07-27T00:00:00,Acute Food Insecurity,Laikipia,626062507,gam-muac,GAM,NDMA,GAM based on MUAC,0,R1+,,,272,,,,,2026-07-01T00:00:00,2026-07-15T00:00:00,,,
GhMTVQuN40ma,KE,2026-07-27T00:00:00,Acute Food Insecurity,Lamu,2013145435,gam-muac,GAM,NDMA,GAM based on MUAC,0.2,R1+,,,180,,,,,2026-07-01T00:00:00,2026-07-15T00:00:00,,,
7BXdtr1PlCI5,KE,2026-07-27T00:00:00,Acute Food Insecurity,Makueni,2003884472,gam-muac,GAM,NDMA,GAM based on MUAC,0.3,R1+,,,173,,,,,2026-07-01T00:00:00,2026-07-15T00:00:00,,,
lQwbKexn7VTr,KE,2026-07-27T00:00:00,Acute Food Insecurity,Mandera,22022253,gam-muac,GAM,NDMA,GAM based on MUAC,7.7,R1+,,,89,,,,,2026-07-01T00:00:00,2026-07-15T00:00:00,,,
ca1kf8_IDQay,KE,2026-07-27T00:00:00,Acute Food Insecurity,Marsabit,1658482900,gam-muac,GAM,NDMA,GAM based on MUAC,5.2,R1+,,,210,,,,,2026-07-01T00:00:00,2026-07-15T00:00:00,,,
b2lreqQ18xKo,KE,2026-07-27T00:00:00,Acute Food Insecurity,Narok,1999415307,gam-muac,GAM,NDMA,GAM based on MUAC,0,R1+,,,210,,,,,2026-07-01T00:00:00,2026-07-15T00:00:00,,,
Z7ZadRfVDres,KE,2026-07-27T00:00:00,Acute Food Insecurity,Samburu,352693783,gam-muac,GAM,NDMA,GAM based on MUAC,3.5,R1+,,,285,,,,,2026-07-01T00:00:00,2026-07-15T00:00:00,,,
jDdi2vjfeEXH,KE,2026-07-27T00:00:00,Acute Food Insecurity,Taita Taveta,1934971506,gam-muac,GAM,NDMA,GAM based on MUAC,0,R1+,,,118,,,,,2026-07-01T00:00:00,2026-07-15T00:00:00,,,
_UFS_JjYru2o,KE,2026-07-27T00:00:00,Acute Food Insecurity,Tana River,643729136,gam-muac,GAM,NDMA,GAM based on MUAC,0.3,R1+,,,180,,,,,2026-07-01T00:00:00,2026-07-15T00:00:00,,,
IOAjk6388K2q,KE,2026-07-27T00:00:00,Acute Food Insecurity,Wajir,822014985,gam-muac,GAM,NDMA,GAM based on MUAC,6.8,R1+,,,120,,,,,2026-07-01T00:00:00,2026-07-15T00:00:00,,,
cA0p_epS5ctg,KE,2026-07-27T00:00:00,Acute Food Insecurity,West Pokot,1223751858,gam-muac,GAM,NDMA,GAM based on MUAC,0.2,R1+,,,169,,,,,2026-07-01T00:00:00,2026-07-15T00:00:00,,,
z4DkDoRJxxmd,KE,2026-07-27T00:00:00,Acute Food Insecurity,Tana River,643729136,gam-muac,GAM,Screening,GAM based on MUAC,5.1,R1+,,,,,,,,2026-06-01T00:00:00,2026-06-30T00:00:00,,,
txDNXEtBxyNi,KE,2026-07-27T00:00:00,Acute Food Insecurity,Samburu,352693783,gam-muac,GAM,Screening,GAM based on MUAC,5.7,R1+,,,,,,,,2026-06-01T00:00:00,2026-06-30T00:00:00,,,
CCaSSMzoljXv,KE,2026-07-27T00:00:00,Acute Food Insecurity,Garissa,1797598623,gam-muac,GAM,Screening,GAM based on MUAC,6.5,R1+,,,,,,,,2026-06-01T00:00:00,2026-06-30T00:00:00,,,
NuiV0ygvI263,KE,2026-07-27T00:00:00,Acute Food Insecurity,Wajir,822014985,gam-muac,GAM,Screening,GAM based on MUAC,10.8,R1+,,,,,,,,2026-06-01T00:00:00,2026-06-30T00:00:00,,,
gvLra3oJs3Pe,KE,2026-07-27T00:00:00,Acute Food Insecurity,Isiolo,1206124330,gam-muac,GAM,Screening,GAM based on MUAC,2.1,R1+,,,,,,,,2026-06-01T00:00:00,2026-06-30T00:00:00,,,
-kjM6P0Dk3Xw,KE,2026-07-27T00:00:00,Acute Food Insecurity,Dadaab,752245141,gam-whz,GAM,SENS,GAM based on WHZ,17.2,R2,,,,,,,,2026-06-01T00:00:00,2026-06-30T00:00:00,,,
F0-g9yrPJdoF,KE,2026-07-27T00:00:00,Acute Food Insecurity,Kakuma,325694451,gam-whz,GAM,SENS,GAM based on WHZ,13,R2,,,,,,,,2026-06-01T00:00:00,2026-06-30T00:00:00,,,
8FQ-YU3xs-77,KE,2026-07-27T00:00:00,Acute Food Insecurity,Kalobeyei,1805698982,gam-whz,GAM,SENS,GAM based on WHZ,14,R2,,,,,,,,2026-06-01T00:00:00,2026-06-30T00:00:00,,,