country,date,adm1_name,indicator,value,group,year,month,month_name,year_month,year_month_str
South Sudan,2024-01-11,Juba,percent_area_flooded,0.382284556,Unknown,2024,1,Jan,2024-01,2024-01
South Sudan,2024-01-11,Twic East,percent_area_flooded,9.1142304,Unknown,2024,1,Jan,2024-01,2024-01
South Sudan,2024-01-11,Uror,percent_area_flooded,0.122172603,Unknown,2024,1,Jan,2024-01,2024-01
South Sudan,2024-01-11,Awerial,percent_area_flooded,3.820141883,Unknown,2024,1,Jan,2024-01,2024-01
South Sudan,2024-01-11,Cueibet,percent_area_flooded,2.485072073,Unknown,2024,1,Jan,2024-01,2024-01
South Sudan,2024-01-11,Rumbek Centre,percent_area_flooded,5.581948598,Unknown,2024,1,Jan,2024-01,2024-01
South Sudan,2024-01-11,Rumbek East,percent_area_flooded,10.16537355,Unknown,2024,1,Jan,2024-01,2024-01
South Sudan,2024-01-11,Rumbek North,percent_area_flooded,0.915682123,Unknown,2024,1,Jan,2024-01,2024-01
South Sudan,2024-01-11,Wulu,percent_area_flooded,0.325566384,Unknown,2024,1,Jan,2024-01,2024-01
South Sudan,2024-01-11,Yirol East,percent_area_flooded,7.655540492,Unknown,2024,1,Jan,2024-01,2024-01
South Sudan,2024-01-11,Yirol West,percent_area_flooded,6.165497699,Unknown,2024,1,Jan,2024-01,2024-01
South Sudan,2024-01-11,Aweil Centre,percent_area_flooded,1.041057877,Unknown,2024,1,Jan,2024-01,2024-01
South Sudan,2024-01-11,Aweil East,percent_area_flooded,10.53968447,Unknown,2024,1,Jan,2024-01,2024-01
South Sudan,2024-01-11,Aweil North,percent_area_flooded,5.108908753,Unknown,2024,1,Jan,2024-01,2024-01
South Sudan,2024-01-11,Aweil South,percent_area_flooded,13.3148749,Unknown,2024,1,Jan,2024-01,2024-01
South Sudan,2024-01-11,Aweil West,percent_area_flooded,8.614695275,Unknown,2024,1,Jan,2024-01,2024-01
South Sudan,2024-01-11,Pochalla,percent_area_flooded,0.633934248,Unknown,2024,1,Jan,2024-01,2024-01
South Sudan,2024-01-11,Abiemnhom,percent_area_flooded,1.059981662,Unknown,2024,1,Jan,2024-01,2024-01
South Sudan,2024-01-11,Pibor,percent_area_flooded,0.105063937,Unknown,2024,1,Jan,2024-01,2024-01
South Sudan,2024-01-11,Fangak,percent_area_flooded,20.20853983,Unknown,2024,1,Jan,2024-01,2024-01
South Sudan,2024-01-11,Morobo,percent_area_flooded,0.014413565,Unknown,2024,1,Jan,2024-01,2024-01
South Sudan,2024-01-11,Terekeka,percent_area_flooded,1.311927608,Unknown,2024,1,Jan,2024-01,2024-01
South Sudan,2024-01-11,Yei,percent_area_flooded,0.075121607,Unknown,2024,1,Jan,2024-01,2024-01
South Sudan,2024-01-11,Budi,percent_area_flooded,0.037750601,Unknown,2024,1,Jan,2024-01,2024-01
South Sudan,2024-01-11,Ikotos,percent_area_flooded,0.011893204,Unknown,2024,1,Jan,2024-01,2024-01
South Sudan,2024-01-11,Kapoeta East,percent_area_flooded,0.411643863,Unknown,2024,1,Jan,2024-01,2024-01
South Sudan,2024-01-11,Kapoeta North,percent_area_flooded,0.016428129,Unknown,2024,1,Jan,2024-01,2024-01
South Sudan,2024-01-11,Lafon,percent_area_flooded,0.018658009,Unknown,2024,1,Jan,2024-01,2024-01
South Sudan,2024-01-11,Magwi,percent_area_flooded,0.131114724,Unknown,2024,1,Jan,2024-01,2024-01
South Sudan,2024-01-11,Torit,percent_area_flooded,0.004096328,Unknown,2024,1,Jan,2024-01,2024-01
South Sudan,2024-01-11,Akobo,percent_area_flooded,0.182386985,Unknown,2024,1,Jan,2024-01,2024-01
South Sudan,2024-01-11,Ayod,percent_area_flooded,11.15022157,Unknown,2024,1,Jan,2024-01,2024-01
South Sudan,2024-01-11,Bor South,percent_area_flooded,2.345962742,Unknown,2024,1,Jan,2024-01,2024-01
South Sudan,2024-01-11,Canal/Pigi,percent_area_flooded,2.487801837,Unknown,2024,1,Jan,2024-01,2024-01
South Sudan,2024-01-11,Duk,percent_area_flooded,11.59107913,Unknown,2024,1,Jan,2024-01,2024-01
South Sudan,2024-01-11,Nyirol,percent_area_flooded,0.747311113,Unknown,2024,1,Jan,2024-01,2024-01
South Sudan,2024-01-11,Lainya,percent_area_flooded,0.164628752,Unknown,2024,1,Jan,2024-01,2024-01
South Sudan,2024-01-11,Guit,percent_area_flooded,19.78690954,Unknown,2024,1,Jan,2024-01,2024-01
South Sudan,2024-01-11,Leer,percent_area_flooded,10.91684768,Unknown,2024,1,Jan,2024-01,2024-01
South Sudan,2024-01-11,Tonj East,percent_area_flooded,2.614318819,Unknown,2024,1,Jan,2024-01,2024-01
South Sudan,2024-01-11,Tonj North,percent_area_flooded,21.16040173,Unknown,2024,1,Jan,2024-01,2024-01
South Sudan,2024-01-11,Tonj South,percent_area_flooded,5.052497176,Unknown,2024,1,Jan,2024-01,2024-01
South Sudan,2024-01-11,Twic,percent_area_flooded,32.00284994,Unknown,2024,1,Jan,2024-01,2024-01
South Sudan,2024-01-11,Jur River,percent_area_flooded,3.039507469,Unknown,2024,1,Jan,2024-01,2024-01
South Sudan,2024-01-11,Raja,percent_area_flooded,0.131633967,Unknown,2024,1,Jan,2024-01,2024-01
South Sudan,2024-01-11,Wau,percent_area_flooded,0.271647459,Unknown,2024,1,Jan,2024-01,2024-01
South Sudan,2024-01-11,Ezo,percent_area_flooded,0.42843112,Unknown,2024,1,Jan,2024-01,2024-01
South Sudan,2024-01-11,Ibba,percent_area_flooded,0.060351041,Unknown,2024,1,Jan,2024-01,2024-01
South Sudan,2024-01-11,Maridi,percent_area_flooded,0.03194998,Unknown,2024,1,Jan,2024-01,2024-01
South Sudan,2024-01-11,Mundri East,percent_area_flooded,0.058029223,Unknown,2024,1,Jan,2024-01,2024-01
South Sudan,2024-01-11,Mundri West,percent_area_flooded,0.297343985,Unknown,2024,1,Jan,2024-01,2024-01
South Sudan,2024-01-11,Mvolo,percent_area_flooded,0.686958857,Unknown,2024,1,Jan,2024-01,2024-01
South Sudan,2024-01-11,Nagero,percent_area_flooded,0.687957684,Unknown,2024,1,Jan,2024-01,2024-01
South Sudan,2024-01-11,Nzara,percent_area_flooded,0.088576718,Unknown,2024,1,Jan,2024-01,2024-01
South Sudan,2024-01-11,Gogrial West,percent_area_flooded,27.34926488,Unknown,2024,1,Jan,2024-01,2024-01
South Sudan,2024-01-11,Lainya,percent_area_flooded,0.164628752,Unknown,2024,1,Jan,2024-01,2024-01
South Sudan,2024-01-11,Gogrial East,percent_area_flooded,14.67577698,Unknown,2024,1,Jan,2024-01,2024-01
South Sudan,2024-01-11,Renk,percent_area_flooded,3.195828784,Unknown,2024,1,Jan,2024-01,2024-01
South Sudan,2024-01-11,Mayendit,percent_area_flooded,33.22398831,Unknown,2024,1,Jan,2024-01,2024-01
South Sudan,2024-01-11,Mayom,percent_area_flooded,20.25732791,Unknown,2024,1,Jan,2024-01,2024-01
South Sudan,2024-01-11,Panyijiar,percent_area_flooded,11.3946794,Unknown,2024,1,Jan,2024-01,2024-01
South Sudan,2024-01-11,Pariang,percent_area_flooded,9.214710968,Unknown,2024,1,Jan,2024-01,2024-01
South Sudan,2024-01-11,Rubkona,percent_area_flooded,42.30945122,Unknown,2024,1,Jan,2024-01,2024-01
South Sudan,2024-01-11,Baliet,percent_area_flooded,0.899716184,Unknown,2024,1,Jan,2024-01,2024-01
South Sudan,2024-01-11,Fashoda,percent_area_flooded,2.322628401,Unknown,2024,1,Jan,2024-01,2024-01
South Sudan,2024-01-11,Longochuk,percent_area_flooded,0.987668509,Unknown,2024,1,Jan,2024-01,2024-01
South Sudan,2024-01-11,Luakpiny/Nasir,percent_area_flooded,9.271822449,Unknown,2024,1,Jan,2024-01,2024-01
South Sudan,2024-01-11,Maban,percent_area_flooded,0.521221028,Unknown,2024,1,Jan,2024-01,2024-01
South Sudan,2024-01-11,Maiwut,percent_area_flooded,0.30369869,Unknown,2024,1,Jan,2024-01,2024-01
South Sudan,2024-01-11,Malakal,percent_area_flooded,7.38090613,Unknown,2024,1,Jan,2024-01,2024-01
South Sudan,2024-01-11,Manyo,percent_area_flooded,5.226023505,Unknown,2024,1,Jan,2024-01,2024-01
South Sudan,2024-01-11,Melut,percent_area_flooded,3.982290066,Unknown,2024,1,Jan,2024-01,2024-01
South Sudan,2024-01-11,Panyikang,percent_area_flooded,5.638977026,Unknown,2024,1,Jan,2024-01,2024-01
South Sudan,2024-01-11,Ulang,percent_area_flooded,1.82911862,Unknown,2024,1,Jan,2024-01,2024-01
South Sudan,2024-01-11,Tambura,percent_area_flooded,0.114076262,Unknown,2024,1,Jan,2024-01,2024-01
South Sudan,2024-01-11,Juba,percent_area_flooded,0.382284556,Unknown,2024,1,Jan,2024-01,2024-01
South Sudan,2024-01-11,Tambura,percent_area_flooded,0.114076262,Unknown,2024,1,Jan,2024-01,2024-01
South Sudan,2024-01-11,Twic East,percent_area_flooded,9.1142304,Unknown,2024,1,Jan,2024-01,2024-01
South Sudan,2024-01-11,Uror,percent_area_flooded,0.122172603,Unknown,2024,1,Jan,2024-01,2024-01
South Sudan,2024-01-11,Awerial,percent_area_flooded,3.820141883,Unknown,2024,1,Jan,2024-01,2024-01
South Sudan,2024-01-11,Cueibet,percent_area_flooded,2.485072073,Unknown,2024,1,Jan,2024-01,2024-01
South Sudan,2024-01-11,Rumbek Centre,percent_area_flooded,5.581948598,Unknown,2024,1,Jan,2024-01,2024-01
South Sudan,2024-01-11,Rumbek East,percent_area_flooded,10.16537355,Unknown,2024,1,Jan,2024-01,2024-01
South Sudan,2024-01-11,Rumbek North,percent_area_flooded,0.915682123,Unknown,2024,1,Jan,2024-01,2024-01
South Sudan,2024-01-11,Wulu,percent_area_flooded,0.325566384,Unknown,2024,1,Jan,2024-01,2024-01
South Sudan,2024-01-11,Yirol East,percent_area_flooded,7.655540492,Unknown,2024,1,Jan,2024-01,2024-01
South Sudan,2024-01-11,Yirol West,percent_area_flooded,6.165497699,Unknown,2024,1,Jan,2024-01,2024-01
South Sudan,2024-01-11,Aweil Centre,percent_area_flooded,1.041057877,Unknown,2024,1,Jan,2024-01,2024-01
South Sudan,2024-01-11,Aweil East,percent_area_flooded,10.53968447,Unknown,2024,1,Jan,2024-01,2024-01
South Sudan,2024-01-11,Aweil North,percent_area_flooded,5.108908753,Unknown,2024,1,Jan,2024-01,2024-01
South Sudan,2024-01-11,Aweil South,percent_area_flooded,13.3148749,Unknown,2024,1,Jan,2024-01,2024-01
South Sudan,2024-01-11,Aweil West,percent_area_flooded,8.614695275,Unknown,2024,1,Jan,2024-01,2024-01
South Sudan,2024-01-11,Pochalla,percent_area_flooded,0.633934248,Unknown,2024,1,Jan,2024-01,2024-01
South Sudan,2024-01-11,Abiemnhom,percent_area_flooded,1.059981662,Unknown,2024,1,Jan,2024-01,2024-01
South Sudan,2024-01-11,Pibor,percent_area_flooded,0.105063937,Unknown,2024,1,Jan,2024-01,2024-01
South Sudan,2024-01-11,Fangak,percent_area_flooded,20.20853983,Unknown,2024,1,Jan,2024-01,2024-01
South Sudan,2024-01-11,Morobo,percent_area_flooded,0.014413565,Unknown,2024,1,Jan,2024-01,2024-01
South Sudan,2024-01-11,Terekeka,percent_area_flooded,1.311927608,Unknown,2024,1,Jan,2024-01,2024-01
South Sudan,2024-01-11,Yei,percent_area_flooded,0.075121607,Unknown,2024,1,Jan,2024-01,2024-01
South Sudan,2024-01-11,Budi,percent_area_flooded,0.037750601,Unknown,2024,1,Jan,2024-01,2024-01
South Sudan,2024-01-11,Ikotos,percent_area_flooded,0.011893204,Unknown,2024,1,Jan,2024-01,2024-01
South Sudan,2024-01-11,Kapoeta East,percent_area_flooded,0.411643863,Unknown,2024,1,Jan,2024-01,2024-01
South Sudan,2024-01-11,Kapoeta North,percent_area_flooded,0.016428129,Unknown,2024,1,Jan,2024-01,2024-01
South Sudan,2024-01-11,Lafon,percent_area_flooded,0.018658009,Unknown,2024,1,Jan,2024-01,2024-01
South Sudan,2024-01-11,Magwi,percent_area_flooded,0.131114724,Unknown,2024,1,Jan,2024-01,2024-01
South Sudan,2024-01-11,Torit,percent_area_flooded,0.004096328,Unknown,2024,1,Jan,2024-01,2024-01
South Sudan,2024-01-11,Akobo,percent_area_flooded,0.182386985,Unknown,2024,1,Jan,2024-01,2024-01
South Sudan,2024-01-11,Ayod,percent_area_flooded,11.15022157,Unknown,2024,1,Jan,2024-01,2024-01
South Sudan,2024-01-11,Bor South,percent_area_flooded,2.345962742,Unknown,2024,1,Jan,2024-01,2024-01
South Sudan,2024-01-11,Canal/Pigi,percent_area_flooded,2.487801837,Unknown,2024,1,Jan,2024-01,2024-01
South Sudan,2024-01-11,Duk,percent_area_flooded,11.59107913,Unknown,2024,1,Jan,2024-01,2024-01
South Sudan,2024-01-11,Nyirol,percent_area_flooded,0.747311113,Unknown,2024,1,Jan,2024-01,2024-01
South Sudan,2024-01-11,Yambio,percent_area_flooded,0.035028544,Unknown,2024,1,Jan,2024-01,2024-01
South Sudan,2024-01-11,Guit,percent_area_flooded,19.78690954,Unknown,2024,1,Jan,2024-01,2024-01
South Sudan,2024-01-11,Leer,percent_area_flooded,10.91684768,Unknown,2024,1,Jan,2024-01,2024-01
South Sudan,2024-01-11,Tonj East,percent_area_flooded,2.614318819,Unknown,2024,1,Jan,2024-01,2024-01
South Sudan,2024-01-11,Tonj North,percent_area_flooded,21.16040173,Unknown,2024,1,Jan,2024-01,2024-01
South Sudan,2024-01-11,Tonj South,percent_area_flooded,5.052497176,Unknown,2024,1,Jan,2024-01,2024-01
South Sudan,2024-01-11,Twic,percent_area_flooded,32.00284994,Unknown,2024,1,Jan,2024-01,2024-01
South Sudan,2024-01-11,Jur River,percent_area_flooded,3.039507469,Unknown,2024,1,Jan,2024-01,2024-01
South Sudan,2024-01-11,Raja,percent_area_flooded,0.131633967,Unknown,2024,1,Jan,2024-01,2024-01
South Sudan,2024-01-11,Wau,percent_area_flooded,0.271647459,Unknown,2024,1,Jan,2024-01,2024-01
South Sudan,2024-01-11,Ezo,percent_area_flooded,0.42843112,Unknown,2024,1,Jan,2024-01,2024-01
South Sudan,2024-01-11,Ibba,percent_area_flooded,0.060351041,Unknown,2024,1,Jan,2024-01,2024-01
South Sudan,2024-01-11,Maridi,percent_area_flooded,0.03194998,Unknown,2024,1,Jan,2024-01,2024-01
South Sudan,2024-01-11,Mundri East,percent_area_flooded,0.058029223,Unknown,2024,1,Jan,2024-01,2024-01
South Sudan,2024-01-11,Mundri West,percent_area_flooded,0.297343985,Unknown,2024,1,Jan,2024-01,2024-01
South Sudan,2024-01-11,Mvolo,percent_area_flooded,0.686958857,Unknown,2024,1,Jan,2024-01,2024-01
South Sudan,2024-01-11,Nagero,percent_area_flooded,0.687957684,Unknown,2024,1,Jan,2024-01,2024-01
South Sudan,2024-01-11,Nzara,percent_area_flooded,0.088576718,Unknown,2024,1,Jan,2024-01,2024-01
South Sudan,2024-01-11,Gogrial West,percent_area_flooded,27.34926488,Unknown,2024,1,Jan,2024-01,2024-01
South Sudan,2024-01-11,Koch,percent_area_flooded,9.922578949,Unknown,2024,1,Jan,2024-01,2024-01
South Sudan,2024-01-11,Gogrial East,percent_area_flooded,14.67577698,Unknown,2024,1,Jan,2024-01,2024-01
South Sudan,2024-01-11,Renk,percent_area_flooded,3.195828784,Unknown,2024,1,Jan,2024-01,2024-01
South Sudan,2024-01-11,Mayendit,percent_area_flooded,33.22398831,Unknown,2024,1,Jan,2024-01,2024-01
South Sudan,2024-01-11,Mayom,percent_area_flooded,20.25732791,Unknown,2024,1,Jan,2024-01,2024-01
South Sudan,2024-01-11,Panyijiar,percent_area_flooded,11.3946794,Unknown,2024,1,Jan,2024-01,2024-01
South Sudan,2024-01-11,Pariang,percent_area_flooded,9.214710968,Unknown,2024,1,Jan,2024-01,2024-01
South Sudan,2024-01-11,Rubkona,percent_area_flooded,42.30945122,Unknown,2024,1,Jan,2024-01,2024-01
South Sudan,2024-01-11,Baliet,percent_area_flooded,0.899716184,Unknown,2024,1,Jan,2024-01,2024-01
South Sudan,2024-01-11,Fashoda,percent_area_flooded,2.322628401,Unknown,2024,1,Jan,2024-01,2024-01
South Sudan,2024-01-11,Longochuk,percent_area_flooded,0.987668509,Unknown,2024,1,Jan,2024-01,2024-01
South Sudan,2024-01-11,Luakpiny/Nasir,percent_area_flooded,9.271822449,Unknown,2024,1,Jan,2024-01,2024-01
South Sudan,2024-01-11,Maban,percent_area_flooded,0.521221028,Unknown,2024,1,Jan,2024-01,2024-01
South Sudan,2024-01-11,Maiwut,percent_area_flooded,0.30369869,Unknown,2024,1,Jan,2024-01,2024-01
South Sudan,2024-01-11,Malakal,percent_area_flooded,7.38090613,Unknown,2024,1,Jan,2024-01,2024-01
South Sudan,2024-01-11,Manyo,percent_area_flooded,5.226023505,Unknown,2024,1,Jan,2024-01,2024-01
South Sudan,2024-01-11,Melut,percent_area_flooded,3.982290066,Unknown,2024,1,Jan,2024-01,2024-01
South Sudan,2024-01-11,Panyikang,percent_area_flooded,5.638977026,Unknown,2024,1,Jan,2024-01,2024-01
South Sudan,2024-01-11,Ulang,percent_area_flooded,1.82911862,Unknown,2024,1,Jan,2024-01,2024-01
South Sudan,2024-01-11,Yambio,percent_area_flooded,0.035028544,Unknown,2024,1,Jan,2024-01,2024-01
South Sudan,2024-01-11,Koch,percent_area_flooded,9.922578949,Unknown,2024,1,Jan,2024-01,2024-01
South Sudan,2024-01-11,Juba,percent_area_flooded,0.382284556,Unknown,2024,1,Jan,2024-01,2024-01
South Sudan,2024-01-11,Panyikang,percent_area_flooded,5.638977026,Unknown,2024,1,Jan,2024-01,2024-01
South Sudan,2024-01-11,Melut,percent_area_flooded,3.982290066,Unknown,2024,1,Jan,2024-01,2024-01
South Sudan,2024-01-11,Manyo,percent_area_flooded,5.226023505,Unknown,2024,1,Jan,2024-01,2024-01
South Sudan,2024-01-11,Malakal,percent_area_flooded,7.38090613,Unknown,2024,1,Jan,2024-01,2024-01
South Sudan,2024-01-11,Maiwut,percent_area_flooded,0.30369869,Unknown,2024,1,Jan,2024-01,2024-01
South Sudan,2024-01-11,Maban,percent_area_flooded,0.521221028,Unknown,2024,1,Jan,2024-01,2024-01
South Sudan,2024-01-11,Luakpiny/Nasir,percent_area_flooded,9.271822449,Unknown,2024,1,Jan,2024-01,2024-01
South Sudan,2024-01-11,Longochuk,percent_area_flooded,0.987668509,Unknown,2024,1,Jan,2024-01,2024-01
South Sudan,2024-01-11,Fashoda,percent_area_flooded,2.322628401,Unknown,2024,1,Jan,2024-01,2024-01
South Sudan,2024-01-11,Baliet,percent_area_flooded,0.899716184,Unknown,2024,1,Jan,2024-01,2024-01
South Sudan,2024-01-11,Rubkona,percent_area_flooded,42.30945122,Unknown,2024,1,Jan,2024-01,2024-01
South Sudan,2024-01-11,Pariang,percent_area_flooded,9.214710968,Unknown,2024,1,Jan,2024-01,2024-01
South Sudan,2024-01-11,Panyijiar,percent_area_flooded,11.3946794,Unknown,2024,1,Jan,2024-01,2024-01
South Sudan,2024-01-11,Mayom,percent_area_flooded,20.25732791,Unknown,2024,1,Jan,2024-01,2024-01
South Sudan,2024-01-11,Mayendit,percent_area_flooded,33.22398831,Unknown,2024,1,Jan,2024-01,2024-01
South Sudan,2024-01-11,Renk,percent_area_flooded,3.195828784,Unknown,2024,1,Jan,2024-01,2024-01
South Sudan,2024-01-11,Gogrial East,percent_area_flooded,14.67577698,Unknown,2024,1,Jan,2024-01,2024-01
South Sudan,2024-01-11,Gogrial West,percent_area_flooded,27.34926488,Unknown,2024,1,Jan,2024-01,2024-01
South Sudan,2024-01-11,Tonj East,percent_area_flooded,2.614318819,Unknown,2024,1,Jan,2024-01,2024-01
South Sudan,2024-01-11,Yambio,percent_area_flooded,0.035028544,Unknown,2024,1,Jan,2024-01,2024-01
South Sudan,2024-01-11,Tambura,percent_area_flooded,0.114076262,Unknown,2024,1,Jan,2024-01,2024-01
South Sudan,2024-01-11,Nzara,percent_area_flooded,0.088576718,Unknown,2024,1,Jan,2024-01,2024-01
South Sudan,2024-01-11,Nagero,percent_area_flooded,0.687957684,Unknown,2024,1,Jan,2024-01,2024-01
South Sudan,2024-01-11,Mvolo,percent_area_flooded,0.686958857,Unknown,2024,1,Jan,2024-01,2024-01
South Sudan,2024-01-11,Mundri West,percent_area_flooded,0.297343985,Unknown,2024,1,Jan,2024-01,2024-01
South Sudan,2024-01-11,Mundri East,percent_area_flooded,0.058029223,Unknown,2024,1,Jan,2024-01,2024-01
South Sudan,2024-01-11,Leer,percent_area_flooded,10.91684768,Unknown,2024,1,Jan,2024-01,2024-01
South Sudan,2024-01-11,Maridi,percent_area_flooded,0.03194998,Unknown,2024,1,Jan,2024-01,2024-01
South Sudan,2024-01-11,Ezo,percent_area_flooded,0.42843112,Unknown,2024,1,Jan,2024-01,2024-01
South Sudan,2024-01-11,Wau,percent_area_flooded,0.271647459,Unknown,2024,1,Jan,2024-01,2024-01
South Sudan,2024-01-11,Raja,percent_area_flooded,0.131633967,Unknown,2024,1,Jan,2024-01,2024-01
South Sudan,2024-01-11,Jur River,percent_area_flooded,3.039507469,Unknown,2024,1,Jan,2024-01,2024-01
South Sudan,2024-01-11,Twic,percent_area_flooded,32.00284994,Unknown,2024,1,Jan,2024-01,2024-01
South Sudan,2024-01-11,Tonj South,percent_area_flooded,5.052497176,Unknown,2024,1,Jan,2024-01,2024-01
South Sudan,2024-01-11,Tonj North,percent_area_flooded,21.16040173,Unknown,2024,1,Jan,2024-01,2024-01
South Sudan,2024-01-11,Ibba,percent_area_flooded,0.060351041,Unknown,2024,1,Jan,2024-01,2024-01
South Sudan,2024-01-11,Koch,percent_area_flooded,9.922578949,Unknown,2024,1,Jan,2024-01,2024-01
South Sudan,2024-01-11,Ulang,percent_area_flooded,1.82911862,Unknown,2024,1,Jan,2024-01,2024-01
South Sudan,2024-01-11,Abiemnhom,percent_area_flooded,1.059981662,Unknown,2024,1,Jan,2024-01,2024-01
South Sudan,2024-01-11,Duk,percent_area_flooded,11.59107913,Unknown,2024,1,Jan,2024-01,2024-01
South Sudan,2024-01-11,Canal/Pigi,percent_area_flooded,2.487801837,Unknown,2024,1,Jan,2024-01,2024-01
South Sudan,2024-01-11,Bor South,percent_area_flooded,2.345962742,Unknown,2024,1,Jan,2024-01,2024-01
South Sudan,2024-01-11,Ayod,percent_area_flooded,11.15022157,Unknown,2024,1,Jan,2024-01,2024-01
South Sudan,2024-01-11,Akobo,percent_area_flooded,0.182386985,Unknown,2024,1,Jan,2024-01,2024-01
South Sudan,2024-01-11,Torit,percent_area_flooded,0.004096328,Unknown,2024,1,Jan,2024-01,2024-01
South Sudan,2024-01-11,Magwi,percent_area_flooded,0.131114724,Unknown,2024,1,Jan,2024-01,2024-01
South Sudan,2024-01-11,Fangak,percent_area_flooded,20.20853983,Unknown,2024,1,Jan,2024-01,2024-01
South Sudan,2024-01-11,Lafon,percent_area_flooded,0.018658009,Unknown,2024,1,Jan,2024-01,2024-01
South Sudan,2024-01-11,Kapoeta East,percent_area_flooded,0.411643863,Unknown,2024,1,Jan,2024-01,2024-01
South Sudan,2024-01-11,Ikotos,percent_area_flooded,0.011893204,Unknown,2024,1,Jan,2024-01,2024-01
South Sudan,2024-01-11,Budi,percent_area_flooded,0.037750601,Unknown,2024,1,Jan,2024-01,2024-01
South Sudan,2024-01-11,Yei,percent_area_flooded,0.075121607,Unknown,2024,1,Jan,2024-01,2024-01
South Sudan,2024-01-11,Terekeka,percent_area_flooded,1.311927608,Unknown,2024,1,Jan,2024-01,2024-01
South Sudan,2024-01-11,Morobo,percent_area_flooded,0.014413565,Unknown,2024,1,Jan,2024-01,2024-01
South Sudan,2024-01-11,Guit,percent_area_flooded,19.78690954,Unknown,2024,1,Jan,2024-01,2024-01
South Sudan,2024-01-11,Kapoeta North,percent_area_flooded,0.016428129,Unknown,2024,1,Jan,2024-01,2024-01
South Sudan,2024-01-11,Nyirol,percent_area_flooded,0.747311113,Unknown,2024,1,Jan,2024-01,2024-01
South Sudan,2024-01-11,Lainya,percent_area_flooded,0.164628752,Unknown,2024,1,Jan,2024-01,2024-01
South Sudan,2024-01-11,Aweil Centre,percent_area_flooded,1.041057877,Unknown,2024,1,Jan,2024-01,2024-01
South Sudan,2024-01-11,Aweil West,percent_area_flooded,8.614695275,Unknown,2024,1,Jan,2024-01,2024-01
South Sudan,2024-01-11,Aweil South,percent_area_flooded,13.3148749,Unknown,2024,1,Jan,2024-01,2024-01
South Sudan,2024-01-11,Aweil North,percent_area_flooded,5.108908753,Unknown,2024,1,Jan,2024-01,2024-01
South Sudan,2024-01-11,Aweil East,percent_area_flooded,10.53968447,Unknown,2024,1,Jan,2024-01,2024-01
South Sudan,2024-01-11,Pibor,percent_area_flooded,0.105063937,Unknown,2024,1,Jan,2024-01,2024-01
South Sudan,2024-01-11,Yirol West,percent_area_flooded,6.165497699,Unknown,2024,1,Jan,2024-01,2024-01
South Sudan,2024-01-11,Yirol East,percent_area_flooded,7.655540492,Unknown,2024,1,Jan,2024-01,2024-01
South Sudan,2024-01-11,Wulu,percent_area_flooded,0.325566384,Unknown,2024,1,Jan,2024-01,2024-01
South Sudan,2024-01-11,Rumbek East,percent_area_flooded,10.16537355,Unknown,2024,1,Jan,2024-01,2024-01
South Sudan,2024-01-11,Rumbek Centre,percent_area_flooded,5.581948598,Unknown,2024,1,Jan,2024-01,2024-01
South Sudan,2024-01-11,Cueibet,percent_area_flooded,2.485072073,Unknown,2024,1,Jan,2024-01,2024-01
South Sudan,2024-01-11,Awerial,percent_area_flooded,3.820141883,Unknown,2024,1,Jan,2024-01,2024-01
South Sudan,2024-01-11,Uror,percent_area_flooded,0.122172603,Unknown,2024,1,Jan,2024-01,2024-01
South Sudan,2024-01-11,Twic East,percent_area_flooded,9.1142304,Unknown,2024,1,Jan,2024-01,2024-01
South Sudan,2024-01-11,Pochalla,percent_area_flooded,0.633934248,Unknown,2024,1,Jan,2024-01,2024-01
South Sudan,2024-01-11,Rumbek North,percent_area_flooded,0.915682123,Unknown,2024,1,Jan,2024-01,2024-01
South Sudan,2024-01-12,Maban,percent_area_flooded,1.734809053,Unknown,2024,1,Jan,2024-01,2024-01
South Sudan,2024-01-12,Maiwut,percent_area_flooded,0.097552839,Unknown,2024,1,Jan,2024-01,2024-01
South Sudan,2024-01-12,Luakpiny/Nasir,percent_area_flooded,5.694349357,Unknown,2024,1,Jan,2024-01,2024-01
South Sudan,2024-01-12,Tonj South,percent_area_flooded,4.372889689,Unknown,2024,1,Jan,2024-01,2024-01
South Sudan,2024-01-12,Fashoda,percent_area_flooded,7.611717634,Unknown,2024,1,Jan,2024-01,2024-01
South Sudan,2024-01-12,Baliet,percent_area_flooded,2.143572339,Unknown,2024,1,Jan,2024-01,2024-01
South Sudan,2024-01-12,Longochuk,percent_area_flooded,0.724931982,Unknown,2024,1,Jan,2024-01,2024-01
South Sudan,2024-01-12,Malakal,percent_area_flooded,11.4465055,Unknown,2024,1,Jan,2024-01,2024-01
South Sudan,2024-01-12,Tonj North,percent_area_flooded,16.20690703,Unknown,2024,1,Jan,2024-01,2024-01
South Sudan,2024-01-12,Melut,percent_area_flooded,6.233021101,Unknown,2024,1,Jan,2024-01,2024-01
South Sudan,2024-01-12,Panyikang,percent_area_flooded,12.26500041,Unknown,2024,1,Jan,2024-01,2024-01
South Sudan,2024-01-12,Renk,percent_area_flooded,1.355679439,Unknown,2024,1,Jan,2024-01,2024-01
South Sudan,2024-01-12,Gogrial East,percent_area_flooded,14.07185381,Unknown,2024,1,Jan,2024-01,2024-01
South Sudan,2024-01-12,Gogrial West,percent_area_flooded,14.59663316,Unknown,2024,1,Jan,2024-01,2024-01
South Sudan,2024-01-12,Tonj East,percent_area_flooded,0.335929268,Unknown,2024,1,Jan,2024-01,2024-01
South Sudan,2024-01-12,Rubkona,percent_area_flooded,43.69354282,Unknown,2024,1,Jan,2024-01,2024-01
South Sudan,2024-01-12,Manyo,percent_area_flooded,7.598369846,Unknown,2024,1,Jan,2024-01,2024-01
South Sudan,2024-01-12,Pariang,percent_area_flooded,9.186786609,Unknown,2024,1,Jan,2024-01,2024-01
South Sudan,2024-01-12,Aweil South,percent_area_flooded,9.472076972,Unknown,2024,1,Jan,2024-01,2024-01
South Sudan,2024-01-12,Mayom,percent_area_flooded,16.46872259,Unknown,2024,1,Jan,2024-01,2024-01
South Sudan,2024-01-12,Rumbek Centre,percent_area_flooded,1.90035601,Unknown,2024,1,Jan,2024-01,2024-01
South Sudan,2024-01-12,Rumbek East,percent_area_flooded,4.968621125,Unknown,2024,1,Jan,2024-01,2024-01
South Sudan,2024-01-12,Rumbek North,percent_area_flooded,0.149053368,Unknown,2024,1,Jan,2024-01,2024-01
South Sudan,2024-01-12,Wulu,percent_area_flooded,0.071551219,Unknown,2024,1,Jan,2024-01,2024-01
South Sudan,2024-01-12,Yirol East,percent_area_flooded,6.895141987,Unknown,2024,1,Jan,2024-01,2024-01
South Sudan,2024-01-12,Yirol West,percent_area_flooded,3.413469294,Unknown,2024,1,Jan,2024-01,2024-01
South Sudan,2024-01-12,Aweil Centre,percent_area_flooded,0.116830996,Unknown,2024,1,Jan,2024-01,2024-01
South Sudan,2024-01-12,Aweil East,percent_area_flooded,6.601511265,Unknown,2024,1,Jan,2024-01,2024-01
South Sudan,2024-01-12,Aweil North,percent_area_flooded,0.074074363,Unknown,2024,1,Jan,2024-01,2024-01
South Sudan,2024-01-12,Aweil West,percent_area_flooded,0.211951628,Unknown,2024,1,Jan,2024-01,2024-01
South Sudan,2024-01-12,Abiemnhom,percent_area_flooded,0.736900879,Unknown,2024,1,Jan,2024-01,2024-01
South Sudan,2024-01-12,Guit,percent_area_flooded,19.12015202,Unknown,2024,1,Jan,2024-01,2024-01
South Sudan,2024-01-12,Koch,percent_area_flooded,4.645657389,Unknown,2024,1,Jan,2024-01,2024-01
South Sudan,2024-01-12,Leer,percent_area_flooded,6.66185359,Unknown,2024,1,Jan,2024-01,2024-01
South Sudan,2024-01-12,Mayendit,percent_area_flooded,21.13900355,Unknown,2024,1,Jan,2024-01,2024-01
South Sudan,2024-01-12,Panyijiar,percent_area_flooded,9.80973162,Unknown,2024,1,Jan,2024-01,2024-01
South Sudan,2024-01-12,Twic,percent_area_flooded,15.94180003,Unknown,2024,1,Jan,2024-01,2024-01
South Sudan,2024-01-12,Rumbek East,percent_area_flooded,4.968621125,Unknown,2024,1,Jan,2024-01,2024-01
South Sudan,2024-01-12,Raja,percent_area_flooded,0.138039291,Unknown,2024,1,Jan,2024-01,2024-01
South Sudan,2024-01-12,Ulang,percent_area_flooded,3.285868608,Unknown,2024,1,Jan,2024-01,2024-01
South Sudan,2024-01-12,Gogrial East,percent_area_flooded,14.07185381,Unknown,2024,1,Jan,2024-01,2024-01
South Sudan,2024-01-12,Gogrial West,percent_area_flooded,14.59663316,Unknown,2024,1,Jan,2024-01,2024-01
South Sudan,2024-01-12,Tonj East,percent_area_flooded,0.335929268,Unknown,2024,1,Jan,2024-01,2024-01
South Sudan,2024-01-12,Tonj North,percent_area_flooded,16.20690703,Unknown,2024,1,Jan,2024-01,2024-01
South Sudan,2024-01-12,Tonj South,percent_area_flooded,4.372889689,Unknown,2024,1,Jan,2024-01,2024-01
South Sudan,2024-01-12,Twic,percent_area_flooded,15.94180003,Unknown,2024,1,Jan,2024-01,2024-01
South Sudan,2024-01-12,Jur River,percent_area_flooded,0.480806801,Unknown,2024,1,Jan,2024-01,2024-01
South Sudan,2024-01-12,Raja,percent_area_flooded,0.138039291,Unknown,2024,1,Jan,2024-01,2024-01
South Sudan,2024-01-12,Wau,percent_area_flooded,0.026339757,Unknown,2024,1,Jan,2024-01,2024-01
South Sudan,2024-01-12,Ezo,percent_area_flooded,0.113942372,Unknown,2024,1,Jan,2024-01,2024-01
South Sudan,2024-01-12,Renk,percent_area_flooded,1.355679439,Unknown,2024,1,Jan,2024-01,2024-01
South Sudan,2024-01-12,Ibba,percent_area_flooded,0.00988686,Unknown,2024,1,Jan,2024-01,2024-01
South Sudan,2024-01-12,Mundri East,percent_area_flooded,0.013243612,Unknown,2024,1,Jan,2024-01,2024-01
South Sudan,2024-01-12,Mundri West,percent_area_flooded,0.017352085,Unknown,2024,1,Jan,2024-01,2024-01
South Sudan,2024-01-12,Mvolo,percent_area_flooded,0.15902366,Unknown,2024,1,Jan,2024-01,2024-01
South Sudan,2024-01-12,Nagero,percent_area_flooded,0.227017444,Unknown,2024,1,Jan,2024-01,2024-01
South Sudan,2024-01-12,Nzara,percent_area_flooded,0.05711763,Unknown,2024,1,Jan,2024-01,2024-01
South Sudan,2024-01-12,Tambura,percent_area_flooded,0.099402218,Unknown,2024,1,Jan,2024-01,2024-01
South Sudan,2024-01-12,Yambio,percent_area_flooded,0.008109502,Unknown,2024,1,Jan,2024-01,2024-01
South Sudan,2024-01-12,Juba,percent_area_flooded,0.627977309,Unknown,2024,1,Jan,2024-01,2024-01
South Sudan,2024-01-12,Lainya,percent_area_flooded,0.022951685,Unknown,2024,1,Jan,2024-01,2024-01
South Sudan,2024-01-12,Terekeka,percent_area_flooded,1.508517565,Unknown,2024,1,Jan,2024-01,2024-01
South Sudan,2024-01-12,Yei,percent_area_flooded,0.04014357,Unknown,2024,1,Jan,2024-01,2024-01
South Sudan,2024-01-12,Maridi,percent_area_flooded,0.011050304,Unknown,2024,1,Jan,2024-01,2024-01
South Sudan,2024-01-12,Panyikang,percent_area_flooded,12.26500041,Unknown,2024,1,Jan,2024-01,2024-01
South Sudan,2024-01-12,Melut,percent_area_flooded,6.233021101,Unknown,2024,1,Jan,2024-01,2024-01
South Sudan,2024-01-12,Manyo,percent_area_flooded,7.598369846,Unknown,2024,1,Jan,2024-01,2024-01
South Sudan,2024-01-12,Rumbek North,percent_area_flooded,0.149053368,Unknown,2024,1,Jan,2024-01,2024-01
South Sudan,2024-01-12,Wulu,percent_area_flooded,0.071551219,Unknown,2024,1,Jan,2024-01,2024-01
South Sudan,2024-01-12,Yirol East,percent_area_flooded,6.895141987,Unknown,2024,1,Jan,2024-01,2024-01
South Sudan,2024-01-12,Yirol West,percent_area_flooded,3.413469294,Unknown,2024,1,Jan,2024-01,2024-01
South Sudan,2024-01-12,Aweil Centre,percent_area_flooded,0.116830996,Unknown,2024,1,Jan,2024-01,2024-01
South Sudan,2024-01-12,Aweil East,percent_area_flooded,6.601511265,Unknown,2024,1,Jan,2024-01,2024-01
South Sudan,2024-01-12,Aweil North,percent_area_flooded,0.074074363,Unknown,2024,1,Jan,2024-01,2024-01
South Sudan,2024-01-12,Aweil South,percent_area_flooded,9.472076972,Unknown,2024,1,Jan,2024-01,2024-01
South Sudan,2024-01-12,Aweil West,percent_area_flooded,0.211951628,Unknown,2024,1,Jan,2024-01,2024-01
South Sudan,2024-01-12,Abiemnhom,percent_area_flooded,0.736900879,Unknown,2024,1,Jan,2024-01,2024-01
South Sudan,2024-01-12,Guit,percent_area_flooded,19.12015202,Unknown,2024,1,Jan,2024-01,2024-01
South Sudan,2024-01-12,Koch,percent_area_flooded,4.645657389,Unknown,2024,1,Jan,2024-01,2024-01
South Sudan,2024-01-12,Leer,percent_area_flooded,6.66185359,Unknown,2024,1,Jan,2024-01,2024-01
South Sudan,2024-01-12,Mayendit,percent_area_flooded,21.13900355,Unknown,2024,1,Jan,2024-01,2024-01
South Sudan,2024-01-12,Mayom,percent_area_flooded,16.46872259,Unknown,2024,1,Jan,2024-01,2024-01
South Sudan,2024-01-12,Panyijiar,percent_area_flooded,9.80973162,Unknown,2024,1,Jan,2024-01,2024-01
South Sudan,2024-01-12,Pariang,percent_area_flooded,9.186786609,Unknown,2024,1,Jan,2024-01,2024-01
South Sudan,2024-01-12,Rubkona,percent_area_flooded,43.69354282,Unknown,2024,1,Jan,2024-01,2024-01
South Sudan,2024-01-12,Baliet,percent_area_flooded,2.143572339,Unknown,2024,1,Jan,2024-01,2024-01
South Sudan,2024-01-12,Fashoda,percent_area_flooded,7.611717634,Unknown,2024,1,Jan,2024-01,2024-01
South Sudan,2024-01-12,Longochuk,percent_area_flooded,0.724931982,Unknown,2024,1,Jan,2024-01,2024-01
South Sudan,2024-01-12,Luakpiny/Nasir,percent_area_flooded,5.694349357,Unknown,2024,1,Jan,2024-01,2024-01
South Sudan,2024-01-12,Maban,percent_area_flooded,1.734809053,Unknown,2024,1,Jan,2024-01,2024-01
South Sudan,2024-01-12,Maiwut,percent_area_flooded,0.097552839,Unknown,2024,1,Jan,2024-01,2024-01
South Sudan,2024-01-12,Malakal,percent_area_flooded,11.4465055,Unknown,2024,1,Jan,2024-01,2024-01
South Sudan,2024-01-12,Budi,percent_area_flooded,0.20928149,Unknown,2024,1,Jan,2024-01,2024-01
South Sudan,2024-01-12,Rumbek Centre,percent_area_flooded,1.90035601,Unknown,2024,1,Jan,2024-01,2024-01
South Sudan,2024-01-12,Ikotos,percent_area_flooded,0.0618235,Unknown,2024,1,Jan,2024-01,2024-01
South Sudan,2024-01-12,Kapoeta North,percent_area_flooded,0.498072492,Unknown,2024,1,Jan,2024-01,2024-01
South Sudan,2024-01-12,Akobo,percent_area_flooded,0.106710771,Unknown,2024,1,Jan,2024-01,2024-01
South Sudan,2024-01-12,Torit,percent_area_flooded,0.009472759,Unknown,2024,1,Jan,2024-01,2024-01
South Sudan,2024-01-12,Magwi,percent_area_flooded,0.173168235,Unknown,2024,1,Jan,2024-01,2024-01
South Sudan,2024-01-12,Lafon,percent_area_flooded,0.554889909,Unknown,2024,1,Jan,2024-01,2024-01
South Sudan,2024-01-12,Kapoeta South,percent_area_flooded,0.07136945,Unknown,2024,1,Jan,2024-01,2024-01
South Sudan,2024-01-12,Kapoeta North,percent_area_flooded,0.498072492,Unknown,2024,1,Jan,2024-01,2024-01
South Sudan,2024-01-12,Kapoeta East,percent_area_flooded,0.455203706,Unknown,2024,1,Jan,2024-01,2024-01
South Sudan,2024-01-12,Ikotos,percent_area_flooded,0.0618235,Unknown,2024,1,Jan,2024-01,2024-01
South Sudan,2024-01-12,Budi,percent_area_flooded,0.20928149,Unknown,2024,1,Jan,2024-01,2024-01
South Sudan,2024-01-12,Yei,percent_area_flooded,0.04014357,Unknown,2024,1,Jan,2024-01,2024-01
South Sudan,2024-01-12,Terekeka,percent_area_flooded,1.508517565,Unknown,2024,1,Jan,2024-01,2024-01
South Sudan,2024-01-12,Ayod,percent_area_flooded,10.22062238,Unknown,2024,1,Jan,2024-01,2024-01
South Sudan,2024-01-12,Lainya,percent_area_flooded,0.022951685,Unknown,2024,1,Jan,2024-01,2024-01
South Sudan,2024-01-12,Yambio,percent_area_flooded,0.008109502,Unknown,2024,1,Jan,2024-01,2024-01
South Sudan,2024-01-12,Tambura,percent_area_flooded,0.099402218,Unknown,2024,1,Jan,2024-01,2024-01
South Sudan,2024-01-12,Nzara,percent_area_flooded,0.05711763,Unknown,2024,1,Jan,2024-01,2024-01
South Sudan,2024-01-12,Nagero,percent_area_flooded,0.227017444,Unknown,2024,1,Jan,2024-01,2024-01
South Sudan,2024-01-12,Mvolo,percent_area_flooded,0.15902366,Unknown,2024,1,Jan,2024-01,2024-01
South Sudan,2024-01-12,Mundri West,percent_area_flooded,0.017352085,Unknown,2024,1,Jan,2024-01,2024-01
South Sudan,2024-01-12,Mundri East,percent_area_flooded,0.013243612,Unknown,2024,1,Jan,2024-01,2024-01
South Sudan,2024-01-12,Maridi,percent_area_flooded,0.011050304,Unknown,2024,1,Jan,2024-01,2024-01
South Sudan,2024-01-12,Ibba,percent_area_flooded,0.00988686,Unknown,2024,1,Jan,2024-01,2024-01
South Sudan,2024-01-12,Ezo,percent_area_flooded,0.113942372,Unknown,2024,1,Jan,2024-01,2024-01
South Sudan,2024-01-12,Wau,percent_area_flooded,0.026339757,Unknown,2024,1,Jan,2024-01,2024-01
South Sudan,2024-01-12,Juba,percent_area_flooded,0.627977309,Unknown,2024,1,Jan,2024-01,2024-01
South Sudan,2024-01-12,Bor South,percent_area_flooded,3.054501928,Unknown,2024,1,Jan,2024-01,2024-01
South Sudan,2024-01-12,Canal/Pigi,percent_area_flooded,2.476677696,Unknown,2024,1,Jan,2024-01,2024-01
South Sudan,2024-01-12,Duk,percent_area_flooded,12.313197,Unknown,2024,1,Jan,2024-01,2024-01
South Sudan,2024-01-12,Kapoeta South,percent_area_flooded,0.07136945,Unknown,2024,1,Jan,2024-01,2024-01
South Sudan,2024-01-12,Lafon,percent_area_flooded,0.554889909,Unknown,2024,1,Jan,2024-01,2024-01
South Sudan,2024-01-12,Magwi,percent_area_flooded,0.173168235,Unknown,2024,1,Jan,2024-01,2024-01
South Sudan,2024-01-12,Torit,percent_area_flooded,0.009472759,Unknown,2024,1,Jan,2024-01,2024-01
South Sudan,2024-01-12,Akobo,percent_area_flooded,0.106710771,Unknown,2024,1,Jan,2024-01,2024-01
South Sudan,2024-01-12,Ayod,percent_area_flooded,10.22062238,Unknown,2024,1,Jan,2024-01,2024-01
South Sudan,2024-01-12,Bor South,percent_area_flooded,3.054501928,Unknown,2024,1,Jan,2024-01,2024-01
South Sudan,2024-01-12,Canal/Pigi,percent_area_flooded,2.476677696,Unknown,2024,1,Jan,2024-01,2024-01
South Sudan,2024-01-12,Duk,percent_area_flooded,12.313197,Unknown,2024,1,Jan,2024-01,2024-01
South Sudan,2024-01-12,Fangak,percent_area_flooded,18.37076383,Unknown,2024,1,Jan,2024-01,2024-01
South Sudan,2024-01-12,Nyirol,percent_area_flooded,0.142325138,Unknown,2024,1,Jan,2024-01,2024-01
South Sudan,2024-01-12,Pibor,percent_area_flooded,1.112446961,Unknown,2024,1,Jan,2024-01,2024-01
South Sudan,2024-01-12,Pochalla,percent_area_flooded,0.632621508,Unknown,2024,1,Jan,2024-01,2024-01
South Sudan,2024-01-12,Twic East,percent_area_flooded,9.284415355,Unknown,2024,1,Jan,2024-01,2024-01
South Sudan,2024-01-12,Uror,percent_area_flooded,0.794367665,Unknown,2024,1,Jan,2024-01,2024-01
South Sudan,2024-01-12,Awerial,percent_area_flooded,5.255148931,Unknown,2024,1,Jan,2024-01,2024-01
South Sudan,2024-01-12,Cueibet,percent_area_flooded,2.194893522,Unknown,2024,1,Jan,2024-01,2024-01
South Sudan,2024-01-12,Cueibet,percent_area_flooded,2.194893522,Unknown,2024,1,Jan,2024-01,2024-01
South Sudan,2024-01-12,Awerial,percent_area_flooded,5.255148931,Unknown,2024,1,Jan,2024-01,2024-01
South Sudan,2024-01-12,Uror,percent_area_flooded,0.794367665,Unknown,2024,1,Jan,2024-01,2024-01
South Sudan,2024-01-12,Twic East,percent_area_flooded,9.284415355,Unknown,2024,1,Jan,2024-01,2024-01
South Sudan,2024-01-12,Pochalla,percent_area_flooded,0.632621508,Unknown,2024,1,Jan,2024-01,2024-01
South Sudan,2024-01-12,Pibor,percent_area_flooded,1.112446961,Unknown,2024,1,Jan,2024-01,2024-01
South Sudan,2024-01-12,Nyirol,percent_area_flooded,0.142325138,Unknown,2024,1,Jan,2024-01,2024-01
South Sudan,2024-01-12,Fangak,percent_area_flooded,18.37076383,Unknown,2024,1,Jan,2024-01,2024-01
South Sudan,2024-01-12,Kapoeta East,percent_area_flooded,0.455203706,Unknown,2024,1,Jan,2024-01,2024-01
South Sudan,2024-01-12,Jur River,percent_area_flooded,0.480806801,Unknown,2024,1,Jan,2024-01,2024-01
South Sudan,2024-01-12,Ulang,percent_area_flooded,3.285868608,Unknown,2024,1,Jan,2024-01,2024-01
South Sudan,2024-01-12,Aweil South,percent_area_flooded,9.472076972,Unknown,2024,1,Jan,2024-01,2024-01
South Sudan,2024-01-12,Maiwut,percent_area_flooded,0.097552839,Unknown,2024,1,Jan,2024-01,2024-01
South Sudan,2024-01-12,Malakal,percent_area_flooded,11.4465055,Unknown,2024,1,Jan,2024-01,2024-01
South Sudan,2024-01-12,Manyo,percent_area_flooded,7.598369846,Unknown,2024,1,Jan,2024-01,2024-01
South Sudan,2024-01-12,Melut,percent_area_flooded,6.233021101,Unknown,2024,1,Jan,2024-01,2024-01
South Sudan,2024-01-12,Panyikang,percent_area_flooded,12.26500041,Unknown,2024,1,Jan,2024-01,2024-01
South Sudan,2024-01-12,Renk,percent_area_flooded,1.355679439,Unknown,2024,1,Jan,2024-01,2024-01
South Sudan,2024-01-12,Ulang,percent_area_flooded,3.285868608,Unknown,2024,1,Jan,2024-01,2024-01
South Sudan,2024-01-12,Gogrial East,percent_area_flooded,14.07185381,Unknown,2024,1,Jan,2024-01,2024-01
South Sudan,2024-01-12,Maban,percent_area_flooded,1.734809053,Unknown,2024,1,Jan,2024-01,2024-01
South Sudan,2024-01-12,Gogrial West,percent_area_flooded,14.59663316,Unknown,2024,1,Jan,2024-01,2024-01
South Sudan,2024-01-12,Tonj North,percent_area_flooded,16.20690703,Unknown,2024,1,Jan,2024-01,2024-01
South Sudan,2024-01-12,Tonj South,percent_area_flooded,4.372889689,Unknown,2024,1,Jan,2024-01,2024-01
South Sudan,2024-01-12,Twic,percent_area_flooded,15.94180003,Unknown,2024,1,Jan,2024-01,2024-01
South Sudan,2024-01-12,Jur River,percent_area_flooded,0.480806801,Unknown,2024,1,Jan,2024-01,2024-01
South Sudan,2024-01-12,Raja,percent_area_flooded,0.138039291,Unknown,2024,1,Jan,2024-01,2024-01
South Sudan,2024-01-12,Wau,percent_area_flooded,0.026339757,Unknown,2024,1,Jan,2024-01,2024-01
South Sudan,2024-01-12,Ezo,percent_area_flooded,0.113942372,Unknown,2024,1,Jan,2024-01,2024-01
South Sudan,2024-01-12,Ibba,percent_area_flooded,0.00988686,Unknown,2024,1,Jan,2024-01,2024-01
South Sudan,2024-01-12,Tonj East,percent_area_flooded,0.335929268,Unknown,2024,1,Jan,2024-01,2024-01
South Sudan,2024-01-12,Luakpiny/Nasir,percent_area_flooded,5.694349357,Unknown,2024,1,Jan,2024-01,2024-01
South Sudan,2024-01-12,Longochuk,percent_area_flooded,0.724931982,Unknown,2024,1,Jan,2024-01,2024-01
South Sudan,2024-01-12,Fashoda,percent_area_flooded,7.611717634,Unknown,2024,1,Jan,2024-01,2024-01
South Sudan,2024-01-12,Rumbek Centre,percent_area_flooded,1.90035601,Unknown,2024,1,Jan,2024-01,2024-01
South Sudan,2024-01-12,Rumbek East,percent_area_flooded,4.968621125,Unknown,2024,1,Jan,2024-01,2024-01
South Sudan,2024-01-12,Rumbek North,percent_area_flooded,0.149053368,Unknown,2024,1,Jan,2024-01,2024-01
South Sudan,2024-01-12,Wulu,percent_area_flooded,0.071551219,Unknown,2024,1,Jan,2024-01,2024-01
South Sudan,2024-01-12,Yirol East,percent_area_flooded,6.895141987,Unknown,2024,1,Jan,2024-01,2024-01
South Sudan,2024-01-12,Yirol West,percent_area_flooded,3.413469294,Unknown,2024,1,Jan,2024-01,2024-01
South Sudan,2024-01-12,Aweil Centre,percent_area_flooded,0.116830996,Unknown,2024,1,Jan,2024-01,2024-01
South Sudan,2024-01-12,Aweil East,percent_area_flooded,6.601511265,Unknown,2024,1,Jan,2024-01,2024-01
South Sudan,2024-01-12,Aweil North,percent_area_flooded,0.074074363,Unknown,2024,1,Jan,2024-01,2024-01
South Sudan,2024-01-12,Aweil West,percent_area_flooded,0.211951628,Unknown,2024,1,Jan,2024-01,2024-01
South Sudan,2024-01-12,Abiemnhom,percent_area_flooded,0.736900879,Unknown,2024,1,Jan,2024-01,2024-01
South Sudan,2024-01-12,Guit,percent_area_flooded,19.12015202,Unknown,2024,1,Jan,2024-01,2024-01
South Sudan,2024-01-12,Koch,percent_area_flooded,4.645657389,Unknown,2024,1,Jan,2024-01,2024-01
South Sudan,2024-01-12,Mayendit,percent_area_flooded,21.13900355,Unknown,2024,1,Jan,2024-01,2024-01
South Sudan,2024-01-12,Mayom,percent_area_flooded,16.46872259,Unknown,2024,1,Jan,2024-01,2024-01
South Sudan,2024-01-12,Panyijiar,percent_area_flooded,9.80973162,Unknown,2024,1,Jan,2024-01,2024-01
South Sudan,2024-01-12,Pariang,percent_area_flooded,9.186786609,Unknown,2024,1,Jan,2024-01,2024-01
South Sudan,2024-01-12,Rubkona,percent_area_flooded,43.69354282,Unknown,2024,1,Jan,2024-01,2024-01
South Sudan,2024-01-12,Baliet,percent_area_flooded,2.143572339,Unknown,2024,1,Jan,2024-01,2024-01
South Sudan,2024-01-12,Maridi,percent_area_flooded,0.011050304,Unknown,2024,1,Jan,2024-01,2024-01
South Sudan,2024-01-12,Mundri East,percent_area_flooded,0.013243612,Unknown,2024,1,Jan,2024-01,2024-01
South Sudan,2024-01-12,Leer,percent_area_flooded,6.66185359,Unknown,2024,1,Jan,2024-01,2024-01
South Sudan,2024-01-12,Mvolo,percent_area_flooded,0.15902366,Unknown,2024,1,Jan,2024-01,2024-01
South Sudan,2024-01-12,Mundri West,percent_area_flooded,0.017352085,Unknown,2024,1,Jan,2024-01,2024-01
South Sudan,2024-01-12,Cueibet,percent_area_flooded,2.194893522,Unknown,2024,1,Jan,2024-01,2024-01
South Sudan,2024-01-12,Awerial,percent_area_flooded,5.255148931,Unknown,2024,1,Jan,2024-01,2024-01
South Sudan,2024-01-12,Uror,percent_area_flooded,0.794367665,Unknown,2024,1,Jan,2024-01,2024-01
South Sudan,2024-01-12,Twic East,percent_area_flooded,9.284415355,Unknown,2024,1,Jan,2024-01,2024-01
South Sudan,2024-01-12,Pochalla,percent_area_flooded,0.632621508,Unknown,2024,1,Jan,2024-01,2024-01
South Sudan,2024-01-12,Pibor,percent_area_flooded,1.112446961,Unknown,2024,1,Jan,2024-01,2024-01
South Sudan,2024-01-12,Fangak,percent_area_flooded,18.37076383,Unknown,2024,1,Jan,2024-01,2024-01
South Sudan,2024-01-12,Duk,percent_area_flooded,12.313197,Unknown,2024,1,Jan,2024-01,2024-01
South Sudan,2024-01-12,Canal/Pigi,percent_area_flooded,2.476677696,Unknown,2024,1,Jan,2024-01,2024-01
South Sudan,2024-01-12,Bor South,percent_area_flooded,3.054501928,Unknown,2024,1,Jan,2024-01,2024-01
South Sudan,2024-01-12,Ayod,percent_area_flooded,10.22062238,Unknown,2024,1,Jan,2024-01,2024-01
South Sudan,2024-01-12,Akobo,percent_area_flooded,0.106710771,Unknown,2024,1,Jan,2024-01,2024-01
South Sudan,2024-01-12,Torit,percent_area_flooded,0.009472759,Unknown,2024,1,Jan,2024-01,2024-01
South Sudan,2024-01-12,Nyirol,percent_area_flooded,0.142325138,Unknown,2024,1,Jan,2024-01,2024-01
South Sudan,2024-01-12,Lafon,percent_area_flooded,0.554889909,Unknown,2024,1,Jan,2024-01,2024-01
South Sudan,2024-01-12,Nagero,percent_area_flooded,0.227017444,Unknown,2024,1,Jan,2024-01,2024-01
South Sudan,2024-01-12,Magwi,percent_area_flooded,0.173168235,Unknown,2024,1,Jan,2024-01,2024-01
South Sudan,2024-01-12,Nzara,percent_area_flooded,0.05711763,Unknown,2024,1,Jan,2024-01,2024-01
South Sudan,2024-01-12,Tambura,percent_area_flooded,0.099402218,Unknown,2024,1,Jan,2024-01,2024-01
South Sudan,2024-01-12,Yambio,percent_area_flooded,0.008109502,Unknown,2024,1,Jan,2024-01,2024-01
South Sudan,2024-01-12,Lainya,percent_area_flooded,0.022951685,Unknown,2024,1,Jan,2024-01,2024-01
South Sudan,2024-01-12,Terekeka,percent_area_flooded,1.508517565,Unknown,2024,1,Jan,2024-01,2024-01
South Sudan,2024-01-12,Juba,percent_area_flooded,0.627977309,Unknown,2024,1,Jan,2024-01,2024-01
South Sudan,2024-01-12,Yei,percent_area_flooded,0.04014357,Unknown,2024,1,Jan,2024-01,2024-01
South Sudan,2024-01-12,Budi,percent_area_flooded,0.20928149,Unknown,2024,1,Jan,2024-01,2024-01
South Sudan,2024-01-12,Ikotos,percent_area_flooded,0.0618235,Unknown,2024,1,Jan,2024-01,2024-01
South Sudan,2024-01-12,Kapoeta East,percent_area_flooded,0.455203706,Unknown,2024,1,Jan,2024-01,2024-01
South Sudan,2024-01-12,Kapoeta North,percent_area_flooded,0.498072492,Unknown,2024,1,Jan,2024-01,2024-01
South Sudan,2024-01-12,Kapoeta South,percent_area_flooded,0.07136945,Unknown,2024,1,Jan,2024-01,2024-01
South Sudan,2024-11-16,Torit,percent_area_flooded,0.108579614,Unknown,2024,11,Nov,2024-11,2024-11
South Sudan,2024-11-16,Canal/Pigi,percent_area_flooded,2.644456915,Unknown,2024,11,Nov,2024-11,2024-11
South Sudan,2024-11-16,Bor South,percent_area_flooded,2.244799102,Unknown,2024,11,Nov,2024-11,2024-11
South Sudan,2024-11-16,Ayod,percent_area_flooded,10.12361131,Unknown,2024,11,Nov,2024-11,2024-11
South Sudan,2024-11-16,Akobo,percent_area_flooded,0.064904459,Unknown,2024,11,Nov,2024-11,2024-11
South Sudan,2024-11-16,Duk,percent_area_flooded,12.03353368,Unknown,2024,11,Nov,2024-11,2024-11
South Sudan,2024-11-16,Magwi,percent_area_flooded,0.130347971,Unknown,2024,11,Nov,2024-11,2024-11
South Sudan,2024-11-16,Yambio,percent_area_flooded,0.047755958,Unknown,2024,11,Nov,2024-11,2024-11
South Sudan,2024-11-16,Kapoeta South,percent_area_flooded,0.113371459,Unknown,2024,11,Nov,2024-11,2024-11
South Sudan,2024-11-16,Kapoeta North,percent_area_flooded,0.017294184,Unknown,2024,11,Nov,2024-11,2024-11
South Sudan,2024-11-16,Kapoeta East,percent_area_flooded,0.428940667,Unknown,2024,11,Nov,2024-11,2024-11
South Sudan,2024-11-16,Ikotos,percent_area_flooded,0.060398995,Unknown,2024,11,Nov,2024-11,2024-11
South Sudan,2024-11-16,Budi,percent_area_flooded,0.05392943,Unknown,2024,11,Nov,2024-11,2024-11
South Sudan,2024-11-16,Tambura,percent_area_flooded,0.090911958,Unknown,2024,11,Nov,2024-11,2024-11
South Sudan,2024-11-16,Fangak,percent_area_flooded,19.17572755,Unknown,2024,11,Nov,2024-11,2024-11
South Sudan,2024-11-16,Lafon,percent_area_flooded,0.057999033,Unknown,2024,11,Nov,2024-11,2024-11
South Sudan,2024-11-16,Nyirol,percent_area_flooded,0.209113812,Unknown,2024,11,Nov,2024-11,2024-11
South Sudan,2024-11-16,Aweil South,percent_area_flooded,11.48963285,Unknown,2024,11,Nov,2024-11,2024-11
South Sudan,2024-11-16,Pochalla,percent_area_flooded,0.384513582,Unknown,2024,11,Nov,2024-11,2024-11
South Sudan,2024-11-16,Guit,percent_area_flooded,20.52977055,Unknown,2024,11,Nov,2024-11,2024-11
South Sudan,2024-11-16,Abiemnhom,percent_area_flooded,1.071781842,Unknown,2024,11,Nov,2024-11,2024-11
South Sudan,2024-11-16,Aweil West,percent_area_flooded,2.146715419,Unknown,2024,11,Nov,2024-11,2024-11
South Sudan,2024-11-16,Nzara,percent_area_flooded,0.090725893,Unknown,2024,11,Nov,2024-11,2024-11
South Sudan,2024-11-16,Aweil North,percent_area_flooded,1.346091625,Unknown,2024,11,Nov,2024-11,2024-11
South Sudan,2024-11-16,Aweil East,percent_area_flooded,8.760891306,Unknown,2024,11,Nov,2024-11,2024-11
South Sudan,2024-11-16,Aweil Centre,percent_area_flooded,0.305903262,Unknown,2024,11,Nov,2024-11,2024-11
South Sudan,2024-11-16,Pibor,percent_area_flooded,0.122390376,Unknown,2024,11,Nov,2024-11,2024-11
South Sudan,2024-11-16,Yirol West,percent_area_flooded,4.90110328,Unknown,2024,11,Nov,2024-11,2024-11
South Sudan,2024-11-16,Wulu,percent_area_flooded,0.328318353,Unknown,2024,11,Nov,2024-11,2024-11
South Sudan,2024-11-16,Rumbek North,percent_area_flooded,0.263063593,Unknown,2024,11,Nov,2024-11,2024-11
South Sudan,2024-11-16,Rumbek East,percent_area_flooded,10.17311986,Unknown,2024,11,Nov,2024-11,2024-11
South Sudan,2024-11-16,Rumbek Centre,percent_area_flooded,3.822009557,Unknown,2024,11,Nov,2024-11,2024-11
South Sudan,2024-11-16,Cueibet,percent_area_flooded,1.890317573,Unknown,2024,11,Nov,2024-11,2024-11
South Sudan,2024-11-16,Uror,percent_area_flooded,0.041677525,Unknown,2024,11,Nov,2024-11,2024-11
South Sudan,2024-11-16,Twic East,percent_area_flooded,9.524615439,Unknown,2024,11,Nov,2024-11,2024-11
South Sudan,2024-11-16,Yirol East,percent_area_flooded,7.27126641,Unknown,2024,11,Nov,2024-11,2024-11
South Sudan,2024-11-16,Nagero,percent_area_flooded,0.56545054,Unknown,2024,11,Nov,2024-11,2024-11
South Sudan,2024-11-16,Gogrial East,percent_area_flooded,14.6795515,Unknown,2024,11,Nov,2024-11,2024-11
South Sudan,2024-11-16,Mundri West,percent_area_flooded,0.293469248,Unknown,2024,11,Nov,2024-11,2024-11
South Sudan,2024-11-16,Juba,percent_area_flooded,0.38902251,Unknown,2024,11,Nov,2024-11,2024-11
South Sudan,2024-11-16,Lainya,percent_area_flooded,0.169445773,Unknown,2024,11,Nov,2024-11,2024-11
South Sudan,2024-11-16,Terekeka,percent_area_flooded,1.315633356,Unknown,2024,11,Nov,2024-11,2024-11
South Sudan,2024-11-16,Yei,percent_area_flooded,0.109214124,Unknown,2024,11,Nov,2024-11,2024-11
South Sudan,2024-11-16,Melut,percent_area_flooded,4.794913239,Unknown,2024,11,Nov,2024-11,2024-11
South Sudan,2024-11-16,Panyikang,percent_area_flooded,5.908467918,Unknown,2024,11,Nov,2024-11,2024-11
South Sudan,2024-11-16,Renk,percent_area_flooded,2.04650124,Unknown,2024,11,Nov,2024-11,2024-11
South Sudan,2024-11-16,Ulang,percent_area_flooded,2.479340918,Unknown,2024,11,Nov,2024-11,2024-11
South Sudan,2024-11-16,Gogrial East,percent_area_flooded,14.6795515,Unknown,2024,11,Nov,2024-11,2024-11
South Sudan,2024-11-16,Twic,percent_area_flooded,23.03382099,Unknown,2024,11,Nov,2024-11,2024-11
South Sudan,2024-11-16,Gogrial West,percent_area_flooded,25.19874843,Unknown,2024,11,Nov,2024-11,2024-11
South Sudan,2024-11-16,Tonj East,percent_area_flooded,1.219108938,Unknown,2024,11,Nov,2024-11,2024-11
South Sudan,2024-11-16,Tonj North,percent_area_flooded,18.17303132,Unknown,2024,11,Nov,2024-11,2024-11
South Sudan,2024-11-16,Tonj South,percent_area_flooded,6.126428415,Unknown,2024,11,Nov,2024-11,2024-11
South Sudan,2024-11-16,Koch,percent_area_flooded,6.053879268,Unknown,2024,11,Nov,2024-11,2024-11
South Sudan,2024-11-16,Juba,percent_area_flooded,0.38902251,Unknown,2024,11,Nov,2024-11,2024-11
South Sudan,2024-11-16,Lainya,percent_area_flooded,0.169445773,Unknown,2024,11,Nov,2024-11,2024-11
South Sudan,2024-11-16,Terekeka,percent_area_flooded,1.315633356,Unknown,2024,11,Nov,2024-11,2024-11
South Sudan,2024-11-16,Yei,percent_area_flooded,0.109214124,Unknown,2024,11,Nov,2024-11,2024-11
South Sudan,2024-11-16,Mundri East,percent_area_flooded,0.036030414,Unknown,2024,11,Nov,2024-11,2024-11
South Sudan,2024-11-16,Maridi,percent_area_flooded,0.059906213,Unknown,2024,11,Nov,2024-11,2024-11
South Sudan,2024-11-16,Ibba,percent_area_flooded,0.084347274,Unknown,2024,11,Nov,2024-11,2024-11
South Sudan,2024-11-16,Ezo,percent_area_flooded,0.173112146,Unknown,2024,11,Nov,2024-11,2024-11
South Sudan,2024-11-16,Wau,percent_area_flooded,0.17131845,Unknown,2024,11,Nov,2024-11,2024-11
South Sudan,2024-11-16,Raja,percent_area_flooded,0.060058422,Unknown,2024,11,Nov,2024-11,2024-11
South Sudan,2024-11-16,Jur River,percent_area_flooded,2.45067824,Unknown,2024,11,Nov,2024-11,2024-11
South Sudan,2024-11-16,Mvolo,percent_area_flooded,0.255925999,Unknown,2024,11,Nov,2024-11,2024-11
South Sudan,2024-11-16,Twic,percent_area_flooded,23.03382099,Unknown,2024,11,Nov,2024-11,2024-11
South Sudan,2024-11-16,Tonj North,percent_area_flooded,18.17303132,Unknown,2024,11,Nov,2024-11,2024-11
South Sudan,2024-11-16,Tonj East,percent_area_flooded,1.219108938,Unknown,2024,11,Nov,2024-11,2024-11
South Sudan,2024-11-16,Gogrial West,percent_area_flooded,25.19874843,Unknown,2024,11,Nov,2024-11,2024-11
South Sudan,2024-11-16,Ulang,percent_area_flooded,2.479340918,Unknown,2024,11,Nov,2024-11,2024-11
South Sudan,2024-11-16,Renk,percent_area_flooded,2.04650124,Unknown,2024,11,Nov,2024-11,2024-11
South Sudan,2024-11-16,Panyikang,percent_area_flooded,5.908467918,Unknown,2024,11,Nov,2024-11,2024-11
South Sudan,2024-11-16,Melut,percent_area_flooded,4.794913239,Unknown,2024,11,Nov,2024-11,2024-11
South Sudan,2024-11-16,Tonj South,percent_area_flooded,6.126428415,Unknown,2024,11,Nov,2024-11,2024-11
South Sudan,2024-11-16,Leer,percent_area_flooded,7.864883342,Unknown,2024,11,Nov,2024-11,2024-11
South Sudan,2024-11-16,Awerial,percent_area_flooded,4.885436673,Unknown,2024,11,Nov,2024-11,2024-11
South Sudan,2024-11-16,Mayom,percent_area_flooded,17.95114022,Unknown,2024,11,Nov,2024-11,2024-11
South Sudan,2024-11-16,Mvolo,percent_area_flooded,0.255925999,Unknown,2024,11,Nov,2024-11,2024-11
South Sudan,2024-11-16,Nagero,percent_area_flooded,0.56545054,Unknown,2024,11,Nov,2024-11,2024-11
South Sudan,2024-11-16,Nzara,percent_area_flooded,0.090725893,Unknown,2024,11,Nov,2024-11,2024-11
South Sudan,2024-11-16,Tambura,percent_area_flooded,0.090911958,Unknown,2024,11,Nov,2024-11,2024-11
South Sudan,2024-11-16,Yambio,percent_area_flooded,0.047755958,Unknown,2024,11,Nov,2024-11,2024-11
South Sudan,2024-11-16,Budi,percent_area_flooded,0.05392943,Unknown,2024,11,Nov,2024-11,2024-11
South Sudan,2024-11-16,Ikotos,percent_area_flooded,0.060398995,Unknown,2024,11,Nov,2024-11,2024-11
South Sudan,2024-11-16,Kapoeta East,percent_area_flooded,0.428940667,Unknown,2024,11,Nov,2024-11,2024-11
South Sudan,2024-11-16,Kapoeta North,percent_area_flooded,0.017294184,Unknown,2024,11,Nov,2024-11,2024-11
South Sudan,2024-11-16,Kapoeta South,percent_area_flooded,0.113371459,Unknown,2024,11,Nov,2024-11,2024-11
South Sudan,2024-11-16,Lafon,percent_area_flooded,0.057999033,Unknown,2024,11,Nov,2024-11,2024-11
South Sudan,2024-11-16,Magwi,percent_area_flooded,0.130347971,Unknown,2024,11,Nov,2024-11,2024-11
South Sudan,2024-11-16,Torit,percent_area_flooded,0.108579614,Unknown,2024,11,Nov,2024-11,2024-11
South Sudan,2024-11-16,Akobo,percent_area_flooded,0.064904459,Unknown,2024,11,Nov,2024-11,2024-11
South Sudan,2024-11-16,Ayod,percent_area_flooded,10.12361131,Unknown,2024,11,Nov,2024-11,2024-11
South Sudan,2024-11-16,Mundri West,percent_area_flooded,0.293469248,Unknown,2024,11,Nov,2024-11,2024-11
South Sudan,2024-11-16,Bor South,percent_area_flooded,2.244799102,Unknown,2024,11,Nov,2024-11,2024-11
South Sudan,2024-11-16,Mundri East,percent_area_flooded,0.036030414,Unknown,2024,11,Nov,2024-11,2024-11
South Sudan,2024-11-16,Ibba,percent_area_flooded,0.084347274,Unknown,2024,11,Nov,2024-11,2024-11
South Sudan,2024-11-16,Tonj East,percent_area_flooded,1.219108938,Unknown,2024,11,Nov,2024-11,2024-11
South Sudan,2024-11-16,Gogrial West,percent_area_flooded,25.19874843,Unknown,2024,11,Nov,2024-11,2024-11
South Sudan,2024-11-16,Gogrial East,percent_area_flooded,14.6795515,Unknown,2024,11,Nov,2024-11,2024-11
South Sudan,2024-11-16,Ulang,percent_area_flooded,2.479340918,Unknown,2024,11,Nov,2024-11,2024-11
South Sudan,2024-11-16,Renk,percent_area_flooded,2.04650124,Unknown,2024,11,Nov,2024-11,2024-11
South Sudan,2024-11-16,Panyikang,percent_area_flooded,5.908467918,Unknown,2024,11,Nov,2024-11,2024-11
South Sudan,2024-11-16,Melut,percent_area_flooded,4.794913239,Unknown,2024,11,Nov,2024-11,2024-11
South Sudan,2024-11-16,Yei,percent_area_flooded,0.109214124,Unknown,2024,11,Nov,2024-11,2024-11
South Sudan,2024-11-16,Terekeka,percent_area_flooded,1.315633356,Unknown,2024,11,Nov,2024-11,2024-11
South Sudan,2024-11-16,Lainya,percent_area_flooded,0.169445773,Unknown,2024,11,Nov,2024-11,2024-11
South Sudan,2024-11-16,Juba,percent_area_flooded,0.38902251,Unknown,2024,11,Nov,2024-11,2024-11
South Sudan,2024-11-16,Jur River,percent_area_flooded,2.45067824,Unknown,2024,11,Nov,2024-11,2024-11
South Sudan,2024-11-16,Raja,percent_area_flooded,0.060058422,Unknown,2024,11,Nov,2024-11,2024-11
South Sudan,2024-11-16,Wau,percent_area_flooded,0.17131845,Unknown,2024,11,Nov,2024-11,2024-11
South Sudan,2024-11-16,Mayendit,percent_area_flooded,25.64810259,Unknown,2024,11,Nov,2024-11,2024-11
South Sudan,2024-11-16,Maridi,percent_area_flooded,0.059906213,Unknown,2024,11,Nov,2024-11,2024-11
South Sudan,2024-11-16,Canal/Pigi,percent_area_flooded,2.644456915,Unknown,2024,11,Nov,2024-11,2024-11
South Sudan,2024-11-16,Duk,percent_area_flooded,12.03353368,Unknown,2024,11,Nov,2024-11,2024-11
South Sudan,2024-11-16,Fangak,percent_area_flooded,19.17572755,Unknown,2024,11,Nov,2024-11,2024-11
South Sudan,2024-11-16,Koch,percent_area_flooded,6.053879268,Unknown,2024,11,Nov,2024-11,2024-11
South Sudan,2024-11-16,Leer,percent_area_flooded,7.864883342,Unknown,2024,11,Nov,2024-11,2024-11
South Sudan,2024-11-16,Mayendit,percent_area_flooded,25.64810259,Unknown,2024,11,Nov,2024-11,2024-11
South Sudan,2024-11-16,Mayom,percent_area_flooded,17.95114022,Unknown,2024,11,Nov,2024-11,2024-11
South Sudan,2024-11-16,Panyijiar,percent_area_flooded,10.236676,Unknown,2024,11,Nov,2024-11,2024-11
South Sudan,2024-11-16,Pariang,percent_area_flooded,8.664950166,Unknown,2024,11,Nov,2024-11,2024-11
South Sudan,2024-11-16,Rubkona,percent_area_flooded,43.22740938,Unknown,2024,11,Nov,2024-11,2024-11
South Sudan,2024-11-16,Baliet,percent_area_flooded,1.147748773,Unknown,2024,11,Nov,2024-11,2024-11
South Sudan,2024-11-16,Fashoda,percent_area_flooded,3.418739272,Unknown,2024,11,Nov,2024-11,2024-11
South Sudan,2024-11-16,Longochuk,percent_area_flooded,0.808735874,Unknown,2024,11,Nov,2024-11,2024-11
South Sudan,2024-11-16,Luakpiny/Nasir,percent_area_flooded,8.42403962,Unknown,2024,11,Nov,2024-11,2024-11
South Sudan,2024-11-16,Maban,percent_area_flooded,0.420205992,Unknown,2024,11,Nov,2024-11,2024-11
South Sudan,2024-11-16,Maiwut,percent_area_flooded,0.170763912,Unknown,2024,11,Nov,2024-11,2024-11
South Sudan,2024-11-16,Malakal,percent_area_flooded,7.605474677,Unknown,2024,11,Nov,2024-11,2024-11
South Sudan,2024-11-16,Manyo,percent_area_flooded,5.675966362,Unknown,2024,11,Nov,2024-11,2024-11
South Sudan,2024-11-16,Guit,percent_area_flooded,20.52977055,Unknown,2024,11,Nov,2024-11,2024-11
South Sudan,2024-11-16,Abiemnhom,percent_area_flooded,1.071781842,Unknown,2024,11,Nov,2024-11,2024-11
South Sudan,2024-11-16,Aweil West,percent_area_flooded,2.146715419,Unknown,2024,11,Nov,2024-11,2024-11
South Sudan,2024-11-16,Aweil South,percent_area_flooded,11.48963285,Unknown,2024,11,Nov,2024-11,2024-11
South Sudan,2024-11-16,Nyirol,percent_area_flooded,0.209113812,Unknown,2024,11,Nov,2024-11,2024-11
South Sudan,2024-11-16,Pibor,percent_area_flooded,0.122390376,Unknown,2024,11,Nov,2024-11,2024-11
South Sudan,2024-11-16,Pochalla,percent_area_flooded,0.384513582,Unknown,2024,11,Nov,2024-11,2024-11
South Sudan,2024-11-16,Twic East,percent_area_flooded,9.524615439,Unknown,2024,11,Nov,2024-11,2024-11
South Sudan,2024-11-16,Uror,percent_area_flooded,0.041677525,Unknown,2024,11,Nov,2024-11,2024-11
South Sudan,2024-11-16,Awerial,percent_area_flooded,4.885436673,Unknown,2024,11,Nov,2024-11,2024-11
South Sudan,2024-11-16,Cueibet,percent_area_flooded,1.890317573,Unknown,2024,11,Nov,2024-11,2024-11
South Sudan,2024-11-16,Tonj North,percent_area_flooded,18.17303132,Unknown,2024,11,Nov,2024-11,2024-11
South Sudan,2024-11-16,Rumbek Centre,percent_area_flooded,3.822009557,Unknown,2024,11,Nov,2024-11,2024-11
South Sudan,2024-11-16,Rumbek North,percent_area_flooded,0.263063593,Unknown,2024,11,Nov,2024-11,2024-11
South Sudan,2024-11-16,Wulu,percent_area_flooded,0.328318353,Unknown,2024,11,Nov,2024-11,2024-11
South Sudan,2024-11-16,Yirol East,percent_area_flooded,7.27126641,Unknown,2024,11,Nov,2024-11,2024-11
South Sudan,2024-11-16,Yirol West,percent_area_flooded,4.90110328,Unknown,2024,11,Nov,2024-11,2024-11
South Sudan,2024-11-16,Aweil Centre,percent_area_flooded,0.305903262,Unknown,2024,11,Nov,2024-11,2024-11
South Sudan,2024-11-16,Aweil East,percent_area_flooded,8.760891306,Unknown,2024,11,Nov,2024-11,2024-11
South Sudan,2024-11-16,Aweil North,percent_area_flooded,1.346091625,Unknown,2024,11,Nov,2024-11,2024-11
South Sudan,2024-11-16,Rumbek East,percent_area_flooded,10.17311986,Unknown,2024,11,Nov,2024-11,2024-11
South Sudan,2024-11-16,Tonj South,percent_area_flooded,6.126428415,Unknown,2024,11,Nov,2024-11,2024-11
South Sudan,2024-11-16,Ezo,percent_area_flooded,0.173112146,Unknown,2024,11,Nov,2024-11,2024-11
South Sudan,2024-11-16,Jur River,percent_area_flooded,2.45067824,Unknown,2024,11,Nov,2024-11,2024-11
South Sudan,2024-11-16,Twic,percent_area_flooded,23.03382099,Unknown,2024,11,Nov,2024-11,2024-11
South Sudan,2024-11-16,Pariang,percent_area_flooded,8.664950166,Unknown,2024,11,Nov,2024-11,2024-11
South Sudan,2024-11-16,Panyijiar,percent_area_flooded,10.236676,Unknown,2024,11,Nov,2024-11,2024-11
South Sudan,2024-11-16,Mayom,percent_area_flooded,17.95114022,Unknown,2024,11,Nov,2024-11,2024-11
South Sudan,2024-11-16,Mayendit,percent_area_flooded,25.64810259,Unknown,2024,11,Nov,2024-11,2024-11
South Sudan,2024-11-16,Leer,percent_area_flooded,7.864883342,Unknown,2024,11,Nov,2024-11,2024-11
South Sudan,2024-11-16,Koch,percent_area_flooded,6.053879268,Unknown,2024,11,Nov,2024-11,2024-11
South Sudan,2024-11-16,Guit,percent_area_flooded,20.52977055,Unknown,2024,11,Nov,2024-11,2024-11
South Sudan,2024-11-16,Abiemnhom,percent_area_flooded,1.071781842,Unknown,2024,11,Nov,2024-11,2024-11
South Sudan,2024-11-16,Aweil West,percent_area_flooded,2.146715419,Unknown,2024,11,Nov,2024-11,2024-11
South Sudan,2024-11-16,Aweil South,percent_area_flooded,11.48963285,Unknown,2024,11,Nov,2024-11,2024-11
South Sudan,2024-11-16,Aweil North,percent_area_flooded,1.346091625,Unknown,2024,11,Nov,2024-11,2024-11
South Sudan,2024-11-16,Aweil East,percent_area_flooded,8.760891306,Unknown,2024,11,Nov,2024-11,2024-11
South Sudan,2024-11-16,Aweil Centre,percent_area_flooded,0.305903262,Unknown,2024,11,Nov,2024-11,2024-11
South Sudan,2024-11-16,Yirol West,percent_area_flooded,4.90110328,Unknown,2024,11,Nov,2024-11,2024-11
South Sudan,2024-11-16,Baliet,percent_area_flooded,1.147748773,Unknown,2024,11,Nov,2024-11,2024-11
South Sudan,2024-11-16,Yirol East,percent_area_flooded,7.27126641,Unknown,2024,11,Nov,2024-11,2024-11
South Sudan,2024-11-16,Fashoda,percent_area_flooded,3.418739272,Unknown,2024,11,Nov,2024-11,2024-11
South Sudan,2024-11-16,Luakpiny/Nasir,percent_area_flooded,8.42403962,Unknown,2024,11,Nov,2024-11,2024-11
South Sudan,2024-11-16,Panyijiar,percent_area_flooded,10.236676,Unknown,2024,11,Nov,2024-11,2024-11
South Sudan,2024-11-16,Pariang,percent_area_flooded,8.664950166,Unknown,2024,11,Nov,2024-11,2024-11
South Sudan,2024-11-16,Rubkona,percent_area_flooded,43.22740938,Unknown,2024,11,Nov,2024-11,2024-11
South Sudan,2024-11-16,Baliet,percent_area_flooded,1.147748773,Unknown,2024,11,Nov,2024-11,2024-11
South Sudan,2024-11-16,Fashoda,percent_area_flooded,3.418739272,Unknown,2024,11,Nov,2024-11,2024-11
South Sudan,2024-11-16,Longochuk,percent_area_flooded,0.808735874,Unknown,2024,11,Nov,2024-11,2024-11
South Sudan,2024-11-16,Luakpiny/Nasir,percent_area_flooded,8.42403962,Unknown,2024,11,Nov,2024-11,2024-11
South Sudan,2024-11-16,Maban,percent_area_flooded,0.420205992,Unknown,2024,11,Nov,2024-11,2024-11
South Sudan,2024-11-16,Maiwut,percent_area_flooded,0.170763912,Unknown,2024,11,Nov,2024-11,2024-11
South Sudan,2024-11-16,Malakal,percent_area_flooded,7.605474677,Unknown,2024,11,Nov,2024-11,2024-11
South Sudan,2024-11-16,Manyo,percent_area_flooded,5.675966362,Unknown,2024,11,Nov,2024-11,2024-11
South Sudan,2024-11-16,Manyo,percent_area_flooded,5.675966362,Unknown,2024,11,Nov,2024-11,2024-11
South Sudan,2024-11-16,Malakal,percent_area_flooded,7.605474677,Unknown,2024,11,Nov,2024-11,2024-11
South Sudan,2024-11-16,Maiwut,percent_area_flooded,0.170763912,Unknown,2024,11,Nov,2024-11,2024-11
South Sudan,2024-11-16,Maban,percent_area_flooded,0.420205992,Unknown,2024,11,Nov,2024-11,2024-11
South Sudan,2024-11-16,Longochuk,percent_area_flooded,0.808735874,Unknown,2024,11,Nov,2024-11,2024-11
South Sudan,2024-11-16,Wulu,percent_area_flooded,0.328318353,Unknown,2024,11,Nov,2024-11,2024-11
South Sudan,2024-11-16,Rubkona,percent_area_flooded,43.22740938,Unknown,2024,11,Nov,2024-11,2024-11
South Sudan,2024-11-16,Rumbek East,percent_area_flooded,10.17311986,Unknown,2024,11,Nov,2024-11,2024-11
South Sudan,2024-11-16,Kapoeta East,percent_area_flooded,0.428940667,Unknown,2024,11,Nov,2024-11,2024-11
South Sudan,2024-11-16,Ikotos,percent_area_flooded,0.060398995,Unknown,2024,11,Nov,2024-11,2024-11
South Sudan,2024-11-16,Budi,percent_area_flooded,0.05392943,Unknown,2024,11,Nov,2024-11,2024-11
South Sudan,2024-11-16,Yambio,percent_area_flooded,0.047755958,Unknown,2024,11,Nov,2024-11,2024-11
South Sudan,2024-11-16,Tambura,percent_area_flooded,0.090911958,Unknown,2024,11,Nov,2024-11,2024-11
South Sudan,2024-11-16,Nzara,percent_area_flooded,0.090725893,Unknown,2024,11,Nov,2024-11,2024-11
South Sudan,2024-11-16,Nagero,percent_area_flooded,0.56545054,Unknown,2024,11,Nov,2024-11,2024-11
South Sudan,2024-11-16,Mvolo,percent_area_flooded,0.255925999,Unknown,2024,11,Nov,2024-11,2024-11
South Sudan,2024-11-16,Mundri West,percent_area_flooded,0.293469248,Unknown,2024,11,Nov,2024-11,2024-11
South Sudan,2024-11-16,Mundri East,percent_area_flooded,0.036030414,Unknown,2024,11,Nov,2024-11,2024-11
South Sudan,2024-11-16,Maridi,percent_area_flooded,0.059906213,Unknown,2024,11,Nov,2024-11,2024-11
South Sudan,2024-11-16,Ibba,percent_area_flooded,0.084347274,Unknown,2024,11,Nov,2024-11,2024-11
South Sudan,2024-11-16,Ezo,percent_area_flooded,0.173112146,Unknown,2024,11,Nov,2024-11,2024-11
South Sudan,2024-11-16,Rumbek North,percent_area_flooded,0.263063593,Unknown,2024,11,Nov,2024-11,2024-11
South Sudan,2024-11-16,Raja,percent_area_flooded,0.060058422,Unknown,2024,11,Nov,2024-11,2024-11
South Sudan,2024-11-16,Kapoeta North,percent_area_flooded,0.017294184,Unknown,2024,11,Nov,2024-11,2024-11
South Sudan,2024-11-16,Kapoeta South,percent_area_flooded,0.113371459,Unknown,2024,11,Nov,2024-11,2024-11
South Sudan,2024-11-16,Wau,percent_area_flooded,0.17131845,Unknown,2024,11,Nov,2024-11,2024-11
South Sudan,2024-11-16,Magwi,percent_area_flooded,0.130347971,Unknown,2024,11,Nov,2024-11,2024-11
South Sudan,2024-11-16,Lafon,percent_area_flooded,0.057999033,Unknown,2024,11,Nov,2024-11,2024-11
South Sudan,2024-11-16,Cueibet,percent_area_flooded,1.890317573,Unknown,2024,11,Nov,2024-11,2024-11
South Sudan,2024-11-16,Awerial,percent_area_flooded,4.885436673,Unknown,2024,11,Nov,2024-11,2024-11
South Sudan,2024-11-16,Uror,percent_area_flooded,0.041677525,Unknown,2024,11,Nov,2024-11,2024-11
South Sudan,2024-11-16,Twic East,percent_area_flooded,9.524615439,Unknown,2024,11,Nov,2024-11,2024-11
South Sudan,2024-11-16,Pochalla,percent_area_flooded,0.384513582,Unknown,2024,11,Nov,2024-11,2024-11
South Sudan,2024-11-16,Pibor,percent_area_flooded,0.122390376,Unknown,2024,11,Nov,2024-11,2024-11
South Sudan,2024-11-16,Nyirol,percent_area_flooded,0.209113812,Unknown,2024,11,Nov,2024-11,2024-11
South Sudan,2024-11-16,Rumbek Centre,percent_area_flooded,3.822009557,Unknown,2024,11,Nov,2024-11,2024-11
South Sudan,2024-11-16,Duk,percent_area_flooded,12.03353368,Unknown,2024,11,Nov,2024-11,2024-11
South Sudan,2024-11-16,Canal/Pigi,percent_area_flooded,2.644456915,Unknown,2024,11,Nov,2024-11,2024-11
South Sudan,2024-11-16,Bor South,percent_area_flooded,2.244799102,Unknown,2024,11,Nov,2024-11,2024-11
South Sudan,2024-11-16,Ayod,percent_area_flooded,10.12361131,Unknown,2024,11,Nov,2024-11,2024-11
South Sudan,2024-11-16,Akobo,percent_area_flooded,0.064904459,Unknown,2024,11,Nov,2024-11,2024-11
South Sudan,2024-11-16,Torit,percent_area_flooded,0.108579614,Unknown,2024,11,Nov,2024-11,2024-11
South Sudan,2024-11-16,Fangak,percent_area_flooded,19.17572755,Unknown,2024,11,Nov,2024-11,2024-11
South Sudan,2024-12-16,Melut,percent_area_flooded,6.881458064,Unknown,2024,12,Dec,2024-12,2024-12
South Sudan,2024-12-16,Manyo,percent_area_flooded,5.640463763,Unknown,2024,12,Dec,2024-12,2024-12
South Sudan,2024-12-16,Malakal,percent_area_flooded,8.340190272,Unknown,2024,12,Dec,2024-12,2024-12
South Sudan,2024-12-16,Maiwut,percent_area_flooded,0.344899928,Unknown,2024,12,Dec,2024-12,2024-12
South Sudan,2024-12-16,Maban,percent_area_flooded,3.453637858,Unknown,2024,12,Dec,2024-12,2024-12
South Sudan,2024-12-16,Luakpiny/Nasir,percent_area_flooded,4.41461179,Unknown,2024,12,Dec,2024-12,2024-12
South Sudan,2024-12-16,Baliet,percent_area_flooded,6.833864403,Unknown,2024,12,Dec,2024-12,2024-12
South Sudan,2024-12-16,Fashoda,percent_area_flooded,6.91669921,Unknown,2024,12,Dec,2024-12,2024-12
South Sudan,2024-12-16,Rubkona,percent_area_flooded,43.33967765,Unknown,2024,12,Dec,2024-12,2024-12
South Sudan,2024-12-16,Pariang,percent_area_flooded,7.585826432,Unknown,2024,12,Dec,2024-12,2024-12
South Sudan,2024-12-16,Panyijiar,percent_area_flooded,8.621760727,Unknown,2024,12,Dec,2024-12,2024-12
South Sudan,2024-12-16,Mayom,percent_area_flooded,16.68703359,Unknown,2024,12,Dec,2024-12,2024-12
South Sudan,2024-12-16,Panyikang,percent_area_flooded,7.840554573,Unknown,2024,12,Dec,2024-12,2024-12
South Sudan,2024-12-16,Mayendit,percent_area_flooded,19.63717646,Unknown,2024,12,Dec,2024-12,2024-12
South Sudan,2024-12-16,Longochuk,percent_area_flooded,1.754785558,Unknown,2024,12,Dec,2024-12,2024-12
South Sudan,2024-12-16,Renk,percent_area_flooded,1.051791752,Unknown,2024,12,Dec,2024-12,2024-12
South Sudan,2024-12-16,Jur River,percent_area_flooded,0.296222081,Unknown,2024,12,Dec,2024-12,2024-12
South Sudan,2024-12-16,Gogrial East,percent_area_flooded,11.05912093,Unknown,2024,12,Dec,2024-12,2024-12
South Sudan,2024-12-16,Leer,percent_area_flooded,6.203847339,Unknown,2024,12,Dec,2024-12,2024-12
South Sudan,2024-12-16,Mvolo,percent_area_flooded,0.069258023,Unknown,2024,12,Dec,2024-12,2024-12
South Sudan,2024-12-16,Mundri West,percent_area_flooded,0.002696031,Unknown,2024,12,Dec,2024-12,2024-12
South Sudan,2024-12-16,Mundri East,percent_area_flooded,0.147043041,Unknown,2024,12,Dec,2024-12,2024-12
South Sudan,2024-12-16,Maridi,percent_area_flooded,0.04560602,Unknown,2024,12,Dec,2024-12,2024-12
South Sudan,2024-12-16,Ibba,percent_area_flooded,0.007827097,Unknown,2024,12,Dec,2024-12,2024-12
South Sudan,2024-12-16,Ulang,percent_area_flooded,3.207614283,Unknown,2024,12,Dec,2024-12,2024-12
South Sudan,2024-12-16,Ezo,percent_area_flooded,0.280567776,Unknown,2024,12,Dec,2024-12,2024-12
South Sudan,2024-12-16,Raja,percent_area_flooded,0.019776494,Unknown,2024,12,Dec,2024-12,2024-12
South Sudan,2024-12-16,Twic,percent_area_flooded,14.69822955,Unknown,2024,12,Dec,2024-12,2024-12
South Sudan,2024-12-16,Tonj South,percent_area_flooded,2.111081505,Unknown,2024,12,Dec,2024-12,2024-12
South Sudan,2024-12-16,Tonj North,percent_area_flooded,15.8976694,Unknown,2024,12,Dec,2024-12,2024-12
South Sudan,2024-12-16,Tonj East,percent_area_flooded,0.280646947,Unknown,2024,12,Dec,2024-12,2024-12
South Sudan,2024-12-16,Gogrial West,percent_area_flooded,4.796859425,Unknown,2024,12,Dec,2024-12,2024-12
South Sudan,2024-12-16,Wau,percent_area_flooded,0.066870406,Unknown,2024,12,Dec,2024-12,2024-12
South Sudan,2024-12-16,Koch,percent_area_flooded,4.162991686,Unknown,2024,12,Dec,2024-12,2024-12
South Sudan,2024-12-16,Wau,percent_area_flooded,0.066870406,Unknown,2024,12,Dec,2024-12,2024-12
South Sudan,2024-12-16,Abiemnhom,percent_area_flooded,0.474448606,Unknown,2024,12,Dec,2024-12,2024-12
South Sudan,2024-12-16,Raja,percent_area_flooded,0.019776494,Unknown,2024,12,Dec,2024-12,2024-12
South Sudan,2024-12-16,Baliet,percent_area_flooded,6.833864403,Unknown,2024,12,Dec,2024-12,2024-12
South Sudan,2024-12-16,Rubkona,percent_area_flooded,43.33967765,Unknown,2024,12,Dec,2024-12,2024-12
South Sudan,2024-12-16,Pariang,percent_area_flooded,7.585826432,Unknown,2024,12,Dec,2024-12,2024-12
South Sudan,2024-12-16,Panyijiar,percent_area_flooded,8.621760727,Unknown,2024,12,Dec,2024-12,2024-12
South Sudan,2024-12-16,Mayom,percent_area_flooded,16.68703359,Unknown,2024,12,Dec,2024-12,2024-12
South Sudan,2024-12-16,Mayendit,percent_area_flooded,19.63717646,Unknown,2024,12,Dec,2024-12,2024-12
South Sudan,2024-12-16,Leer,percent_area_flooded,6.203847339,Unknown,2024,12,Dec,2024-12,2024-12
South Sudan,2024-12-16,Koch,percent_area_flooded,4.162991686,Unknown,2024,12,Dec,2024-12,2024-12
South Sudan,2024-12-16,Guit,percent_area_flooded,19.70058318,Unknown,2024,12,Dec,2024-12,2024-12
South Sudan,2024-12-16,Abiemnhom,percent_area_flooded,0.474448606,Unknown,2024,12,Dec,2024-12,2024-12
South Sudan,2024-12-16,Fashoda,percent_area_flooded,6.91669921,Unknown,2024,12,Dec,2024-12,2024-12
South Sudan,2024-12-16,Aweil West,percent_area_flooded,0.033880743,Unknown,2024,12,Dec,2024-12,2024-12
South Sudan,2024-12-16,Aweil North,percent_area_flooded,0.00964524,Unknown,2024,12,Dec,2024-12,2024-12
South Sudan,2024-12-16,Aweil East,percent_area_flooded,2.140130074,Unknown,2024,12,Dec,2024-12,2024-12
South Sudan,2024-12-16,Aweil Centre,percent_area_flooded,0.12282233,Unknown,2024,12,Dec,2024-12,2024-12
South Sudan,2024-12-16,Yirol West,percent_area_flooded,2.954275825,Unknown,2024,12,Dec,2024-12,2024-12
South Sudan,2024-12-16,Yirol East,percent_area_flooded,6.108345678,Unknown,2024,12,Dec,2024-12,2024-12
South Sudan,2024-12-16,Wulu,percent_area_flooded,0.182411004,Unknown,2024,12,Dec,2024-12,2024-12
South Sudan,2024-12-16,Rumbek North,percent_area_flooded,1.55845977,Unknown,2024,12,Dec,2024-12,2024-12
South Sudan,2024-12-16,Rumbek East,percent_area_flooded,3.036671611,Unknown,2024,12,Dec,2024-12,2024-12
South Sudan,2024-12-16,Rumbek Centre,percent_area_flooded,0.443655893,Unknown,2024,12,Dec,2024-12,2024-12
South Sudan,2024-12-16,Cueibet,percent_area_flooded,1.357208273,Unknown,2024,12,Dec,2024-12,2024-12
South Sudan,2024-12-16,Awerial,percent_area_flooded,4.631545777,Unknown,2024,12,Dec,2024-12,2024-12
South Sudan,2024-12-16,Aweil South,percent_area_flooded,5.767426963,Unknown,2024,12,Dec,2024-12,2024-12
South Sudan,2024-12-16,Uror,percent_area_flooded,8.402562386,Unknown,2024,12,Dec,2024-12,2024-12
South Sudan,2024-12-16,Longochuk,percent_area_flooded,1.754785558,Unknown,2024,12,Dec,2024-12,2024-12
South Sudan,2024-12-16,Maban,percent_area_flooded,3.453637858,Unknown,2024,12,Dec,2024-12,2024-12
South Sudan,2024-12-16,Nzara,percent_area_flooded,0.033318617,Unknown,2024,12,Dec,2024-12,2024-12
South Sudan,2024-12-16,Nagero,percent_area_flooded,0.293185557,Unknown,2024,12,Dec,2024-12,2024-12
South Sudan,2024-12-16,Mvolo,percent_area_flooded,0.069258023,Unknown,2024,12,Dec,2024-12,2024-12
South Sudan,2024-12-16,Mundri West,percent_area_flooded,0.002696031,Unknown,2024,12,Dec,2024-12,2024-12
South Sudan,2024-12-16,Mundri East,percent_area_flooded,0.147043041,Unknown,2024,12,Dec,2024-12,2024-12
South Sudan,2024-12-16,Maridi,percent_area_flooded,0.04560602,Unknown,2024,12,Dec,2024-12,2024-12
South Sudan,2024-12-16,Ibba,percent_area_flooded,0.007827097,Unknown,2024,12,Dec,2024-12,2024-12
South Sudan,2024-12-16,Ezo,percent_area_flooded,0.280567776,Unknown,2024,12,Dec,2024-12,2024-12
South Sudan,2024-12-16,Wau,percent_area_flooded,0.066870406,Unknown,2024,12,Dec,2024-12,2024-12
South Sudan,2024-12-16,Raja,percent_area_flooded,0.019776494,Unknown,2024,12,Dec,2024-12,2024-12
South Sudan,2024-12-16,Jur River,percent_area_flooded,0.296222081,Unknown,2024,12,Dec,2024-12,2024-12
South Sudan,2024-12-16,Luakpiny/Nasir,percent_area_flooded,4.41461179,Unknown,2024,12,Dec,2024-12,2024-12
South Sudan,2024-12-16,Twic,percent_area_flooded,14.69822955,Unknown,2024,12,Dec,2024-12,2024-12
South Sudan,2024-12-16,Tonj North,percent_area_flooded,15.8976694,Unknown,2024,12,Dec,2024-12,2024-12
South Sudan,2024-12-16,Tonj East,percent_area_flooded,0.280646947,Unknown,2024,12,Dec,2024-12,2024-12
South Sudan,2024-12-16,Gogrial West,percent_area_flooded,4.796859425,Unknown,2024,12,Dec,2024-12,2024-12
South Sudan,2024-12-16,Gogrial East,percent_area_flooded,11.05912093,Unknown,2024,12,Dec,2024-12,2024-12
South Sudan,2024-12-16,Ulang,percent_area_flooded,3.207614283,Unknown,2024,12,Dec,2024-12,2024-12
South Sudan,2024-12-16,Renk,percent_area_flooded,1.051791752,Unknown,2024,12,Dec,2024-12,2024-12
South Sudan,2024-12-16,Panyikang,percent_area_flooded,7.840554573,Unknown,2024,12,Dec,2024-12,2024-12
South Sudan,2024-12-16,Melut,percent_area_flooded,6.881458064,Unknown,2024,12,Dec,2024-12,2024-12
South Sudan,2024-12-16,Manyo,percent_area_flooded,5.640463763,Unknown,2024,12,Dec,2024-12,2024-12
South Sudan,2024-12-16,Malakal,percent_area_flooded,8.340190272,Unknown,2024,12,Dec,2024-12,2024-12
South Sudan,2024-12-16,Maiwut,percent_area_flooded,0.344899928,Unknown,2024,12,Dec,2024-12,2024-12
South Sudan,2024-12-16,Tonj South,percent_area_flooded,2.111081505,Unknown,2024,12,Dec,2024-12,2024-12
South Sudan,2024-12-16,Guit,percent_area_flooded,19.70058318,Unknown,2024,12,Dec,2024-12,2024-12
South Sudan,2024-12-16,Twic East,percent_area_flooded,12.32995235,Unknown,2024,12,Dec,2024-12,2024-12
South Sudan,2024-12-16,Pibor,percent_area_flooded,9.727540457,Unknown,2024,12,Dec,2024-12,2024-12
South Sudan,2024-12-16,Akobo,percent_area_flooded,0.600175354,Unknown,2024,12,Dec,2024-12,2024-12
South Sudan,2024-12-16,Ayod,percent_area_flooded,10.28824955,Unknown,2024,12,Dec,2024-12,2024-12
South Sudan,2024-12-16,Bor South,percent_area_flooded,12.48093313,Unknown,2024,12,Dec,2024-12,2024-12
South Sudan,2024-12-16,Canal/Pigi,percent_area_flooded,2.110834998,Unknown,2024,12,Dec,2024-12,2024-12
South Sudan,2024-12-16,Duk,percent_area_flooded,14.23607904,Unknown,2024,12,Dec,2024-12,2024-12
South Sudan,2024-12-16,Fangak,percent_area_flooded,17.23833265,Unknown,2024,12,Dec,2024-12,2024-12
South Sudan,2024-12-16,Nyirol,percent_area_flooded,0.541668646,Unknown,2024,12,Dec,2024-12,2024-12
South Sudan,2024-12-16,Pibor,percent_area_flooded,9.727540457,Unknown,2024,12,Dec,2024-12,2024-12
South Sudan,2024-12-16,Pochalla,percent_area_flooded,1.732220559,Unknown,2024,12,Dec,2024-12,2024-12
South Sudan,2024-12-16,Twic East,percent_area_flooded,12.32995235,Unknown,2024,12,Dec,2024-12,2024-12
South Sudan,2024-12-16,Uror,percent_area_flooded,8.402562386,Unknown,2024,12,Dec,2024-12,2024-12
South Sudan,2024-12-16,Torit,percent_area_flooded,0.273068355,Unknown,2024,12,Dec,2024-12,2024-12
South Sudan,2024-12-16,Awerial,percent_area_flooded,4.631545777,Unknown,2024,12,Dec,2024-12,2024-12
South Sudan,2024-12-16,Rumbek Centre,percent_area_flooded,0.443655893,Unknown,2024,12,Dec,2024-12,2024-12
South Sudan,2024-12-16,Rumbek East,percent_area_flooded,3.036671611,Unknown,2024,12,Dec,2024-12,2024-12
South Sudan,2024-12-16,Rumbek North,percent_area_flooded,1.55845977,Unknown,2024,12,Dec,2024-12,2024-12
South Sudan,2024-12-16,Wulu,percent_area_flooded,0.182411004,Unknown,2024,12,Dec,2024-12,2024-12
South Sudan,2024-12-16,Yirol East,percent_area_flooded,6.108345678,Unknown,2024,12,Dec,2024-12,2024-12
South Sudan,2024-12-16,Yirol West,percent_area_flooded,2.954275825,Unknown,2024,12,Dec,2024-12,2024-12
South Sudan,2024-12-16,Aweil Centre,percent_area_flooded,0.12282233,Unknown,2024,12,Dec,2024-12,2024-12
South Sudan,2024-12-16,Aweil East,percent_area_flooded,2.140130074,Unknown,2024,12,Dec,2024-12,2024-12
South Sudan,2024-12-16,Aweil North,percent_area_flooded,0.00964524,Unknown,2024,12,Dec,2024-12,2024-12
South Sudan,2024-12-16,Aweil South,percent_area_flooded,5.767426963,Unknown,2024,12,Dec,2024-12,2024-12
South Sudan,2024-12-16,Aweil West,percent_area_flooded,0.033880743,Unknown,2024,12,Dec,2024-12,2024-12
South Sudan,2024-12-16,Cueibet,percent_area_flooded,1.357208273,Unknown,2024,12,Dec,2024-12,2024-12
South Sudan,2024-12-16,Pochalla,percent_area_flooded,1.732220559,Unknown,2024,12,Dec,2024-12,2024-12
South Sudan,2024-12-16,Magwi,percent_area_flooded,0.451801265,Unknown,2024,12,Dec,2024-12,2024-12
South Sudan,2024-12-16,Kapoeta North,percent_area_flooded,2.896775778,Unknown,2024,12,Dec,2024-12,2024-12
South Sudan,2024-12-16,Nyirol,percent_area_flooded,0.541668646,Unknown,2024,12,Dec,2024-12,2024-12
South Sudan,2024-12-16,Fangak,percent_area_flooded,17.23833265,Unknown,2024,12,Dec,2024-12,2024-12
South Sudan,2024-12-16,Duk,percent_area_flooded,14.23607904,Unknown,2024,12,Dec,2024-12,2024-12
South Sudan,2024-12-16,Canal/Pigi,percent_area_flooded,2.110834998,Unknown,2024,12,Dec,2024-12,2024-12
South Sudan,2024-12-16,Bor South,percent_area_flooded,12.48093313,Unknown,2024,12,Dec,2024-12,2024-12
South Sudan,2024-12-16,Ayod,percent_area_flooded,10.28824955,Unknown,2024,12,Dec,2024-12,2024-12
South Sudan,2024-12-16,Nagero,percent_area_flooded,0.293185557,Unknown,2024,12,Dec,2024-12,2024-12
South Sudan,2024-12-16,Akobo,percent_area_flooded,0.600175354,Unknown,2024,12,Dec,2024-12,2024-12
South Sudan,2024-12-16,Torit,percent_area_flooded,0.273068355,Unknown,2024,12,Dec,2024-12,2024-12
South Sudan,2024-12-16,Magwi,percent_area_flooded,0.451801265,Unknown,2024,12,Dec,2024-12,2024-12
South Sudan,2024-12-16,Lafon,percent_area_flooded,5.377765387,Unknown,2024,12,Dec,2024-12,2024-12
South Sudan,2024-12-16,Lafon,percent_area_flooded,5.377765387,Unknown,2024,12,Dec,2024-12,2024-12
South Sudan,2024-12-16,Kapoeta North,percent_area_flooded,2.896775778,Unknown,2024,12,Dec,2024-12,2024-12
South Sudan,2024-12-16,Ikotos,percent_area_flooded,0.245584594,Unknown,2024,12,Dec,2024-12,2024-12
South Sudan,2024-12-16,Budi,percent_area_flooded,0.842516868,Unknown,2024,12,Dec,2024-12,2024-12
South Sudan,2024-12-16,Yei,percent_area_flooded,0.016677292,Unknown,2024,12,Dec,2024-12,2024-12
South Sudan,2024-12-16,Terekeka,percent_area_flooded,4.632926757,Unknown,2024,12,Dec,2024-12,2024-12
South Sudan,2024-12-16,Juba,percent_area_flooded,1.218060365,Unknown,2024,12,Dec,2024-12,2024-12
South Sudan,2024-12-16,Juba,percent_area_flooded,1.218060365,Unknown,2024,12,Dec,2024-12,2024-12
South Sudan,2024-12-16,Terekeka,percent_area_flooded,4.632926757,Unknown,2024,12,Dec,2024-12,2024-12
South Sudan,2024-12-16,Yei,percent_area_flooded,0.016677292,Unknown,2024,12,Dec,2024-12,2024-12
South Sudan,2024-12-16,Budi,percent_area_flooded,0.842516868,Unknown,2024,12,Dec,2024-12,2024-12
South Sudan,2024-12-16,Ikotos,percent_area_flooded,0.245584594,Unknown,2024,12,Dec,2024-12,2024-12
South Sudan,2024-12-16,Kapoeta East,percent_area_flooded,0.407528763,Unknown,2024,12,Dec,2024-12,2024-12
South Sudan,2024-12-16,Kapoeta East,percent_area_flooded,0.407528763,Unknown,2024,12,Dec,2024-12,2024-12
South Sudan,2024-12-16,Nzara,percent_area_flooded,0.033318617,Unknown,2024,12,Dec,2024-12,2024-12
South Sudan,2024-12-16,Nzara,percent_area_flooded,0.033318617,Unknown,2024,12,Dec,2024-12,2024-12
South Sudan,2024-12-16,Yambio,percent_area_flooded,0.019147436,Unknown,2024,12,Dec,2024-12,2024-12
South Sudan,2024-12-16,Ayod,percent_area_flooded,10.28824955,Unknown,2024,12,Dec,2024-12,2024-12
South Sudan,2024-12-16,Bor South,percent_area_flooded,12.48093313,Unknown,2024,12,Dec,2024-12,2024-12
South Sudan,2024-12-16,Canal/Pigi,percent_area_flooded,2.110834998,Unknown,2024,12,Dec,2024-12,2024-12
South Sudan,2024-12-16,Duk,percent_area_flooded,14.23607904,Unknown,2024,12,Dec,2024-12,2024-12
South Sudan,2024-12-16,Fangak,percent_area_flooded,17.23833265,Unknown,2024,12,Dec,2024-12,2024-12
South Sudan,2024-12-16,Nyirol,percent_area_flooded,0.541668646,Unknown,2024,12,Dec,2024-12,2024-12
South Sudan,2024-12-16,Akobo,percent_area_flooded,0.600175354,Unknown,2024,12,Dec,2024-12,2024-12
South Sudan,2024-12-16,Pibor,percent_area_flooded,9.727540457,Unknown,2024,12,Dec,2024-12,2024-12
South Sudan,2024-12-16,Twic East,percent_area_flooded,12.32995235,Unknown,2024,12,Dec,2024-12,2024-12
South Sudan,2024-12-16,Uror,percent_area_flooded,8.402562386,Unknown,2024,12,Dec,2024-12,2024-12
South Sudan,2024-12-16,Awerial,percent_area_flooded,4.631545777,Unknown,2024,12,Dec,2024-12,2024-12
South Sudan,2024-12-16,Cueibet,percent_area_flooded,1.357208273,Unknown,2024,12,Dec,2024-12,2024-12
South Sudan,2024-12-16,Rumbek Centre,percent_area_flooded,0.443655893,Unknown,2024,12,Dec,2024-12,2024-12
South Sudan,2024-12-16,Rumbek East,percent_area_flooded,3.036671611,Unknown,2024,12,Dec,2024-12,2024-12
South Sudan,2024-12-16,Pochalla,percent_area_flooded,1.732220559,Unknown,2024,12,Dec,2024-12,2024-12
South Sudan,2024-12-16,Rumbek North,percent_area_flooded,1.55845977,Unknown,2024,12,Dec,2024-12,2024-12
South Sudan,2024-12-16,Torit,percent_area_flooded,0.273068355,Unknown,2024,12,Dec,2024-12,2024-12
South Sudan,2024-12-16,Lafon,percent_area_flooded,5.377765387,Unknown,2024,12,Dec,2024-12,2024-12
South Sudan,2024-12-16,Nagero,percent_area_flooded,0.293185557,Unknown,2024,12,Dec,2024-12,2024-12
South Sudan,2024-12-16,Mvolo,percent_area_flooded,0.069258023,Unknown,2024,12,Dec,2024-12,2024-12
South Sudan,2024-12-16,Mundri West,percent_area_flooded,0.002696031,Unknown,2024,12,Dec,2024-12,2024-12
South Sudan,2024-12-16,Mundri East,percent_area_flooded,0.147043041,Unknown,2024,12,Dec,2024-12,2024-12
South Sudan,2024-12-16,Maridi,percent_area_flooded,0.04560602,Unknown,2024,12,Dec,2024-12,2024-12
South Sudan,2024-12-16,Ibba,percent_area_flooded,0.007827097,Unknown,2024,12,Dec,2024-12,2024-12
South Sudan,2024-12-16,Magwi,percent_area_flooded,0.451801265,Unknown,2024,12,Dec,2024-12,2024-12
South Sudan,2024-12-16,Ezo,percent_area_flooded,0.280567776,Unknown,2024,12,Dec,2024-12,2024-12
South Sudan,2024-12-16,Terekeka,percent_area_flooded,4.632926757,Unknown,2024,12,Dec,2024-12,2024-12
South Sudan,2024-12-16,Yei,percent_area_flooded,0.016677292,Unknown,2024,12,Dec,2024-12,2024-12
South Sudan,2024-12-16,Budi,percent_area_flooded,0.842516868,Unknown,2024,12,Dec,2024-12,2024-12
South Sudan,2024-12-16,Ikotos,percent_area_flooded,0.245584594,Unknown,2024,12,Dec,2024-12,2024-12
South Sudan,2024-12-16,Kapoeta East,percent_area_flooded,0.407528763,Unknown,2024,12,Dec,2024-12,2024-12
South Sudan,2024-12-16,Kapoeta North,percent_area_flooded,2.896775778,Unknown,2024,12,Dec,2024-12,2024-12
South Sudan,2024-12-16,Juba,percent_area_flooded,1.218060365,Unknown,2024,12,Dec,2024-12,2024-12
South Sudan,2024-12-16,Wulu,percent_area_flooded,0.182411004,Unknown,2024,12,Dec,2024-12,2024-12
South Sudan,2024-12-16,Yirol East,percent_area_flooded,6.108345678,Unknown,2024,12,Dec,2024-12,2024-12
South Sudan,2024-12-16,Yirol West,percent_area_flooded,2.954275825,Unknown,2024,12,Dec,2024-12,2024-12
South Sudan,2024-12-16,Maiwut,percent_area_flooded,0.344899928,Unknown,2024,12,Dec,2024-12,2024-12
South Sudan,2024-12-16,Malakal,percent_area_flooded,8.340190272,Unknown,2024,12,Dec,2024-12,2024-12
South Sudan,2024-12-16,Manyo,percent_area_flooded,5.640463763,Unknown,2024,12,Dec,2024-12,2024-12
South Sudan,2024-12-16,Melut,percent_area_flooded,6.881458064,Unknown,2024,12,Dec,2024-12,2024-12
South Sudan,2024-12-16,Panyikang,percent_area_flooded,7.840554573,Unknown,2024,12,Dec,2024-12,2024-12
South Sudan,2024-12-16,Renk,percent_area_flooded,1.051791752,Unknown,2024,12,Dec,2024-12,2024-12
South Sudan,2024-12-16,Maban,percent_area_flooded,3.453637858,Unknown,2024,12,Dec,2024-12,2024-12
South Sudan,2024-12-16,Ulang,percent_area_flooded,3.207614283,Unknown,2024,12,Dec,2024-12,2024-12
South Sudan,2024-12-16,Gogrial West,percent_area_flooded,4.796859425,Unknown,2024,12,Dec,2024-12,2024-12
South Sudan,2024-12-16,Tonj East,percent_area_flooded,0.280646947,Unknown,2024,12,Dec,2024-12,2024-12
South Sudan,2024-12-16,Tonj North,percent_area_flooded,15.8976694,Unknown,2024,12,Dec,2024-12,2024-12
South Sudan,2024-12-16,Tonj South,percent_area_flooded,2.111081505,Unknown,2024,12,Dec,2024-12,2024-12
South Sudan,2024-12-16,Twic,percent_area_flooded,14.69822955,Unknown,2024,12,Dec,2024-12,2024-12
South Sudan,2024-12-16,Jur River,percent_area_flooded,0.296222081,Unknown,2024,12,Dec,2024-12,2024-12
South Sudan,2024-12-16,Gogrial East,percent_area_flooded,11.05912093,Unknown,2024,12,Dec,2024-12,2024-12
South Sudan,2024-12-16,Luakpiny/Nasir,percent_area_flooded,4.41461179,Unknown,2024,12,Dec,2024-12,2024-12
South Sudan,2024-12-16,Longochuk,percent_area_flooded,1.754785558,Unknown,2024,12,Dec,2024-12,2024-12
South Sudan,2024-12-16,Fashoda,percent_area_flooded,6.91669921,Unknown,2024,12,Dec,2024-12,2024-12
South Sudan,2024-12-16,Aweil Centre,percent_area_flooded,0.12282233,Unknown,2024,12,Dec,2024-12,2024-12
South Sudan,2024-12-16,Aweil East,percent_area_flooded,2.140130074,Unknown,2024,12,Dec,2024-12,2024-12
South Sudan,2024-12-16,Aweil North,percent_area_flooded,0.00964524,Unknown,2024,12,Dec,2024-12,2024-12
South Sudan,2024-12-16,Aweil South,percent_area_flooded,5.767426963,Unknown,2024,12,Dec,2024-12,2024-12
South Sudan,2024-12-16,Aweil West,percent_area_flooded,0.033880743,Unknown,2024,12,Dec,2024-12,2024-12
South Sudan,2024-12-16,Abiemnhom,percent_area_flooded,0.474448606,Unknown,2024,12,Dec,2024-12,2024-12
South Sudan,2024-12-16,Guit,percent_area_flooded,19.70058318,Unknown,2024,12,Dec,2024-12,2024-12
South Sudan,2024-12-16,Koch,percent_area_flooded,4.162991686,Unknown,2024,12,Dec,2024-12,2024-12
South Sudan,2024-12-16,Leer,percent_area_flooded,6.203847339,Unknown,2024,12,Dec,2024-12,2024-12
South Sudan,2024-12-16,Mayendit,percent_area_flooded,19.63717646,Unknown,2024,12,Dec,2024-12,2024-12
South Sudan,2024-12-16,Mayom,percent_area_flooded,16.68703359,Unknown,2024,12,Dec,2024-12,2024-12
South Sudan,2024-12-16,Panyijiar,percent_area_flooded,8.621760727,Unknown,2024,12,Dec,2024-12,2024-12
South Sudan,2024-12-16,Pariang,percent_area_flooded,7.585826432,Unknown,2024,12,Dec,2024-12,2024-12
South Sudan,2024-12-16,Rubkona,percent_area_flooded,43.33967765,Unknown,2024,12,Dec,2024-12,2024-12
South Sudan,2024-12-16,Baliet,percent_area_flooded,6.833864403,Unknown,2024,12,Dec,2024-12,2024-12
South Sudan,2024-12-16,Tambura,percent_area_flooded,0.180002899,Unknown,2024,12,Dec,2024-12,2024-12
South Sudan,2024-12-16,Tambura,percent_area_flooded,0.180002899,Unknown,2024,12,Dec,2024-12,2024-12
South Sudan,2024-12-16,Yambio,percent_area_flooded,0.019147436,Unknown,2024,12,Dec,2024-12,2024-12
South Sudan,2024-12-16,Yambio,percent_area_flooded,0.019147436,Unknown,2024,12,Dec,2024-12,2024-12
South Sudan,2024-12-16,Tambura,percent_area_flooded,0.180002899,Unknown,2024,12,Dec,2024-12,2024-12
South Sudan,2025-01-01,Yei,percent_area_flooded,0.003251049,Unknown,2025,1,Jan,2025-01,2025-01
South Sudan,2025-01-01,Aweil West,percent_area_flooded,0.007706313,Unknown,2025,1,Jan,2025-01,2025-01
South Sudan,2025-01-01,Aweil South,percent_area_flooded,2.35895018,Unknown,2025,1,Jan,2025-01,2025-01
South Sudan,2025-01-01,Aweil East,percent_area_flooded,0.838041243,Unknown,2025,1,Jan,2025-01,2025-01
South Sudan,2025-01-01,Aweil Centre,percent_area_flooded,0.135684677,Unknown,2025,1,Jan,2025-01,2025-01
South Sudan,2025-01-01,Yirol West,percent_area_flooded,2.685132414,Unknown,2025,1,Jan,2025-01,2025-01
South Sudan,2025-01-01,Yirol East,percent_area_flooded,5.952616347,Unknown,2025,1,Jan,2025-01,2025-01
South Sudan,2025-01-01,Wulu,percent_area_flooded,0.444642461,Unknown,2025,1,Jan,2025-01,2025-01
South Sudan,2025-01-01,Rumbek North,percent_area_flooded,7.709971467,Unknown,2025,1,Jan,2025-01,2025-01
South Sudan,2025-01-01,Rumbek East,percent_area_flooded,1.324117195,Unknown,2025,1,Jan,2025-01,2025-01
South Sudan,2025-01-01,Rumbek Centre,percent_area_flooded,1.392807511,Unknown,2025,1,Jan,2025-01,2025-01
South Sudan,2025-01-01,Cueibet,percent_area_flooded,1.964011778,Unknown,2025,1,Jan,2025-01,2025-01
South Sudan,2025-01-01,Awerial,percent_area_flooded,4.446580588,Unknown,2025,1,Jan,2025-01,2025-01
South Sudan,2025-01-01,Uror,percent_area_flooded,21.17259307,Unknown,2025,1,Jan,2025-01,2025-01
South Sudan,2025-01-01,Twic East,percent_area_flooded,21.82137004,Unknown,2025,1,Jan,2025-01,2025-01
South Sudan,2025-01-01,Pochalla,percent_area_flooded,6.972680029,Unknown,2025,1,Jan,2025-01,2025-01
South Sudan,2025-01-01,Pibor,percent_area_flooded,8.139124285,Unknown,2025,1,Jan,2025-01,2025-01
South Sudan,2025-01-01,Abiemnhom,percent_area_flooded,0.626630234,Unknown,2025,1,Jan,2025-01,2025-01
South Sudan,2025-01-01,Budi,percent_area_flooded,0.351063192,Unknown,2025,1,Jan,2025-01,2025-01
South Sudan,2025-01-01,Ikotos,percent_area_flooded,0.237607369,Unknown,2025,1,Jan,2025-01,2025-01
South Sudan,2025-01-01,Kapoeta East,percent_area_flooded,0.613417606,Unknown,2025,1,Jan,2025-01,2025-01
South Sudan,2025-01-01,Kapoeta North,percent_area_flooded,6.035809103,Unknown,2025,1,Jan,2025-01,2025-01
South Sudan,2025-01-01,Kapoeta South,percent_area_flooded,0.655344071,Unknown,2025,1,Jan,2025-01,2025-01
South Sudan,2025-01-01,Lafon,percent_area_flooded,11.17352591,Unknown,2025,1,Jan,2025-01,2025-01
South Sudan,2025-01-01,Terekeka,percent_area_flooded,4.394369198,Unknown,2025,1,Jan,2025-01,2025-01
South Sudan,2025-01-01,Magwi,percent_area_flooded,0.922403582,Unknown,2025,1,Jan,2025-01,2025-01
South Sudan,2025-01-01,Akobo,percent_area_flooded,4.665048928,Unknown,2025,1,Jan,2025-01,2025-01
South Sudan,2025-01-01,Ayod,percent_area_flooded,11.07996289,Unknown,2025,1,Jan,2025-01,2025-01
South Sudan,2025-01-01,Bor South,percent_area_flooded,20.63484194,Unknown,2025,1,Jan,2025-01,2025-01
South Sudan,2025-01-01,Canal/Pigi,percent_area_flooded,2.178477213,Unknown,2025,1,Jan,2025-01,2025-01
South Sudan,2025-01-01,Duk,percent_area_flooded,15.72494649,Unknown,2025,1,Jan,2025-01,2025-01
South Sudan,2025-01-01,Fangak,percent_area_flooded,18.28809058,Unknown,2025,1,Jan,2025-01,2025-01
South Sudan,2025-01-01,Torit,percent_area_flooded,0.991026565,Unknown,2025,1,Jan,2025-01,2025-01
South Sudan,2025-01-01,Nyirol,percent_area_flooded,0.984757087,Unknown,2025,1,Jan,2025-01,2025-01
South Sudan,2025-01-01,Nzara,percent_area_flooded,0.136805936,Unknown,2025,1,Jan,2025-01,2025-01
South Sudan,2025-01-01,Leer,percent_area_flooded,6.107971364,Unknown,2025,1,Jan,2025-01,2025-01
South Sudan,2025-01-01,Tonj East,percent_area_flooded,2.061495603,Unknown,2025,1,Jan,2025-01,2025-01
South Sudan,2025-01-01,Tonj North,percent_area_flooded,12.80765767,Unknown,2025,1,Jan,2025-01,2025-01
South Sudan,2025-01-01,Tonj South,percent_area_flooded,1.193558771,Unknown,2025,1,Jan,2025-01,2025-01
South Sudan,2025-01-01,Twic,percent_area_flooded,19.15832383,Unknown,2025,1,Jan,2025-01,2025-01
South Sudan,2025-01-01,Jur River,percent_area_flooded,0.319005835,Unknown,2025,1,Jan,2025-01,2025-01
South Sudan,2025-01-01,Raja,percent_area_flooded,0.0197448,Unknown,2025,1,Jan,2025-01,2025-01
South Sudan,2025-01-01,Gogrial West,percent_area_flooded,1.515029613,Unknown,2025,1,Jan,2025-01,2025-01
South Sudan,2025-01-01,Wau,percent_area_flooded,0.024919418,Unknown,2025,1,Jan,2025-01,2025-01
South Sudan,2025-01-01,Ibba,percent_area_flooded,0.040680309,Unknown,2025,1,Jan,2025-01,2025-01
South Sudan,2025-01-01,Maridi,percent_area_flooded,0.003607256,Unknown,2025,1,Jan,2025-01,2025-01
South Sudan,2025-01-01,Mundri East,percent_area_flooded,0.072839864,Unknown,2025,1,Jan,2025-01,2025-01
South Sudan,2025-01-01,Mundri West,percent_area_flooded,0.003811691,Unknown,2025,1,Jan,2025-01,2025-01
South Sudan,2025-01-01,Mvolo,percent_area_flooded,0.092805751,Unknown,2025,1,Jan,2025-01,2025-01
South Sudan,2025-01-01,Nagero,percent_area_flooded,0.798949765,Unknown,2025,1,Jan,2025-01,2025-01
South Sudan,2025-01-01,Ezo,percent_area_flooded,0.190271509,Unknown,2025,1,Jan,2025-01,2025-01
South Sudan,2025-01-01,Gogrial East,percent_area_flooded,6.94467234,Unknown,2025,1,Jan,2025-01,2025-01
South Sudan,2025-01-01,Ulang,percent_area_flooded,2.984504837,Unknown,2025,1,Jan,2025-01,2025-01
South Sudan,2025-01-01,Renk,percent_area_flooded,0.912927234,Unknown,2025,1,Jan,2025-01,2025-01
South Sudan,2025-01-01,Mayendit,percent_area_flooded,18.96356666,Unknown,2025,1,Jan,2025-01,2025-01
South Sudan,2025-01-01,Mayom,percent_area_flooded,19.83565528,Unknown,2025,1,Jan,2025-01,2025-01
South Sudan,2025-01-01,Panyijiar,percent_area_flooded,7.994848027,Unknown,2025,1,Jan,2025-01,2025-01
South Sudan,2025-01-01,Pariang,percent_area_flooded,7.959314723,Unknown,2025,1,Jan,2025-01,2025-01
South Sudan,2025-01-01,Rubkona,percent_area_flooded,44.60131979,Unknown,2025,1,Jan,2025-01,2025-01
South Sudan,2025-01-01,Baliet,percent_area_flooded,9.360130057,Unknown,2025,1,Jan,2025-01,2025-01
South Sudan,2025-01-01,Fashoda,percent_area_flooded,5.156421449,Unknown,2025,1,Jan,2025-01,2025-01
South Sudan,2025-01-01,Longochuk,percent_area_flooded,2.055885016,Unknown,2025,1,Jan,2025-01,2025-01
South Sudan,2025-01-01,Luakpiny/Nasir,percent_area_flooded,3.773890985,Unknown,2025,1,Jan,2025-01,2025-01
South Sudan,2025-01-01,Maban,percent_area_flooded,3.335234988,Unknown,2025,1,Jan,2025-01,2025-01
South Sudan,2025-01-01,Maiwut,percent_area_flooded,0.795702377,Unknown,2025,1,Jan,2025-01,2025-01
South Sudan,2025-01-01,Malakal,percent_area_flooded,5.05084519,Unknown,2025,1,Jan,2025-01,2025-01
South Sudan,2025-01-01,Manyo,percent_area_flooded,4.46244119,Unknown,2025,1,Jan,2025-01,2025-01
South Sudan,2025-01-01,Melut,percent_area_flooded,6.414949561,Unknown,2025,1,Jan,2025-01,2025-01
South Sudan,2025-01-01,Panyikang,percent_area_flooded,5.332275293,Unknown,2025,1,Jan,2025-01,2025-01
South Sudan,2025-01-01,Koch,percent_area_flooded,4.155170714,Unknown,2025,1,Jan,2025-01,2025-01
South Sudan,2025-01-01,Guit,percent_area_flooded,21.50605349,Unknown,2025,1,Jan,2025-01,2025-01
South Sudan,2025-01-01,Tambura,percent_area_flooded,0.039269033,Unknown,2025,1,Jan,2025-01,2025-01
South Sudan,2025-01-01,Juba,percent_area_flooded,2.035724554,Unknown,2025,1,Jan,2025-01,2025-01
South Sudan,2025-01-01,Melut,percent_area_flooded,6.414949561,Unknown,2025,1,Jan,2025-01,2025-01
South Sudan,2025-01-01,Manyo,percent_area_flooded,4.46244119,Unknown,2025,1,Jan,2025-01,2025-01
South Sudan,2025-01-01,Malakal,percent_area_flooded,5.05084519,Unknown,2025,1,Jan,2025-01,2025-01
South Sudan,2025-01-01,Maiwut,percent_area_flooded,0.795702377,Unknown,2025,1,Jan,2025-01,2025-01
South Sudan,2025-01-01,Maban,percent_area_flooded,3.335234988,Unknown,2025,1,Jan,2025-01,2025-01
South Sudan,2025-01-01,Luakpiny/Nasir,percent_area_flooded,3.773890985,Unknown,2025,1,Jan,2025-01,2025-01
South Sudan,2025-01-01,Panyikang,percent_area_flooded,5.332275293,Unknown,2025,1,Jan,2025-01,2025-01
South Sudan,2025-01-01,Longochuk,percent_area_flooded,2.055885016,Unknown,2025,1,Jan,2025-01,2025-01
South Sudan,2025-01-01,Baliet,percent_area_flooded,9.360130057,Unknown,2025,1,Jan,2025-01,2025-01
South Sudan,2025-01-01,Rubkona,percent_area_flooded,44.60131979,Unknown,2025,1,Jan,2025-01,2025-01
South Sudan,2025-01-01,Pariang,percent_area_flooded,7.959314723,Unknown,2025,1,Jan,2025-01,2025-01
South Sudan,2025-01-01,Panyijiar,percent_area_flooded,7.994848027,Unknown,2025,1,Jan,2025-01,2025-01
South Sudan,2025-01-01,Mayom,percent_area_flooded,19.83565528,Unknown,2025,1,Jan,2025-01,2025-01
South Sudan,2025-01-01,Mayendit,percent_area_flooded,18.96356666,Unknown,2025,1,Jan,2025-01,2025-01
South Sudan,2025-01-01,Fashoda,percent_area_flooded,5.156421449,Unknown,2025,1,Jan,2025-01,2025-01
South Sudan,2025-01-01,Renk,percent_area_flooded,0.912927234,Unknown,2025,1,Jan,2025-01,2025-01
South Sudan,2025-01-01,Ulang,percent_area_flooded,2.984504837,Unknown,2025,1,Jan,2025-01,2025-01
South Sudan,2025-01-01,Gogrial East,percent_area_flooded,6.94467234,Unknown,2025,1,Jan,2025-01,2025-01
South Sudan,2025-01-01,Nagero,percent_area_flooded,0.798949765,Unknown,2025,1,Jan,2025-01,2025-01
South Sudan,2025-01-01,Mvolo,percent_area_flooded,0.092805751,Unknown,2025,1,Jan,2025-01,2025-01
South Sudan,2025-01-01,Mundri West,percent_area_flooded,0.003811691,Unknown,2025,1,Jan,2025-01,2025-01
South Sudan,2025-01-01,Mundri East,percent_area_flooded,0.072839864,Unknown,2025,1,Jan,2025-01,2025-01
South Sudan,2025-01-01,Maridi,percent_area_flooded,0.003607256,Unknown,2025,1,Jan,2025-01,2025-01
South Sudan,2025-01-01,Ibba,percent_area_flooded,0.040680309,Unknown,2025,1,Jan,2025-01,2025-01
South Sudan,2025-01-01,Ezo,percent_area_flooded,0.190271509,Unknown,2025,1,Jan,2025-01,2025-01
South Sudan,2025-01-01,Wau,percent_area_flooded,0.024919418,Unknown,2025,1,Jan,2025-01,2025-01
South Sudan,2025-01-01,Raja,percent_area_flooded,0.0197448,Unknown,2025,1,Jan,2025-01,2025-01
South Sudan,2025-01-01,Jur River,percent_area_flooded,0.319005835,Unknown,2025,1,Jan,2025-01,2025-01
South Sudan,2025-01-01,Twic,percent_area_flooded,19.15832383,Unknown,2025,1,Jan,2025-01,2025-01
South Sudan,2025-01-01,Tonj South,percent_area_flooded,1.193558771,Unknown,2025,1,Jan,2025-01,2025-01
South Sudan,2025-01-01,Tonj North,percent_area_flooded,12.80765767,Unknown,2025,1,Jan,2025-01,2025-01
South Sudan,2025-01-01,Tonj East,percent_area_flooded,2.061495603,Unknown,2025,1,Jan,2025-01,2025-01
South Sudan,2025-01-01,Gogrial West,percent_area_flooded,1.515029613,Unknown,2025,1,Jan,2025-01,2025-01
South Sudan,2025-01-01,Leer,percent_area_flooded,6.107971364,Unknown,2025,1,Jan,2025-01,2025-01
South Sudan,2025-01-01,Koch,percent_area_flooded,4.155170714,Unknown,2025,1,Jan,2025-01,2025-01
South Sudan,2025-01-01,Guit,percent_area_flooded,21.50605349,Unknown,2025,1,Jan,2025-01,2025-01
South Sudan,2025-01-01,Abiemnhom,percent_area_flooded,0.626630234,Unknown,2025,1,Jan,2025-01,2025-01
South Sudan,2025-01-01,Canal/Pigi,percent_area_flooded,2.178477213,Unknown,2025,1,Jan,2025-01,2025-01
South Sudan,2025-01-01,Bor South,percent_area_flooded,20.63484194,Unknown,2025,1,Jan,2025-01,2025-01
South Sudan,2025-01-01,Ayod,percent_area_flooded,11.07996289,Unknown,2025,1,Jan,2025-01,2025-01
South Sudan,2025-01-01,Akobo,percent_area_flooded,4.665048928,Unknown,2025,1,Jan,2025-01,2025-01
South Sudan,2025-01-01,Torit,percent_area_flooded,0.991026565,Unknown,2025,1,Jan,2025-01,2025-01
South Sudan,2025-01-01,Magwi,percent_area_flooded,0.922403582,Unknown,2025,1,Jan,2025-01,2025-01
South Sudan,2025-01-01,Lafon,percent_area_flooded,11.17352591,Unknown,2025,1,Jan,2025-01,2025-01
South Sudan,2025-01-01,Kapoeta South,percent_area_flooded,0.655344071,Unknown,2025,1,Jan,2025-01,2025-01
South Sudan,2025-01-01,Kapoeta North,percent_area_flooded,6.035809103,Unknown,2025,1,Jan,2025-01,2025-01
South Sudan,2025-01-01,Kapoeta East,percent_area_flooded,0.613417606,Unknown,2025,1,Jan,2025-01,2025-01
South Sudan,2025-01-01,Ikotos,percent_area_flooded,0.237607369,Unknown,2025,1,Jan,2025-01,2025-01
South Sudan,2025-01-01,Budi,percent_area_flooded,0.351063192,Unknown,2025,1,Jan,2025-01,2025-01
South Sudan,2025-01-01,Yei,percent_area_flooded,0.003251049,Unknown,2025,1,Jan,2025-01,2025-01
South Sudan,2025-01-01,Terekeka,percent_area_flooded,4.394369198,Unknown,2025,1,Jan,2025-01,2025-01
South Sudan,2025-01-01,Juba,percent_area_flooded,2.035724554,Unknown,2025,1,Jan,2025-01,2025-01
South Sudan,2025-01-01,Duk,percent_area_flooded,15.72494649,Unknown,2025,1,Jan,2025-01,2025-01
South Sudan,2025-01-01,Nzara,percent_area_flooded,0.136805936,Unknown,2025,1,Jan,2025-01,2025-01
South Sudan,2025-01-01,Fangak,percent_area_flooded,18.28809058,Unknown,2025,1,Jan,2025-01,2025-01
South Sudan,2025-01-01,Pibor,percent_area_flooded,8.139124285,Unknown,2025,1,Jan,2025-01,2025-01
South Sudan,2025-01-01,Aweil West,percent_area_flooded,0.007706313,Unknown,2025,1,Jan,2025-01,2025-01
South Sudan,2025-01-01,Aweil South,percent_area_flooded,2.35895018,Unknown,2025,1,Jan,2025-01,2025-01
South Sudan,2025-01-01,Aweil East,percent_area_flooded,0.838041243,Unknown,2025,1,Jan,2025-01,2025-01
South Sudan,2025-01-01,Aweil Centre,percent_area_flooded,0.135684677,Unknown,2025,1,Jan,2025-01,2025-01
South Sudan,2025-01-01,Yirol West,percent_area_flooded,2.685132414,Unknown,2025,1,Jan,2025-01,2025-01
South Sudan,2025-01-01,Yirol East,percent_area_flooded,5.952616347,Unknown,2025,1,Jan,2025-01,2025-01
South Sudan,2025-01-01,Wulu,percent_area_flooded,0.444642461,Unknown,2025,1,Jan,2025-01,2025-01
South Sudan,2025-01-01,Rumbek North,percent_area_flooded,7.709971467,Unknown,2025,1,Jan,2025-01,2025-01
South Sudan,2025-01-01,Rumbek East,percent_area_flooded,1.324117195,Unknown,2025,1,Jan,2025-01,2025-01
South Sudan,2025-01-01,Rumbek Centre,percent_area_flooded,1.392807511,Unknown,2025,1,Jan,2025-01,2025-01
South Sudan,2025-01-01,Cueibet,percent_area_flooded,1.964011778,Unknown,2025,1,Jan,2025-01,2025-01
South Sudan,2025-01-01,Awerial,percent_area_flooded,4.446580588,Unknown,2025,1,Jan,2025-01,2025-01
South Sudan,2025-01-01,Uror,percent_area_flooded,21.17259307,Unknown,2025,1,Jan,2025-01,2025-01
South Sudan,2025-01-01,Twic East,percent_area_flooded,21.82137004,Unknown,2025,1,Jan,2025-01,2025-01
South Sudan,2025-01-01,Pochalla,percent_area_flooded,6.972680029,Unknown,2025,1,Jan,2025-01,2025-01
South Sudan,2025-01-01,Nyirol,percent_area_flooded,0.984757087,Unknown,2025,1,Jan,2025-01,2025-01
South Sudan,2025-01-01,Juba,percent_area_flooded,2.035724554,Unknown,2025,1,Jan,2025-01,2025-01
South Sudan,2025-01-01,Tambura,percent_area_flooded,0.039269033,Unknown,2025,1,Jan,2025-01,2025-01
South Sudan,2025-01-01,Yambio,percent_area_flooded,0.19271331,Unknown,2025,1,Jan,2025-01,2025-01
South Sudan,2025-01-01,Twic East,percent_area_flooded,21.82137004,Unknown,2025,1,Jan,2025-01,2025-01
South Sudan,2025-01-01,Uror,percent_area_flooded,21.17259307,Unknown,2025,1,Jan,2025-01,2025-01
South Sudan,2025-01-01,Awerial,percent_area_flooded,4.446580588,Unknown,2025,1,Jan,2025-01,2025-01
South Sudan,2025-01-01,Cueibet,percent_area_flooded,1.964011778,Unknown,2025,1,Jan,2025-01,2025-01
South Sudan,2025-01-01,Rumbek Centre,percent_area_flooded,1.392807511,Unknown,2025,1,Jan,2025-01,2025-01
South Sudan,2025-01-01,Rumbek East,percent_area_flooded,1.324117195,Unknown,2025,1,Jan,2025-01,2025-01
South Sudan,2025-01-01,Pochalla,percent_area_flooded,6.972680029,Unknown,2025,1,Jan,2025-01,2025-01
South Sudan,2025-01-01,Rumbek North,percent_area_flooded,7.709971467,Unknown,2025,1,Jan,2025-01,2025-01
South Sudan,2025-01-01,Yirol East,percent_area_flooded,5.952616347,Unknown,2025,1,Jan,2025-01,2025-01
South Sudan,2025-01-01,Yirol West,percent_area_flooded,2.685132414,Unknown,2025,1,Jan,2025-01,2025-01
South Sudan,2025-01-01,Aweil Centre,percent_area_flooded,0.135684677,Unknown,2025,1,Jan,2025-01,2025-01
South Sudan,2025-01-01,Aweil East,percent_area_flooded,0.838041243,Unknown,2025,1,Jan,2025-01,2025-01
South Sudan,2025-01-01,Aweil South,percent_area_flooded,2.35895018,Unknown,2025,1,Jan,2025-01,2025-01
South Sudan,2025-01-01,Aweil West,percent_area_flooded,0.007706313,Unknown,2025,1,Jan,2025-01,2025-01
South Sudan,2025-01-01,Wulu,percent_area_flooded,0.444642461,Unknown,2025,1,Jan,2025-01,2025-01
South Sudan,2025-01-01,Pibor,percent_area_flooded,8.139124285,Unknown,2025,1,Jan,2025-01,2025-01
South Sudan,2025-01-01,Nyirol,percent_area_flooded,0.984757087,Unknown,2025,1,Jan,2025-01,2025-01
South Sudan,2025-01-01,Fangak,percent_area_flooded,18.28809058,Unknown,2025,1,Jan,2025-01,2025-01
South Sudan,2025-01-01,Terekeka,percent_area_flooded,4.394369198,Unknown,2025,1,Jan,2025-01,2025-01
South Sudan,2025-01-01,Yei,percent_area_flooded,0.003251049,Unknown,2025,1,Jan,2025-01,2025-01
South Sudan,2025-01-01,Budi,percent_area_flooded,0.351063192,Unknown,2025,1,Jan,2025-01,2025-01
South Sudan,2025-01-01,Ikotos,percent_area_flooded,0.237607369,Unknown,2025,1,Jan,2025-01,2025-01
South Sudan,2025-01-01,Kapoeta East,percent_area_flooded,0.613417606,Unknown,2025,1,Jan,2025-01,2025-01
South Sudan,2025-01-01,Kapoeta North,percent_area_flooded,6.035809103,Unknown,2025,1,Jan,2025-01,2025-01
South Sudan,2025-01-01,Kapoeta South,percent_area_flooded,0.655344071,Unknown,2025,1,Jan,2025-01,2025-01
South Sudan,2025-01-01,Lafon,percent_area_flooded,11.17352591,Unknown,2025,1,Jan,2025-01,2025-01
South Sudan,2025-01-01,Magwi,percent_area_flooded,0.922403582,Unknown,2025,1,Jan,2025-01,2025-01
South Sudan,2025-01-01,Torit,percent_area_flooded,0.991026565,Unknown,2025,1,Jan,2025-01,2025-01
South Sudan,2025-01-01,Akobo,percent_area_flooded,4.665048928,Unknown,2025,1,Jan,2025-01,2025-01
South Sudan,2025-01-01,Ayod,percent_area_flooded,11.07996289,Unknown,2025,1,Jan,2025-01,2025-01
South Sudan,2025-01-01,Bor South,percent_area_flooded,20.63484194,Unknown,2025,1,Jan,2025-01,2025-01
South Sudan,2025-01-01,Canal/Pigi,percent_area_flooded,2.178477213,Unknown,2025,1,Jan,2025-01,2025-01
South Sudan,2025-01-01,Duk,percent_area_flooded,15.72494649,Unknown,2025,1,Jan,2025-01,2025-01
South Sudan,2025-01-01,Abiemnhom,percent_area_flooded,0.626630234,Unknown,2025,1,Jan,2025-01,2025-01
South Sudan,2025-01-01,Guit,percent_area_flooded,21.50605349,Unknown,2025,1,Jan,2025-01,2025-01
South Sudan,2025-01-01,Koch,percent_area_flooded,4.155170714,Unknown,2025,1,Jan,2025-01,2025-01
South Sudan,2025-01-01,Leer,percent_area_flooded,6.107971364,Unknown,2025,1,Jan,2025-01,2025-01
South Sudan,2025-01-01,Tonj East,percent_area_flooded,2.061495603,Unknown,2025,1,Jan,2025-01,2025-01
South Sudan,2025-01-01,Tonj North,percent_area_flooded,12.80765767,Unknown,2025,1,Jan,2025-01,2025-01
South Sudan,2025-01-01,Tonj South,percent_area_flooded,1.193558771,Unknown,2025,1,Jan,2025-01,2025-01
South Sudan,2025-01-01,Twic,percent_area_flooded,19.15832383,Unknown,2025,1,Jan,2025-01,2025-01
South Sudan,2025-01-01,Jur River,percent_area_flooded,0.319005835,Unknown,2025,1,Jan,2025-01,2025-01
South Sudan,2025-01-01,Raja,percent_area_flooded,0.0197448,Unknown,2025,1,Jan,2025-01,2025-01
South Sudan,2025-01-01,Wau,percent_area_flooded,0.024919418,Unknown,2025,1,Jan,2025-01,2025-01
South Sudan,2025-01-01,Ezo,percent_area_flooded,0.190271509,Unknown,2025,1,Jan,2025-01,2025-01
South Sudan,2025-01-01,Ibba,percent_area_flooded,0.040680309,Unknown,2025,1,Jan,2025-01,2025-01
South Sudan,2025-01-01,Maridi,percent_area_flooded,0.003607256,Unknown,2025,1,Jan,2025-01,2025-01
South Sudan,2025-01-01,Mundri East,percent_area_flooded,0.072839864,Unknown,2025,1,Jan,2025-01,2025-01
South Sudan,2025-01-01,Mundri West,percent_area_flooded,0.003811691,Unknown,2025,1,Jan,2025-01,2025-01
South Sudan,2025-01-01,Mvolo,percent_area_flooded,0.092805751,Unknown,2025,1,Jan,2025-01,2025-01
South Sudan,2025-01-01,Nagero,percent_area_flooded,0.798949765,Unknown,2025,1,Jan,2025-01,2025-01
South Sudan,2025-01-01,Tambura,percent_area_flooded,0.039269033,Unknown,2025,1,Jan,2025-01,2025-01
South Sudan,2025-01-01,Gogrial West,percent_area_flooded,1.515029613,Unknown,2025,1,Jan,2025-01,2025-01
South Sudan,2025-01-01,Yambio,percent_area_flooded,0.19271331,Unknown,2025,1,Jan,2025-01,2025-01
South Sudan,2025-01-01,Gogrial East,percent_area_flooded,6.94467234,Unknown,2025,1,Jan,2025-01,2025-01
South Sudan,2025-01-01,Renk,percent_area_flooded,0.912927234,Unknown,2025,1,Jan,2025-01,2025-01
South Sudan,2025-01-01,Mayendit,percent_area_flooded,18.96356666,Unknown,2025,1,Jan,2025-01,2025-01
South Sudan,2025-01-01,Mayom,percent_area_flooded,19.83565528,Unknown,2025,1,Jan,2025-01,2025-01
South Sudan,2025-01-01,Panyijiar,percent_area_flooded,7.994848027,Unknown,2025,1,Jan,2025-01,2025-01
South Sudan,2025-01-01,Pariang,percent_area_flooded,7.959314723,Unknown,2025,1,Jan,2025-01,2025-01
South Sudan,2025-01-01,Rubkona,percent_area_flooded,44.60131979,Unknown,2025,1,Jan,2025-01,2025-01
South Sudan,2025-01-01,Baliet,percent_area_flooded,9.360130057,Unknown,2025,1,Jan,2025-01,2025-01
South Sudan,2025-01-01,Fashoda,percent_area_flooded,5.156421449,Unknown,2025,1,Jan,2025-01,2025-01
South Sudan,2025-01-01,Longochuk,percent_area_flooded,2.055885016,Unknown,2025,1,Jan,2025-01,2025-01
South Sudan,2025-01-01,Luakpiny/Nasir,percent_area_flooded,3.773890985,Unknown,2025,1,Jan,2025-01,2025-01
South Sudan,2025-01-01,Maban,percent_area_flooded,3.335234988,Unknown,2025,1,Jan,2025-01,2025-01
South Sudan,2025-01-01,Maiwut,percent_area_flooded,0.795702377,Unknown,2025,1,Jan,2025-01,2025-01
South Sudan,2025-01-01,Malakal,percent_area_flooded,5.05084519,Unknown,2025,1,Jan,2025-01,2025-01
South Sudan,2025-01-01,Manyo,percent_area_flooded,4.46244119,Unknown,2025,1,Jan,2025-01,2025-01
South Sudan,2025-01-01,Melut,percent_area_flooded,6.414949561,Unknown,2025,1,Jan,2025-01,2025-01
South Sudan,2025-01-01,Panyikang,percent_area_flooded,5.332275293,Unknown,2025,1,Jan,2025-01,2025-01
South Sudan,2025-01-01,Ulang,percent_area_flooded,2.984504837,Unknown,2025,1,Jan,2025-01,2025-01
South Sudan,2025-01-01,Yambio,percent_area_flooded,0.19271331,Unknown,2025,1,Jan,2025-01,2025-01
South Sudan,2025-01-01,Nzara,percent_area_flooded,0.136805936,Unknown,2025,1,Jan,2025-01,2025-01
South Sudan,2025-01-02,Twic,percent_area_flooded,9.356175524,Unknown,2025,1,Jan,2025-01,2025-01
South Sudan,2025-01-02,Nagero,percent_area_flooded,0.02685002,Unknown,2025,1,Jan,2025-01,2025-01
South Sudan,2025-01-02,Nzara,percent_area_flooded,0.004913344,Unknown,2025,1,Jan,2025-01,2025-01
South Sudan,2025-01-02,Tambura,percent_area_flooded,0.010233748,Unknown,2025,1,Jan,2025-01,2025-01
South Sudan,2025-01-02,Yambio,percent_area_flooded,0.004505279,Unknown,2025,1,Jan,2025-01,2025-01
South Sudan,2025-01-02,Tambura,percent_area_flooded,0.010233748,Unknown,2025,1,Jan,2025-01,2025-01
South Sudan,2025-01-02,Morobo,percent_area_flooded,0.02126028,Unknown,2025,1,Jan,2025-01,2025-01
South Sudan,2025-01-02,Yambio,percent_area_flooded,0.004505279,Unknown,2025,1,Jan,2025-01,2025-01
South Sudan,2025-01-02,Tambura,percent_area_flooded,0.010233748,Unknown,2025,1,Jan,2025-01,2025-01
South Sudan,2025-01-02,Nzara,percent_area_flooded,0.004913344,Unknown,2025,1,Jan,2025-01,2025-01
South Sudan,2025-01-02,Nagero,percent_area_flooded,0.02685002,Unknown,2025,1,Jan,2025-01,2025-01
South Sudan,2025-01-02,Mvolo,percent_area_flooded,0.118084929,Unknown,2025,1,Jan,2025-01,2025-01
South Sudan,2025-01-02,Mundri West,percent_area_flooded,0.028813836,Unknown,2025,1,Jan,2025-01,2025-01
South Sudan,2025-01-02,Mundri East,percent_area_flooded,0.028629572,Unknown,2025,1,Jan,2025-01,2025-01
South Sudan,2025-01-02,Ibba,percent_area_flooded,0.007827097,Unknown,2025,1,Jan,2025-01,2025-01
South Sudan,2025-01-02,Ezo,percent_area_flooded,0.018867877,Unknown,2025,1,Jan,2025-01,2025-01
South Sudan,2025-01-02,Wau,percent_area_flooded,0.006833572,Unknown,2025,1,Jan,2025-01,2025-01
South Sudan,2025-01-02,Raja,percent_area_flooded,0.034189443,Unknown,2025,1,Jan,2025-01,2025-01
South Sudan,2025-01-02,Jur River,percent_area_flooded,0.752319805,Unknown,2025,1,Jan,2025-01,2025-01
South Sudan,2025-01-02,Twic,percent_area_flooded,9.356175524,Unknown,2025,1,Jan,2025-01,2025-01
South Sudan,2025-01-02,Tonj South,percent_area_flooded,0.27620869,Unknown,2025,1,Jan,2025-01,2025-01
South Sudan,2025-01-02,Tonj North,percent_area_flooded,8.403378822,Unknown,2025,1,Jan,2025-01,2025-01
South Sudan,2025-01-02,Tonj East,percent_area_flooded,7.404433481,Unknown,2025,1,Jan,2025-01,2025-01
South Sudan,2025-01-02,Gogrial West,percent_area_flooded,0.303054255,Unknown,2025,1,Jan,2025-01,2025-01
South Sudan,2025-01-02,Mvolo,percent_area_flooded,0.118084929,Unknown,2025,1,Jan,2025-01,2025-01
South Sudan,2025-01-02,Mundri West,percent_area_flooded,0.028813836,Unknown,2025,1,Jan,2025-01,2025-01
South Sudan,2025-01-02,Mundri East,percent_area_flooded,0.028629572,Unknown,2025,1,Jan,2025-01,2025-01
South Sudan,2025-01-02,Ibba,percent_area_flooded,0.007827097,Unknown,2025,1,Jan,2025-01,2025-01
South Sudan,2025-01-02,Pariang,percent_area_flooded,7.881977341,Unknown,2025,1,Jan,2025-01,2025-01
South Sudan,2025-01-02,Rubkona,percent_area_flooded,50.06008899,Unknown,2025,1,Jan,2025-01,2025-01
South Sudan,2025-01-02,Baliet,percent_area_flooded,5.187028735,Unknown,2025,1,Jan,2025-01,2025-01
South Sudan,2025-01-02,Fashoda,percent_area_flooded,5.404428414,Unknown,2025,1,Jan,2025-01,2025-01
South Sudan,2025-01-02,Longochuk,percent_area_flooded,1.167308948,Unknown,2025,1,Jan,2025-01,2025-01
South Sudan,2025-01-02,Luakpiny/Nasir,percent_area_flooded,3.59629166,Unknown,2025,1,Jan,2025-01,2025-01
South Sudan,2025-01-02,Maban,percent_area_flooded,1.845925593,Unknown,2025,1,Jan,2025-01,2025-01
South Sudan,2025-01-02,Maiwut,percent_area_flooded,0.706591738,Unknown,2025,1,Jan,2025-01,2025-01
South Sudan,2025-01-02,Malakal,percent_area_flooded,5.379260465,Unknown,2025,1,Jan,2025-01,2025-01
South Sudan,2025-01-02,Manyo,percent_area_flooded,4.431542964,Unknown,2025,1,Jan,2025-01,2025-01
South Sudan,2025-01-02,Melut,percent_area_flooded,7.737732803,Unknown,2025,1,Jan,2025-01,2025-01
South Sudan,2025-01-02,Gogrial East,percent_area_flooded,3.592232681,Unknown,2025,1,Jan,2025-01,2025-01
South Sudan,2025-01-02,Panyikang,percent_area_flooded,5.228506914,Unknown,2025,1,Jan,2025-01,2025-01
South Sudan,2025-01-02,Ulang,percent_area_flooded,10.93735754,Unknown,2025,1,Jan,2025-01,2025-01
South Sudan,2025-01-02,Gogrial East,percent_area_flooded,3.592232681,Unknown,2025,1,Jan,2025-01,2025-01
South Sudan,2025-01-02,Gogrial West,percent_area_flooded,0.303054255,Unknown,2025,1,Jan,2025-01,2025-01
South Sudan,2025-01-02,Tonj East,percent_area_flooded,7.404433481,Unknown,2025,1,Jan,2025-01,2025-01
South Sudan,2025-01-02,Tonj North,percent_area_flooded,8.403378822,Unknown,2025,1,Jan,2025-01,2025-01
South Sudan,2025-01-02,Tonj South,percent_area_flooded,0.27620869,Unknown,2025,1,Jan,2025-01,2025-01
South Sudan,2025-01-02,Twic,percent_area_flooded,9.356175524,Unknown,2025,1,Jan,2025-01,2025-01
South Sudan,2025-01-02,Jur River,percent_area_flooded,0.752319805,Unknown,2025,1,Jan,2025-01,2025-01
South Sudan,2025-01-02,Raja,percent_area_flooded,0.034189443,Unknown,2025,1,Jan,2025-01,2025-01
South Sudan,2025-01-02,Wau,percent_area_flooded,0.006833572,Unknown,2025,1,Jan,2025-01,2025-01
South Sudan,2025-01-02,Ezo,percent_area_flooded,0.018867877,Unknown,2025,1,Jan,2025-01,2025-01
South Sudan,2025-01-02,Renk,percent_area_flooded,0.786801688,Unknown,2025,1,Jan,2025-01,2025-01
South Sudan,2025-01-02,Panyijiar,percent_area_flooded,9.298434275,Unknown,2025,1,Jan,2025-01,2025-01
South Sudan,2025-01-02,Ulang,percent_area_flooded,10.93735754,Unknown,2025,1,Jan,2025-01,2025-01
South Sudan,2025-01-02,Panyikang,percent_area_flooded,5.228506914,Unknown,2025,1,Jan,2025-01,2025-01
South Sudan,2025-01-02,Rumbek Centre,percent_area_flooded,5.067530496,Unknown,2025,1,Jan,2025-01,2025-01
South Sudan,2025-01-02,Cueibet,percent_area_flooded,0.44651625,Unknown,2025,1,Jan,2025-01,2025-01
South Sudan,2025-01-02,Awerial,percent_area_flooded,6.017257858,Unknown,2025,1,Jan,2025-01,2025-01
South Sudan,2025-01-02,Uror,percent_area_flooded,1.245108737,Unknown,2025,1,Jan,2025-01,2025-01
South Sudan,2025-01-02,Twic East,percent_area_flooded,11.01139034,Unknown,2025,1,Jan,2025-01,2025-01
South Sudan,2025-01-02,Pochalla,percent_area_flooded,13.7880699,Unknown,2025,1,Jan,2025-01,2025-01
South Sudan,2025-01-02,Pibor,percent_area_flooded,1.546563861,Unknown,2025,1,Jan,2025-01,2025-01
South Sudan,2025-01-02,Nyirol,percent_area_flooded,0.393263833,Unknown,2025,1,Jan,2025-01,2025-01
South Sudan,2025-01-02,Fangak,percent_area_flooded,20.41952216,Unknown,2025,1,Jan,2025-01,2025-01
South Sudan,2025-01-02,Duk,percent_area_flooded,13.41768831,Unknown,2025,1,Jan,2025-01,2025-01
South Sudan,2025-01-02,Canal/Pigi,percent_area_flooded,2.623456881,Unknown,2025,1,Jan,2025-01,2025-01
South Sudan,2025-01-02,Bor South,percent_area_flooded,2.946329529,Unknown,2025,1,Jan,2025-01,2025-01
South Sudan,2025-01-02,Ayod,percent_area_flooded,11.68063444,Unknown,2025,1,Jan,2025-01,2025-01
South Sudan,2025-01-02,Akobo,percent_area_flooded,11.65095043,Unknown,2025,1,Jan,2025-01,2025-01
South Sudan,2025-01-02,Torit,percent_area_flooded,0.146755453,Unknown,2025,1,Jan,2025-01,2025-01
South Sudan,2025-01-02,Magwi,percent_area_flooded,0.134756799,Unknown,2025,1,Jan,2025-01,2025-01
South Sudan,2025-01-02,Lafon,percent_area_flooded,2.46794415,Unknown,2025,1,Jan,2025-01,2025-01
South Sudan,2025-01-02,Kapoeta North,percent_area_flooded,1.196584574,Unknown,2025,1,Jan,2025-01,2025-01
South Sudan,2025-01-02,Kapoeta East,percent_area_flooded,0.365440988,Unknown,2025,1,Jan,2025-01,2025-01
South Sudan,2025-01-02,Tonj South,percent_area_flooded,0.27620869,Unknown,2025,1,Jan,2025-01,2025-01
South Sudan,2025-01-02,Ikotos,percent_area_flooded,0.051903666,Unknown,2025,1,Jan,2025-01,2025-01
South Sudan,2025-01-02,Budi,percent_area_flooded,0.102291951,Unknown,2025,1,Jan,2025-01,2025-01
South Sudan,2025-01-02,Terekeka,percent_area_flooded,1.255970806,Unknown,2025,1,Jan,2025-01,2025-01
South Sudan,2025-01-02,Rumbek East,percent_area_flooded,1.774250642,Unknown,2025,1,Jan,2025-01,2025-01
South Sudan,2025-01-02,Rumbek North,percent_area_flooded,8.838552683,Unknown,2025,1,Jan,2025-01,2025-01
South Sudan,2025-01-02,Wulu,percent_area_flooded,0.01367874,Unknown,2025,1,Jan,2025-01,2025-01
South Sudan,2025-01-02,Yirol East,percent_area_flooded,7.646150669,Unknown,2025,1,Jan,2025-01,2025-01
South Sudan,2025-01-02,Melut,percent_area_flooded,7.737732803,Unknown,2025,1,Jan,2025-01,2025-01
South Sudan,2025-01-02,Manyo,percent_area_flooded,4.431542964,Unknown,2025,1,Jan,2025-01,2025-01
South Sudan,2025-01-02,Malakal,percent_area_flooded,5.379260465,Unknown,2025,1,Jan,2025-01,2025-01
South Sudan,2025-01-02,Maiwut,percent_area_flooded,0.706591738,Unknown,2025,1,Jan,2025-01,2025-01
South Sudan,2025-01-02,Maban,percent_area_flooded,1.845925593,Unknown,2025,1,Jan,2025-01,2025-01
South Sudan,2025-01-02,Luakpiny/Nasir,percent_area_flooded,3.59629166,Unknown,2025,1,Jan,2025-01,2025-01
South Sudan,2025-01-02,Longochuk,percent_area_flooded,1.167308948,Unknown,2025,1,Jan,2025-01,2025-01
South Sudan,2025-01-02,Fashoda,percent_area_flooded,5.404428414,Unknown,2025,1,Jan,2025-01,2025-01
South Sudan,2025-01-02,Baliet,percent_area_flooded,5.187028735,Unknown,2025,1,Jan,2025-01,2025-01
South Sudan,2025-01-02,Rubkona,percent_area_flooded,50.06008899,Unknown,2025,1,Jan,2025-01,2025-01
South Sudan,2025-01-02,Pariang,percent_area_flooded,7.881977341,Unknown,2025,1,Jan,2025-01,2025-01
South Sudan,2025-01-02,Renk,percent_area_flooded,0.786801688,Unknown,2025,1,Jan,2025-01,2025-01
South Sudan,2025-01-02,Panyijiar,percent_area_flooded,9.298434275,Unknown,2025,1,Jan,2025-01,2025-01
South Sudan,2025-01-02,Mayendit,percent_area_flooded,23.34804533,Unknown,2025,1,Jan,2025-01,2025-01
South Sudan,2025-01-02,Leer,percent_area_flooded,6.68994464,Unknown,2025,1,Jan,2025-01,2025-01
South Sudan,2025-01-02,Koch,percent_area_flooded,5.666182511,Unknown,2025,1,Jan,2025-01,2025-01
South Sudan,2025-01-02,Guit,percent_area_flooded,24.63935945,Unknown,2025,1,Jan,2025-01,2025-01
South Sudan,2025-01-02,Abiemnhom,percent_area_flooded,0.540366851,Unknown,2025,1,Jan,2025-01,2025-01
South Sudan,2025-01-02,Aweil West,percent_area_flooded,0.04064779,Unknown,2025,1,Jan,2025-01,2025-01
South Sudan,2025-01-02,Aweil South,percent_area_flooded,0.546673405,Unknown,2025,1,Jan,2025-01,2025-01
South Sudan,2025-01-02,Aweil North,percent_area_flooded,0.252039625,Unknown,2025,1,Jan,2025-01,2025-01
South Sudan,2025-01-02,Aweil East,percent_area_flooded,0.501297317,Unknown,2025,1,Jan,2025-01,2025-01
South Sudan,2025-01-02,Aweil Centre,percent_area_flooded,0.084319203,Unknown,2025,1,Jan,2025-01,2025-01
South Sudan,2025-01-02,Yirol West,percent_area_flooded,4.162168687,Unknown,2025,1,Jan,2025-01,2025-01
South Sudan,2025-01-02,Mayom,percent_area_flooded,25.04035289,Unknown,2025,1,Jan,2025-01,2025-01
South Sudan,2025-01-02,Mayom,percent_area_flooded,25.04035289,Unknown,2025,1,Jan,2025-01,2025-01
South Sudan,2025-01-02,Yambio,percent_area_flooded,0.004505279,Unknown,2025,1,Jan,2025-01,2025-01
South Sudan,2025-01-02,Leer,percent_area_flooded,6.68994464,Unknown,2025,1,Jan,2025-01,2025-01
South Sudan,2025-01-02,Aweil East,percent_area_flooded,0.501297317,Unknown,2025,1,Jan,2025-01,2025-01
South Sudan,2025-01-02,Aweil Centre,percent_area_flooded,0.084319203,Unknown,2025,1,Jan,2025-01,2025-01
South Sudan,2025-01-02,Yirol West,percent_area_flooded,4.162168687,Unknown,2025,1,Jan,2025-01,2025-01
South Sudan,2025-01-02,Yirol East,percent_area_flooded,7.646150669,Unknown,2025,1,Jan,2025-01,2025-01
South Sudan,2025-01-02,Wulu,percent_area_flooded,0.01367874,Unknown,2025,1,Jan,2025-01,2025-01
South Sudan,2025-01-02,Rumbek North,percent_area_flooded,8.838552683,Unknown,2025,1,Jan,2025-01,2025-01
South Sudan,2025-01-02,Rumbek East,percent_area_flooded,1.774250642,Unknown,2025,1,Jan,2025-01,2025-01
South Sudan,2025-01-02,Rumbek Centre,percent_area_flooded,5.067530496,Unknown,2025,1,Jan,2025-01,2025-01
South Sudan,2025-01-02,Cueibet,percent_area_flooded,0.44651625,Unknown,2025,1,Jan,2025-01,2025-01
South Sudan,2025-01-02,Awerial,percent_area_flooded,6.017257858,Unknown,2025,1,Jan,2025-01,2025-01
South Sudan,2025-01-02,Uror,percent_area_flooded,1.245108737,Unknown,2025,1,Jan,2025-01,2025-01
South Sudan,2025-01-02,Twic East,percent_area_flooded,11.01139034,Unknown,2025,1,Jan,2025-01,2025-01
South Sudan,2025-01-02,Pochalla,percent_area_flooded,13.7880699,Unknown,2025,1,Jan,2025-01,2025-01
South Sudan,2025-01-02,Pibor,percent_area_flooded,1.546563861,Unknown,2025,1,Jan,2025-01,2025-01
South Sudan,2025-01-02,Nyirol,percent_area_flooded,0.393263833,Unknown,2025,1,Jan,2025-01,2025-01
South Sudan,2025-01-02,Fangak,percent_area_flooded,20.41952216,Unknown,2025,1,Jan,2025-01,2025-01
South Sudan,2025-01-02,Duk,percent_area_flooded,13.41768831,Unknown,2025,1,Jan,2025-01,2025-01
South Sudan,2025-01-02,Canal/Pigi,percent_area_flooded,2.623456881,Unknown,2025,1,Jan,2025-01,2025-01
South Sudan,2025-01-02,Bor South,percent_area_flooded,2.946329529,Unknown,2025,1,Jan,2025-01,2025-01
South Sudan,2025-01-02,Ayod,percent_area_flooded,11.68063444,Unknown,2025,1,Jan,2025-01,2025-01
South Sudan,2025-01-02,Akobo,percent_area_flooded,11.65095043,Unknown,2025,1,Jan,2025-01,2025-01
South Sudan,2025-01-02,Torit,percent_area_flooded,0.146755453,Unknown,2025,1,Jan,2025-01,2025-01
South Sudan,2025-01-02,Magwi,percent_area_flooded,0.134756799,Unknown,2025,1,Jan,2025-01,2025-01
South Sudan,2025-01-02,Aweil North,percent_area_flooded,0.252039625,Unknown,2025,1,Jan,2025-01,2025-01
South Sudan,2025-01-02,Aweil South,percent_area_flooded,0.546673405,Unknown,2025,1,Jan,2025-01,2025-01
South Sudan,2025-01-02,Aweil West,percent_area_flooded,0.04064779,Unknown,2025,1,Jan,2025-01,2025-01
South Sudan,2025-01-02,Abiemnhom,percent_area_flooded,0.540366851,Unknown,2025,1,Jan,2025-01,2025-01
South Sudan,2025-01-02,Tonj North,percent_area_flooded,8.403378822,Unknown,2025,1,Jan,2025-01,2025-01
South Sudan,2025-01-02,Tonj East,percent_area_flooded,7.404433481,Unknown,2025,1,Jan,2025-01,2025-01
South Sudan,2025-01-02,Gogrial West,percent_area_flooded,0.303054255,Unknown,2025,1,Jan,2025-01,2025-01
South Sudan,2025-01-02,Gogrial East,percent_area_flooded,3.592232681,Unknown,2025,1,Jan,2025-01,2025-01
South Sudan,2025-01-02,Ulang,percent_area_flooded,10.93735754,Unknown,2025,1,Jan,2025-01,2025-01
South Sudan,2025-01-02,Renk,percent_area_flooded,0.786801688,Unknown,2025,1,Jan,2025-01,2025-01
South Sudan,2025-01-02,Panyikang,percent_area_flooded,5.228506914,Unknown,2025,1,Jan,2025-01,2025-01
South Sudan,2025-01-02,Melut,percent_area_flooded,7.737732803,Unknown,2025,1,Jan,2025-01,2025-01
South Sudan,2025-01-02,Manyo,percent_area_flooded,4.431542964,Unknown,2025,1,Jan,2025-01,2025-01
South Sudan,2025-01-02,Malakal,percent_area_flooded,5.379260465,Unknown,2025,1,Jan,2025-01,2025-01
South Sudan,2025-01-02,Maiwut,percent_area_flooded,0.706591738,Unknown,2025,1,Jan,2025-01,2025-01
South Sudan,2025-01-02,Lafon,percent_area_flooded,2.46794415,Unknown,2025,1,Jan,2025-01,2025-01
South Sudan,2025-01-02,Maban,percent_area_flooded,1.845925593,Unknown,2025,1,Jan,2025-01,2025-01
South Sudan,2025-01-02,Longochuk,percent_area_flooded,1.167308948,Unknown,2025,1,Jan,2025-01,2025-01
South Sudan,2025-01-02,Fashoda,percent_area_flooded,5.404428414,Unknown,2025,1,Jan,2025-01,2025-01
South Sudan,2025-01-02,Baliet,percent_area_flooded,5.187028735,Unknown,2025,1,Jan,2025-01,2025-01
South Sudan,2025-01-02,Rubkona,percent_area_flooded,50.06008899,Unknown,2025,1,Jan,2025-01,2025-01
South Sudan,2025-01-02,Mayendit,percent_area_flooded,23.34804533,Unknown,2025,1,Jan,2025-01,2025-01
South Sudan,2025-01-02,Panyijiar,percent_area_flooded,9.298434275,Unknown,2025,1,Jan,2025-01,2025-01
South Sudan,2025-01-02,Mayom,percent_area_flooded,25.04035289,Unknown,2025,1,Jan,2025-01,2025-01
South Sudan,2025-01-02,Mayendit,percent_area_flooded,23.34804533,Unknown,2025,1,Jan,2025-01,2025-01
South Sudan,2025-01-02,Leer,percent_area_flooded,6.68994464,Unknown,2025,1,Jan,2025-01,2025-01
South Sudan,2025-01-02,Koch,percent_area_flooded,5.666182511,Unknown,2025,1,Jan,2025-01,2025-01
South Sudan,2025-01-02,Guit,percent_area_flooded,24.63935945,Unknown,2025,1,Jan,2025-01,2025-01
South Sudan,2025-01-02,Luakpiny/Nasir,percent_area_flooded,3.59629166,Unknown,2025,1,Jan,2025-01,2025-01
South Sudan,2025-01-02,Kapoeta North,percent_area_flooded,1.196584574,Unknown,2025,1,Jan,2025-01,2025-01
South Sudan,2025-01-02,Pariang,percent_area_flooded,7.881977341,Unknown,2025,1,Jan,2025-01,2025-01
South Sudan,2025-01-02,Ikotos,percent_area_flooded,0.051903666,Unknown,2025,1,Jan,2025-01,2025-01
South Sudan,2025-01-02,Duk,percent_area_flooded,13.41768831,Unknown,2025,1,Jan,2025-01,2025-01
South Sudan,2025-01-02,Fangak,percent_area_flooded,20.41952216,Unknown,2025,1,Jan,2025-01,2025-01
South Sudan,2025-01-02,Nyirol,percent_area_flooded,0.393263833,Unknown,2025,1,Jan,2025-01,2025-01
South Sudan,2025-01-02,Pibor,percent_area_flooded,1.546563861,Unknown,2025,1,Jan,2025-01,2025-01
South Sudan,2025-01-02,Pochalla,percent_area_flooded,13.7880699,Unknown,2025,1,Jan,2025-01,2025-01
South Sudan,2025-01-02,Twic East,percent_area_flooded,11.01139034,Unknown,2025,1,Jan,2025-01,2025-01
South Sudan,2025-01-02,Uror,percent_area_flooded,1.245108737,Unknown,2025,1,Jan,2025-01,2025-01
South Sudan,2025-01-02,Awerial,percent_area_flooded,6.017257858,Unknown,2025,1,Jan,2025-01,2025-01
South Sudan,2025-01-02,Cueibet,percent_area_flooded,0.44651625,Unknown,2025,1,Jan,2025-01,2025-01
South Sudan,2025-01-02,Rumbek Centre,percent_area_flooded,5.067530496,Unknown,2025,1,Jan,2025-01,2025-01
South Sudan,2025-01-02,Rumbek East,percent_area_flooded,1.774250642,Unknown,2025,1,Jan,2025-01,2025-01
South Sudan,2025-01-02,Canal/Pigi,percent_area_flooded,2.623456881,Unknown,2025,1,Jan,2025-01,2025-01
South Sudan,2025-01-02,Rumbek North,percent_area_flooded,8.838552683,Unknown,2025,1,Jan,2025-01,2025-01
South Sudan,2025-01-02,Yirol East,percent_area_flooded,7.646150669,Unknown,2025,1,Jan,2025-01,2025-01
South Sudan,2025-01-02,Yirol West,percent_area_flooded,4.162168687,Unknown,2025,1,Jan,2025-01,2025-01
South Sudan,2025-01-02,Aweil Centre,percent_area_flooded,0.084319203,Unknown,2025,1,Jan,2025-01,2025-01
South Sudan,2025-01-02,Aweil East,percent_area_flooded,0.501297317,Unknown,2025,1,Jan,2025-01,2025-01
South Sudan,2025-01-02,Aweil North,percent_area_flooded,0.252039625,Unknown,2025,1,Jan,2025-01,2025-01
South Sudan,2025-01-02,Aweil South,percent_area_flooded,0.546673405,Unknown,2025,1,Jan,2025-01,2025-01
South Sudan,2025-01-02,Kapoeta East,percent_area_flooded,0.365440988,Unknown,2025,1,Jan,2025-01,2025-01
South Sudan,2025-01-02,Aweil West,percent_area_flooded,0.04064779,Unknown,2025,1,Jan,2025-01,2025-01
South Sudan,2025-01-02,Abiemnhom,percent_area_flooded,0.540366851,Unknown,2025,1,Jan,2025-01,2025-01
South Sudan,2025-01-02,Guit,percent_area_flooded,24.63935945,Unknown,2025,1,Jan,2025-01,2025-01
South Sudan,2025-01-02,Koch,percent_area_flooded,5.666182511,Unknown,2025,1,Jan,2025-01,2025-01
South Sudan,2025-01-02,Wulu,percent_area_flooded,0.01367874,Unknown,2025,1,Jan,2025-01,2025-01
South Sudan,2025-01-02,Bor South,percent_area_flooded,2.946329529,Unknown,2025,1,Jan,2025-01,2025-01
South Sudan,2025-01-02,Juba,percent_area_flooded,0.532082748,Unknown,2025,1,Jan,2025-01,2025-01
South Sudan,2025-01-02,Akobo,percent_area_flooded,11.65095043,Unknown,2025,1,Jan,2025-01,2025-01
South Sudan,2025-01-02,Jur River,percent_area_flooded,0.752319805,Unknown,2025,1,Jan,2025-01,2025-01
South Sudan,2025-01-02,Ayod,percent_area_flooded,11.68063444,Unknown,2025,1,Jan,2025-01,2025-01
South Sudan,2025-01-02,Juba,percent_area_flooded,0.532082748,Unknown,2025,1,Jan,2025-01,2025-01
South Sudan,2025-01-02,Morobo,percent_area_flooded,0.02126028,Unknown,2025,1,Jan,2025-01,2025-01
South Sudan,2025-01-02,Terekeka,percent_area_flooded,1.255970806,Unknown,2025,1,Jan,2025-01,2025-01
South Sudan,2025-01-02,Budi,percent_area_flooded,0.102291951,Unknown,2025,1,Jan,2025-01,2025-01
South Sudan,2025-01-02,Wau,percent_area_flooded,0.006833572,Unknown,2025,1,Jan,2025-01,2025-01
South Sudan,2025-01-02,Ezo,percent_area_flooded,0.018867877,Unknown,2025,1,Jan,2025-01,2025-01
South Sudan,2025-01-02,Ibba,percent_area_flooded,0.007827097,Unknown,2025,1,Jan,2025-01,2025-01
South Sudan,2025-01-02,Mundri East,percent_area_flooded,0.028629572,Unknown,2025,1,Jan,2025-01,2025-01
South Sudan,2025-01-02,Mundri West,percent_area_flooded,0.028813836,Unknown,2025,1,Jan,2025-01,2025-01
South Sudan,2025-01-02,Mvolo,percent_area_flooded,0.118084929,Unknown,2025,1,Jan,2025-01,2025-01
South Sudan,2025-01-02,Raja,percent_area_flooded,0.034189443,Unknown,2025,1,Jan,2025-01,2025-01
South Sudan,2025-01-02,Nzara,percent_area_flooded,0.004913344,Unknown,2025,1,Jan,2025-01,2025-01
South Sudan,2025-01-02,Torit,percent_area_flooded,0.146755453,Unknown,2025,1,Jan,2025-01,2025-01
South Sudan,2025-01-02,Nagero,percent_area_flooded,0.02685002,Unknown,2025,1,Jan,2025-01,2025-01
South Sudan,2025-01-02,Lafon,percent_area_flooded,2.46794415,Unknown,2025,1,Jan,2025-01,2025-01
South Sudan,2025-01-02,Kapoeta East,percent_area_flooded,0.365440988,Unknown,2025,1,Jan,2025-01,2025-01
South Sudan,2025-01-02,Ikotos,percent_area_flooded,0.051903666,Unknown,2025,1,Jan,2025-01,2025-01
South Sudan,2025-01-02,Kapoeta North,percent_area_flooded,1.196584574,Unknown,2025,1,Jan,2025-01,2025-01
South Sudan,2025-01-02,Budi,percent_area_flooded,0.102291951,Unknown,2025,1,Jan,2025-01,2025-01
South Sudan,2025-01-02,Terekeka,percent_area_flooded,1.255970806,Unknown,2025,1,Jan,2025-01,2025-01
South Sudan,2025-01-02,Morobo,percent_area_flooded,0.02126028,Unknown,2025,1,Jan,2025-01,2025-01
South Sudan,2025-01-02,Juba,percent_area_flooded,0.532082748,Unknown,2025,1,Jan,2025-01,2025-01
South Sudan,2025-01-02,Magwi,percent_area_flooded,0.134756799,Unknown,2025,1,Jan,2025-01,2025-01
South Sudan,2025-01-03,Maiwut,percent_area_flooded,1.033633633,Unknown,2025,1,Jan,2025-01,2025-01
South Sudan,2025-01-03,Melut,percent_area_flooded,3.112074988,Unknown,2025,1,Jan,2025-01,2025-01
South Sudan,2025-01-03,Manyo,percent_area_flooded,2.112483172,Unknown,2025,1,Jan,2025-01,2025-01
South Sudan,2025-01-03,Malakal,percent_area_flooded,1.778375202,Unknown,2025,1,Jan,2025-01,2025-01
South Sudan,2025-01-03,Panyikang,percent_area_flooded,3.398078744,Unknown,2025,1,Jan,2025-01,2025-01
South Sudan,2025-01-03,Baliet,percent_area_flooded,2.285509093,Unknown,2025,1,Jan,2025-01,2025-01
South Sudan,2025-01-03,Luakpiny/Nasir,percent_area_flooded,7.319818658,Unknown,2025,1,Jan,2025-01,2025-01
South Sudan,2025-01-03,Longochuk,percent_area_flooded,0.406137445,Unknown,2025,1,Jan,2025-01,2025-01
South Sudan,2025-01-03,Fashoda,percent_area_flooded,1.497582285,Unknown,2025,1,Jan,2025-01,2025-01
South Sudan,2025-01-03,Rubkona,percent_area_flooded,51.90398517,Unknown,2025,1,Jan,2025-01,2025-01
South Sudan,2025-01-03,Pariang,percent_area_flooded,6.787037077,Unknown,2025,1,Jan,2025-01,2025-01
South Sudan,2025-01-03,Renk,percent_area_flooded,0.446252991,Unknown,2025,1,Jan,2025-01,2025-01
South Sudan,2025-01-03,Maban,percent_area_flooded,0.301057928,Unknown,2025,1,Jan,2025-01,2025-01
South Sudan,2025-01-03,Ulang,percent_area_flooded,6.246666394,Unknown,2025,1,Jan,2025-01,2025-01
South Sudan,2025-01-03,Mundri East,percent_area_flooded,0.010259979,Unknown,2025,1,Jan,2025-01,2025-01
South Sudan,2025-01-03,Gogrial West,percent_area_flooded,0.31842749,Unknown,2025,1,Jan,2025-01,2025-01
South Sudan,2025-01-03,Yambio,percent_area_flooded,0.035704336,Unknown,2025,1,Jan,2025-01,2025-01
South Sudan,2025-01-03,Tambura,percent_area_flooded,0.012217032,Unknown,2025,1,Jan,2025-01,2025-01
South Sudan,2025-01-03,Nzara,percent_area_flooded,0.017196706,Unknown,2025,1,Jan,2025-01,2025-01
South Sudan,2025-01-03,Nagero,percent_area_flooded,0.006444005,Unknown,2025,1,Jan,2025-01,2025-01
South Sudan,2025-01-03,Mundri West,percent_area_flooded,0.030511727,Unknown,2025,1,Jan,2025-01,2025-01
South Sudan,2025-01-03,Panyijiar,percent_area_flooded,8.293598104,Unknown,2025,1,Jan,2025-01,2025-01
South Sudan,2025-01-03,Gogrial East,percent_area_flooded,2.968682638,Unknown,2025,1,Jan,2025-01,2025-01
South Sudan,2025-01-03,Ezo,percent_area_flooded,0.009924013,Unknown,2025,1,Jan,2025-01,2025-01
South Sudan,2025-01-03,Raja,percent_area_flooded,0.009901947,Unknown,2025,1,Jan,2025-01,2025-01
South Sudan,2025-01-03,Jur River,percent_area_flooded,0.158014386,Unknown,2025,1,Jan,2025-01,2025-01
South Sudan,2025-01-03,Twic,percent_area_flooded,4.287080706,Unknown,2025,1,Jan,2025-01,2025-01
South Sudan,2025-01-03,Tonj South,percent_area_flooded,1.307802319,Unknown,2025,1,Jan,2025-01,2025-01
South Sudan,2025-01-03,Tonj North,percent_area_flooded,4.607256979,Unknown,2025,1,Jan,2025-01,2025-01
South Sudan,2025-01-03,Tonj East,percent_area_flooded,0.640427862,Unknown,2025,1,Jan,2025-01,2025-01
South Sudan,2025-01-03,Wau,percent_area_flooded,0.005753225,Unknown,2025,1,Jan,2025-01,2025-01
South Sudan,2025-01-03,Mayom,percent_area_flooded,17.2757276,Unknown,2025,1,Jan,2025-01,2025-01
South Sudan,2025-01-03,Yirol West,percent_area_flooded,1.013963243,Unknown,2025,1,Jan,2025-01,2025-01
South Sudan,2025-01-03,Leer,percent_area_flooded,7.632826842,Unknown,2025,1,Jan,2025-01,2025-01
South Sudan,2025-01-03,Fangak,percent_area_flooded,19.79517895,Unknown,2025,1,Jan,2025-01,2025-01
South Sudan,2025-01-03,Duk,percent_area_flooded,11.53843662,Unknown,2025,1,Jan,2025-01,2025-01
South Sudan,2025-01-03,Bor South,percent_area_flooded,1.397338222,Unknown,2025,1,Jan,2025-01,2025-01
South Sudan,2025-01-03,Ayod,percent_area_flooded,10.41831306,Unknown,2025,1,Jan,2025-01,2025-01
South Sudan,2025-01-03,Akobo,percent_area_flooded,1.24596741,Unknown,2025,1,Jan,2025-01,2025-01
South Sudan,2025-01-03,Torit,percent_area_flooded,0.231993703,Unknown,2025,1,Jan,2025-01,2025-01
South Sudan,2025-01-03,Magwi,percent_area_flooded,0.114629539,Unknown,2025,1,Jan,2025-01,2025-01
South Sudan,2025-01-03,Lafon,percent_area_flooded,0.330631043,Unknown,2025,1,Jan,2025-01,2025-01
South Sudan,2025-01-03,Kapoeta South,percent_area_flooded,0.089949186,Unknown,2025,1,Jan,2025-01,2025-01
South Sudan,2025-01-03,Kapoeta North,percent_area_flooded,0.060702585,Unknown,2025,1,Jan,2025-01,2025-01
South Sudan,2025-01-03,Kapoeta East,percent_area_flooded,0.301472923,Unknown,2025,1,Jan,2025-01,2025-01
South Sudan,2025-01-03,Budi,percent_area_flooded,0.021571772,Unknown,2025,1,Jan,2025-01,2025-01
South Sudan,2025-01-03,Terekeka,percent_area_flooded,0.633127129,Unknown,2025,1,Jan,2025-01,2025-01
South Sudan,2025-01-03,Morobo,percent_area_flooded,0.03243052,Unknown,2025,1,Jan,2025-01,2025-01
South Sudan,2025-01-03,Juba,percent_area_flooded,0.2077985,Unknown,2025,1,Jan,2025-01,2025-01
South Sudan,2025-01-03,Nyirol,percent_area_flooded,0.542501768,Unknown,2025,1,Jan,2025-01,2025-01
South Sudan,2025-01-03,Mayendit,percent_area_flooded,19.7502794,Unknown,2025,1,Jan,2025-01,2025-01
South Sudan,2025-01-03,Pibor,percent_area_flooded,0.328126894,Unknown,2025,1,Jan,2025-01,2025-01
South Sudan,2025-01-03,Twic East,percent_area_flooded,7.994214317,Unknown,2025,1,Jan,2025-01,2025-01
South Sudan,2025-01-03,Koch,percent_area_flooded,4.998941868,Unknown,2025,1,Jan,2025-01,2025-01
South Sudan,2025-01-03,Guit,percent_area_flooded,27.36857856,Unknown,2025,1,Jan,2025-01,2025-01
South Sudan,2025-01-03,Abiemnhom,percent_area_flooded,0.308839187,Unknown,2025,1,Jan,2025-01,2025-01
South Sudan,2025-01-03,Aweil West,percent_area_flooded,0.47053768,Unknown,2025,1,Jan,2025-01,2025-01
South Sudan,2025-01-03,Aweil South,percent_area_flooded,0.74672136,Unknown,2025,1,Jan,2025-01,2025-01
South Sudan,2025-01-03,Aweil North,percent_area_flooded,0.127334936,Unknown,2025,1,Jan,2025-01,2025-01
South Sudan,2025-01-03,Aweil East,percent_area_flooded,1.350672752,Unknown,2025,1,Jan,2025-01,2025-01
South Sudan,2025-01-03,Aweil Centre,percent_area_flooded,0.172423008,Unknown,2025,1,Jan,2025-01,2025-01
South Sudan,2025-01-03,Yirol East,percent_area_flooded,5.266096262,Unknown,2025,1,Jan,2025-01,2025-01
South Sudan,2025-01-03,Wulu,percent_area_flooded,0.002097978,Unknown,2025,1,Jan,2025-01,2025-01
South Sudan,2025-01-03,Rumbek North,percent_area_flooded,1.213308815,Unknown,2025,1,Jan,2025-01,2025-01
South Sudan,2025-01-03,Rumbek East,percent_area_flooded,0.987139605,Unknown,2025,1,Jan,2025-01,2025-01
South Sudan,2025-01-03,Rumbek Centre,percent_area_flooded,1.394090495,Unknown,2025,1,Jan,2025-01,2025-01
South Sudan,2025-01-03,Cueibet,percent_area_flooded,1.266362717,Unknown,2025,1,Jan,2025-01,2025-01
South Sudan,2025-01-03,Awerial,percent_area_flooded,3.625143205,Unknown,2025,1,Jan,2025-01,2025-01
South Sudan,2025-01-03,Pochalla,percent_area_flooded,1.47038853,Unknown,2025,1,Jan,2025-01,2025-01
South Sudan,2025-01-03,Canal/Pigi,percent_area_flooded,1.113696966,Unknown,2025,1,Jan,2025-01,2025-01
South Sudan,2025-01-03,Uror,percent_area_flooded,0.104976938,Unknown,2025,1,Jan,2025-01,2025-01
South Sudan,2025-01-03,Abiemnhom,percent_area_flooded,0.308839187,Unknown,2025,1,Jan,2025-01,2025-01
South Sudan,2025-01-03,Kapoeta North,percent_area_flooded,0.060702585,Unknown,2025,1,Jan,2025-01,2025-01
South Sudan,2025-01-03,Kapoeta East,percent_area_flooded,0.301472923,Unknown,2025,1,Jan,2025-01,2025-01
South Sudan,2025-01-03,Budi,percent_area_flooded,0.021571772,Unknown,2025,1,Jan,2025-01,2025-01
South Sudan,2025-01-03,Terekeka,percent_area_flooded,0.633127129,Unknown,2025,1,Jan,2025-01,2025-01
South Sudan,2025-01-03,Morobo,percent_area_flooded,0.03243052,Unknown,2025,1,Jan,2025-01,2025-01
South Sudan,2025-01-03,Juba,percent_area_flooded,0.2077985,Unknown,2025,1,Jan,2025-01,2025-01
South Sudan,2025-01-03,Juba,percent_area_flooded,0.2077985,Unknown,2025,1,Jan,2025-01,2025-01
South Sudan,2025-01-03,Morobo,percent_area_flooded,0.03243052,Unknown,2025,1,Jan,2025-01,2025-01
South Sudan,2025-01-03,Terekeka,percent_area_flooded,0.633127129,Unknown,2025,1,Jan,2025-01,2025-01
South Sudan,2025-01-03,Budi,percent_area_flooded,0.021571772,Unknown,2025,1,Jan,2025-01,2025-01
South Sudan,2025-01-03,Kapoeta East,percent_area_flooded,0.301472923,Unknown,2025,1,Jan,2025-01,2025-01
South Sudan,2025-01-03,Kapoeta North,percent_area_flooded,0.060702585,Unknown,2025,1,Jan,2025-01,2025-01
South Sudan,2025-01-03,Kapoeta South,percent_area_flooded,0.089949186,Unknown,2025,1,Jan,2025-01,2025-01
South Sudan,2025-01-03,Lafon,percent_area_flooded,0.330631043,Unknown,2025,1,Jan,2025-01,2025-01
South Sudan,2025-01-03,Magwi,percent_area_flooded,0.114629539,Unknown,2025,1,Jan,2025-01,2025-01
South Sudan,2025-01-03,Torit,percent_area_flooded,0.231993703,Unknown,2025,1,Jan,2025-01,2025-01
South Sudan,2025-01-03,Akobo,percent_area_flooded,1.24596741,Unknown,2025,1,Jan,2025-01,2025-01
South Sudan,2025-01-03,Ayod,percent_area_flooded,10.41831306,Unknown,2025,1,Jan,2025-01,2025-01
South Sudan,2025-01-03,Bor South,percent_area_flooded,1.397338222,Unknown,2025,1,Jan,2025-01,2025-01
South Sudan,2025-01-03,Canal/Pigi,percent_area_flooded,1.113696966,Unknown,2025,1,Jan,2025-01,2025-01
South Sudan,2025-01-03,Duk,percent_area_flooded,11.53843662,Unknown,2025,1,Jan,2025-01,2025-01
South Sudan,2025-01-03,Fangak,percent_area_flooded,19.79517895,Unknown,2025,1,Jan,2025-01,2025-01
South Sudan,2025-01-03,Nyirol,percent_area_flooded,0.542501768,Unknown,2025,1,Jan,2025-01,2025-01
South Sudan,2025-01-03,Kapoeta South,percent_area_flooded,0.089949186,Unknown,2025,1,Jan,2025-01,2025-01
South Sudan,2025-01-03,Pibor,percent_area_flooded,0.328126894,Unknown,2025,1,Jan,2025-01,2025-01
South Sudan,2025-01-03,Lafon,percent_area_flooded,0.330631043,Unknown,2025,1,Jan,2025-01,2025-01
South Sudan,2025-01-03,Torit,percent_area_flooded,0.231993703,Unknown,2025,1,Jan,2025-01,2025-01
South Sudan,2025-01-03,Aweil South,percent_area_flooded,0.74672136,Unknown,2025,1,Jan,2025-01,2025-01
South Sudan,2025-01-03,Aweil North,percent_area_flooded,0.127334936,Unknown,2025,1,Jan,2025-01,2025-01
South Sudan,2025-01-03,Aweil East,percent_area_flooded,1.350672752,Unknown,2025,1,Jan,2025-01,2025-01
South Sudan,2025-01-03,Aweil Centre,percent_area_flooded,0.172423008,Unknown,2025,1,Jan,2025-01,2025-01
South Sudan,2025-01-03,Yirol West,percent_area_flooded,1.013963243,Unknown,2025,1,Jan,2025-01,2025-01
South Sudan,2025-01-03,Yirol East,percent_area_flooded,5.266096262,Unknown,2025,1,Jan,2025-01,2025-01
South Sudan,2025-01-03,Wulu,percent_area_flooded,0.002097978,Unknown,2025,1,Jan,2025-01,2025-01
South Sudan,2025-01-03,Rumbek North,percent_area_flooded,1.213308815,Unknown,2025,1,Jan,2025-01,2025-01
South Sudan,2025-01-03,Rumbek East,percent_area_flooded,0.987139605,Unknown,2025,1,Jan,2025-01,2025-01
South Sudan,2025-01-03,Rumbek Centre,percent_area_flooded,1.394090495,Unknown,2025,1,Jan,2025-01,2025-01
South Sudan,2025-01-03,Cueibet,percent_area_flooded,1.266362717,Unknown,2025,1,Jan,2025-01,2025-01
South Sudan,2025-01-03,Awerial,percent_area_flooded,3.625143205,Unknown,2025,1,Jan,2025-01,2025-01
South Sudan,2025-01-03,Uror,percent_area_flooded,0.104976938,Unknown,2025,1,Jan,2025-01,2025-01
South Sudan,2025-01-03,Twic East,percent_area_flooded,7.994214317,Unknown,2025,1,Jan,2025-01,2025-01
South Sudan,2025-01-03,Pochalla,percent_area_flooded,1.47038853,Unknown,2025,1,Jan,2025-01,2025-01
South Sudan,2025-01-03,Pibor,percent_area_flooded,0.328126894,Unknown,2025,1,Jan,2025-01,2025-01
South Sudan,2025-01-03,Nyirol,percent_area_flooded,0.542501768,Unknown,2025,1,Jan,2025-01,2025-01
South Sudan,2025-01-03,Fangak,percent_area_flooded,19.79517895,Unknown,2025,1,Jan,2025-01,2025-01
South Sudan,2025-01-03,Duk,percent_area_flooded,11.53843662,Unknown,2025,1,Jan,2025-01,2025-01
South Sudan,2025-01-03,Canal/Pigi,percent_area_flooded,1.113696966,Unknown,2025,1,Jan,2025-01,2025-01
South Sudan,2025-01-03,Bor South,percent_area_flooded,1.397338222,Unknown,2025,1,Jan,2025-01,2025-01
South Sudan,2025-01-03,Ayod,percent_area_flooded,10.41831306,Unknown,2025,1,Jan,2025-01,2025-01
South Sudan,2025-01-03,Akobo,percent_area_flooded,1.24596741,Unknown,2025,1,Jan,2025-01,2025-01
South Sudan,2025-01-03,Magwi,percent_area_flooded,0.114629539,Unknown,2025,1,Jan,2025-01,2025-01
South Sudan,2025-01-03,Aweil West,percent_area_flooded,0.47053768,Unknown,2025,1,Jan,2025-01,2025-01
South Sudan,2025-01-03,Pochalla,percent_area_flooded,1.47038853,Unknown,2025,1,Jan,2025-01,2025-01
South Sudan,2025-01-03,Uror,percent_area_flooded,0.104976938,Unknown,2025,1,Jan,2025-01,2025-01
South Sudan,2025-01-03,Maiwut,percent_area_flooded,1.033633633,Unknown,2025,1,Jan,2025-01,2025-01
South Sudan,2025-01-03,Malakal,percent_area_flooded,1.778375202,Unknown,2025,1,Jan,2025-01,2025-01
South Sudan,2025-01-03,Manyo,percent_area_flooded,2.112483172,Unknown,2025,1,Jan,2025-01,2025-01
South Sudan,2025-01-03,Melut,percent_area_flooded,3.112074988,Unknown,2025,1,Jan,2025-01,2025-01
South Sudan,2025-01-03,Panyikang,percent_area_flooded,3.398078744,Unknown,2025,1,Jan,2025-01,2025-01
South Sudan,2025-01-03,Renk,percent_area_flooded,0.446252991,Unknown,2025,1,Jan,2025-01,2025-01
South Sudan,2025-01-03,Ulang,percent_area_flooded,6.246666394,Unknown,2025,1,Jan,2025-01,2025-01
South Sudan,2025-01-03,Gogrial East,percent_area_flooded,2.968682638,Unknown,2025,1,Jan,2025-01,2025-01
South Sudan,2025-01-03,Gogrial West,percent_area_flooded,0.31842749,Unknown,2025,1,Jan,2025-01,2025-01
South Sudan,2025-01-03,Tonj East,percent_area_flooded,0.640427862,Unknown,2025,1,Jan,2025-01,2025-01
South Sudan,2025-01-03,Tonj North,percent_area_flooded,4.607256979,Unknown,2025,1,Jan,2025-01,2025-01
South Sudan,2025-01-03,Tonj South,percent_area_flooded,1.307802319,Unknown,2025,1,Jan,2025-01,2025-01
South Sudan,2025-01-03,Twic,percent_area_flooded,4.287080706,Unknown,2025,1,Jan,2025-01,2025-01
South Sudan,2025-01-03,Jur River,percent_area_flooded,0.158014386,Unknown,2025,1,Jan,2025-01,2025-01
South Sudan,2025-01-03,Raja,percent_area_flooded,0.009901947,Unknown,2025,1,Jan,2025-01,2025-01
South Sudan,2025-01-03,Wau,percent_area_flooded,0.005753225,Unknown,2025,1,Jan,2025-01,2025-01
South Sudan,2025-01-03,Ezo,percent_area_flooded,0.009924013,Unknown,2025,1,Jan,2025-01,2025-01
South Sudan,2025-01-03,Mundri East,percent_area_flooded,0.010259979,Unknown,2025,1,Jan,2025-01,2025-01
South Sudan,2025-01-03,Mundri West,percent_area_flooded,0.030511727,Unknown,2025,1,Jan,2025-01,2025-01
South Sudan,2025-01-03,Nagero,percent_area_flooded,0.006444005,Unknown,2025,1,Jan,2025-01,2025-01
South Sudan,2025-01-03,Nzara,percent_area_flooded,0.017196706,Unknown,2025,1,Jan,2025-01,2025-01
South Sudan,2025-01-03,Tambura,percent_area_flooded,0.012217032,Unknown,2025,1,Jan,2025-01,2025-01
South Sudan,2025-01-03,Yambio,percent_area_flooded,0.035704336,Unknown,2025,1,Jan,2025-01,2025-01
South Sudan,2025-01-03,Maban,percent_area_flooded,0.301057928,Unknown,2025,1,Jan,2025-01,2025-01
South Sudan,2025-01-03,Twic East,percent_area_flooded,7.994214317,Unknown,2025,1,Jan,2025-01,2025-01
South Sudan,2025-01-03,Luakpiny/Nasir,percent_area_flooded,7.319818658,Unknown,2025,1,Jan,2025-01,2025-01
South Sudan,2025-01-03,Fashoda,percent_area_flooded,1.497582285,Unknown,2025,1,Jan,2025-01,2025-01
South Sudan,2025-01-03,Awerial,percent_area_flooded,3.625143205,Unknown,2025,1,Jan,2025-01,2025-01
South Sudan,2025-01-03,Cueibet,percent_area_flooded,1.266362717,Unknown,2025,1,Jan,2025-01,2025-01
South Sudan,2025-01-03,Rumbek Centre,percent_area_flooded,1.394090495,Unknown,2025,1,Jan,2025-01,2025-01
South Sudan,2025-01-03,Rumbek East,percent_area_flooded,0.987139605,Unknown,2025,1,Jan,2025-01,2025-01
South Sudan,2025-01-03,Rumbek North,percent_area_flooded,1.213308815,Unknown,2025,1,Jan,2025-01,2025-01
South Sudan,2025-01-03,Wulu,percent_area_flooded,0.002097978,Unknown,2025,1,Jan,2025-01,2025-01
South Sudan,2025-01-03,Yirol East,percent_area_flooded,5.266096262,Unknown,2025,1,Jan,2025-01,2025-01
South Sudan,2025-01-03,Yirol West,percent_area_flooded,1.013963243,Unknown,2025,1,Jan,2025-01,2025-01
South Sudan,2025-01-03,Aweil Centre,percent_area_flooded,0.172423008,Unknown,2025,1,Jan,2025-01,2025-01
South Sudan,2025-01-03,Aweil East,percent_area_flooded,1.350672752,Unknown,2025,1,Jan,2025-01,2025-01
South Sudan,2025-01-03,Aweil North,percent_area_flooded,0.127334936,Unknown,2025,1,Jan,2025-01,2025-01
South Sudan,2025-01-03,Aweil South,percent_area_flooded,0.74672136,Unknown,2025,1,Jan,2025-01,2025-01
South Sudan,2025-01-03,Aweil West,percent_area_flooded,0.47053768,Unknown,2025,1,Jan,2025-01,2025-01
South Sudan,2025-01-03,Abiemnhom,percent_area_flooded,0.308839187,Unknown,2025,1,Jan,2025-01,2025-01
South Sudan,2025-01-03,Guit,percent_area_flooded,27.36857856,Unknown,2025,1,Jan,2025-01,2025-01
South Sudan,2025-01-03,Koch,percent_area_flooded,4.998941868,Unknown,2025,1,Jan,2025-01,2025-01
South Sudan,2025-01-03,Leer,percent_area_flooded,7.632826842,Unknown,2025,1,Jan,2025-01,2025-01
South Sudan,2025-01-03,Mayendit,percent_area_flooded,19.7502794,Unknown,2025,1,Jan,2025-01,2025-01
South Sudan,2025-01-03,Mayom,percent_area_flooded,17.2757276,Unknown,2025,1,Jan,2025-01,2025-01
South Sudan,2025-01-03,Panyijiar,percent_area_flooded,8.293598104,Unknown,2025,1,Jan,2025-01,2025-01
South Sudan,2025-01-03,Pariang,percent_area_flooded,6.787037077,Unknown,2025,1,Jan,2025-01,2025-01
South Sudan,2025-01-03,Rubkona,percent_area_flooded,51.90398517,Unknown,2025,1,Jan,2025-01,2025-01
South Sudan,2025-01-03,Baliet,percent_area_flooded,2.285509093,Unknown,2025,1,Jan,2025-01,2025-01
South Sudan,2025-01-03,Longochuk,percent_area_flooded,0.406137445,Unknown,2025,1,Jan,2025-01,2025-01
South Sudan,2025-01-03,Guit,percent_area_flooded,27.36857856,Unknown,2025,1,Jan,2025-01,2025-01
South Sudan,2025-01-03,Pariang,percent_area_flooded,6.787037077,Unknown,2025,1,Jan,2025-01,2025-01
South Sudan,2025-01-03,Leer,percent_area_flooded,7.632826842,Unknown,2025,1,Jan,2025-01,2025-01
South Sudan,2025-01-03,Tonj East,percent_area_flooded,0.640427862,Unknown,2025,1,Jan,2025-01,2025-01
South Sudan,2025-01-03,Tonj North,percent_area_flooded,4.607256979,Unknown,2025,1,Jan,2025-01,2025-01
South Sudan,2025-01-03,Tonj South,percent_area_flooded,1.307802319,Unknown,2025,1,Jan,2025-01,2025-01
South Sudan,2025-01-03,Twic,percent_area_flooded,4.287080706,Unknown,2025,1,Jan,2025-01,2025-01
South Sudan,2025-01-03,Jur River,percent_area_flooded,0.158014386,Unknown,2025,1,Jan,2025-01,2025-01
South Sudan,2025-01-03,Wau,percent_area_flooded,0.005753225,Unknown,2025,1,Jan,2025-01,2025-01
South Sudan,2025-01-03,Gogrial West,percent_area_flooded,0.31842749,Unknown,2025,1,Jan,2025-01,2025-01
South Sudan,2025-01-03,Ezo,percent_area_flooded,0.009924013,Unknown,2025,1,Jan,2025-01,2025-01
South Sudan,2025-01-03,Mundri West,percent_area_flooded,0.030511727,Unknown,2025,1,Jan,2025-01,2025-01
South Sudan,2025-01-03,Nagero,percent_area_flooded,0.006444005,Unknown,2025,1,Jan,2025-01,2025-01
South Sudan,2025-01-03,Nzara,percent_area_flooded,0.017196706,Unknown,2025,1,Jan,2025-01,2025-01
South Sudan,2025-01-03,Tambura,percent_area_flooded,0.012217032,Unknown,2025,1,Jan,2025-01,2025-01
South Sudan,2025-01-03,Yambio,percent_area_flooded,0.035704336,Unknown,2025,1,Jan,2025-01,2025-01
South Sudan,2025-01-03,Koch,percent_area_flooded,4.998941868,Unknown,2025,1,Jan,2025-01,2025-01
South Sudan,2025-01-03,Mundri East,percent_area_flooded,0.010259979,Unknown,2025,1,Jan,2025-01,2025-01
South Sudan,2025-01-03,Gogrial East,percent_area_flooded,2.968682638,Unknown,2025,1,Jan,2025-01,2025-01
South Sudan,2025-01-03,Raja,percent_area_flooded,0.009901947,Unknown,2025,1,Jan,2025-01,2025-01
South Sudan,2025-01-03,Renk,percent_area_flooded,0.446252991,Unknown,2025,1,Jan,2025-01,2025-01
South Sudan,2025-01-03,Ulang,percent_area_flooded,6.246666394,Unknown,2025,1,Jan,2025-01,2025-01
South Sudan,2025-01-03,Mayendit,percent_area_flooded,19.7502794,Unknown,2025,1,Jan,2025-01,2025-01
South Sudan,2025-01-03,Mayom,percent_area_flooded,17.2757276,Unknown,2025,1,Jan,2025-01,2025-01
South Sudan,2025-01-03,Panyijiar,percent_area_flooded,8.293598104,Unknown,2025,1,Jan,2025-01,2025-01
South Sudan,2025-01-03,Rubkona,percent_area_flooded,51.90398517,Unknown,2025,1,Jan,2025-01,2025-01
South Sudan,2025-01-03,Fashoda,percent_area_flooded,1.497582285,Unknown,2025,1,Jan,2025-01,2025-01
South Sudan,2025-01-03,Longochuk,percent_area_flooded,0.406137445,Unknown,2025,1,Jan,2025-01,2025-01
South Sudan,2025-01-03,Baliet,percent_area_flooded,2.285509093,Unknown,2025,1,Jan,2025-01,2025-01
South Sudan,2025-01-03,Maban,percent_area_flooded,0.301057928,Unknown,2025,1,Jan,2025-01,2025-01
South Sudan,2025-01-03,Maiwut,percent_area_flooded,1.033633633,Unknown,2025,1,Jan,2025-01,2025-01
South Sudan,2025-01-03,Malakal,percent_area_flooded,1.778375202,Unknown,2025,1,Jan,2025-01,2025-01
South Sudan,2025-01-03,Manyo,percent_area_flooded,2.112483172,Unknown,2025,1,Jan,2025-01,2025-01
South Sudan,2025-01-03,Melut,percent_area_flooded,3.112074988,Unknown,2025,1,Jan,2025-01,2025-01
South Sudan,2025-01-03,Panyikang,percent_area_flooded,3.398078744,Unknown,2025,1,Jan,2025-01,2025-01
South Sudan,2025-01-03,Luakpiny/Nasir,percent_area_flooded,7.319818658,Unknown,2025,1,Jan,2025-01,2025-01
South Sudan,2025-01-16,Longochuk,percent_area_flooded,1.55263698,Unknown,2025,1,Jan,2025-01,2025-01
South Sudan,2025-01-16,Pariang,percent_area_flooded,7.316072769,Unknown,2025,1,Jan,2025-01,2025-01
South Sudan,2025-01-16,Aweil East,percent_area_flooded,0.535119919,Unknown,2025,1,Jan,2025-01,2025-01
South Sudan,2025-01-16,Fashoda,percent_area_flooded,5.708788225,Unknown,2025,1,Jan,2025-01,2025-01
South Sudan,2025-01-16,Baliet,percent_area_flooded,6.911820993,Unknown,2025,1,Jan,2025-01,2025-01
South Sudan,2025-01-16,Rubkona,percent_area_flooded,47.89672356,Unknown,2025,1,Jan,2025-01,2025-01
South Sudan,2025-01-16,Panyijiar,percent_area_flooded,8.403848906,Unknown,2025,1,Jan,2025-01,2025-01
South Sudan,2025-01-16,Aweil South,percent_area_flooded,0.571724077,Unknown,2025,1,Jan,2025-01,2025-01
South Sudan,2025-01-16,Mayendit,percent_area_flooded,19.39297693,Unknown,2025,1,Jan,2025-01,2025-01
South Sudan,2025-01-16,Leer,percent_area_flooded,5.924158188,Unknown,2025,1,Jan,2025-01,2025-01
South Sudan,2025-01-16,Koch,percent_area_flooded,4.870901383,Unknown,2025,1,Jan,2025-01,2025-01
South Sudan,2025-01-16,Guit,percent_area_flooded,23.80988812,Unknown,2025,1,Jan,2025-01,2025-01
South Sudan,2025-01-16,Abiemnhom,percent_area_flooded,1.028243247,Unknown,2025,1,Jan,2025-01,2025-01
South Sudan,2025-01-16,Aweil West,percent_area_flooded,0.036583011,Unknown,2025,1,Jan,2025-01,2025-01
South Sudan,2025-01-16,Luakpiny/Nasir,percent_area_flooded,3.150778642,Unknown,2025,1,Jan,2025-01,2025-01
South Sudan,2025-01-16,Mayom,percent_area_flooded,24.7741303,Unknown,2025,1,Jan,2025-01,2025-01
South Sudan,2025-01-16,Maban,percent_area_flooded,2.242285413,Unknown,2025,1,Jan,2025-01,2025-01
South Sudan,2025-01-16,Ezo,percent_area_flooded,0.075716544,Unknown,2025,1,Jan,2025-01,2025-01
South Sudan,2025-01-16,Malakal,percent_area_flooded,4.497861368,Unknown,2025,1,Jan,2025-01,2025-01
South Sudan,2025-01-16,Maridi,percent_area_flooded,0.00465276,Unknown,2025,1,Jan,2025-01,2025-01
South Sudan,2025-01-16,Ibba,percent_area_flooded,0.112360044,Unknown,2025,1,Jan,2025-01,2025-01
South Sudan,2025-01-16,Aweil Centre,percent_area_flooded,0.103262389,Unknown,2025,1,Jan,2025-01,2025-01
South Sudan,2025-01-16,Wau,percent_area_flooded,0.014643369,Unknown,2025,1,Jan,2025-01,2025-01
South Sudan,2025-01-16,Raja,percent_area_flooded,0.041556491,Unknown,2025,1,Jan,2025-01,2025-01
South Sudan,2025-01-16,Jur River,percent_area_flooded,0.430177387,Unknown,2025,1,Jan,2025-01,2025-01
South Sudan,2025-01-16,Twic,percent_area_flooded,14.00437818,Unknown,2025,1,Jan,2025-01,2025-01
South Sudan,2025-01-16,Tonj South,percent_area_flooded,0.674864545,Unknown,2025,1,Jan,2025-01,2025-01
South Sudan,2025-01-16,Tonj North,percent_area_flooded,10.770858,Unknown,2025,1,Jan,2025-01,2025-01
South Sudan,2025-01-16,Tonj East,percent_area_flooded,5.544727686,Unknown,2025,1,Jan,2025-01,2025-01
South Sudan,2025-01-16,Gogrial West,percent_area_flooded,0.584100412,Unknown,2025,1,Jan,2025-01,2025-01
South Sudan,2025-01-16,Gogrial East,percent_area_flooded,5.445965956,Unknown,2025,1,Jan,2025-01,2025-01
South Sudan,2025-01-16,Ulang,percent_area_flooded,3.452540157,Unknown,2025,1,Jan,2025-01,2025-01
South Sudan,2025-01-16,Renk,percent_area_flooded,0.90660637,Unknown,2025,1,Jan,2025-01,2025-01
South Sudan,2025-01-16,Panyikang,percent_area_flooded,4.876154766,Unknown,2025,1,Jan,2025-01,2025-01
South Sudan,2025-01-16,Melut,percent_area_flooded,8.212126751,Unknown,2025,1,Jan,2025-01,2025-01
South Sudan,2025-01-16,Manyo,percent_area_flooded,4.996088398,Unknown,2025,1,Jan,2025-01,2025-01
South Sudan,2025-01-16,Maiwut,percent_area_flooded,0.536807152,Unknown,2025,1,Jan,2025-01,2025-01
South Sudan,2025-01-16,Yirol West,percent_area_flooded,3.270377037,Unknown,2025,1,Jan,2025-01,2025-01
South Sudan,2025-01-16,Ayod,percent_area_flooded,11.93988241,Unknown,2025,1,Jan,2025-01,2025-01
South Sudan,2025-01-16,Wulu,percent_area_flooded,0.062638621,Unknown,2025,1,Jan,2025-01,2025-01
South Sudan,2025-01-16,Ikotos,percent_area_flooded,0.131339325,Unknown,2025,1,Jan,2025-01,2025-01
South Sudan,2025-01-16,Budi,percent_area_flooded,0.317661739,Unknown,2025,1,Jan,2025-01,2025-01
South Sudan,2025-01-16,Yei,percent_area_flooded,0.003251049,Unknown,2025,1,Jan,2025-01,2025-01
South Sudan,2025-01-16,Terekeka,percent_area_flooded,2.116445604,Unknown,2025,1,Jan,2025-01,2025-01
South Sudan,2025-01-16,Morobo,percent_area_flooded,0.02126028,Unknown,2025,1,Jan,2025-01,2025-01
South Sudan,2025-01-16,Juba,percent_area_flooded,1.042873562,Unknown,2025,1,Jan,2025-01,2025-01
South Sudan,2025-01-16,Yambio,percent_area_flooded,0.033676961,Unknown,2025,1,Jan,2025-01,2025-01
South Sudan,2025-01-16,Kapoeta East,percent_area_flooded,0.458950789,Unknown,2025,1,Jan,2025-01,2025-01
South Sudan,2025-01-16,Tambura,percent_area_flooded,0.019436188,Unknown,2025,1,Jan,2025-01,2025-01
South Sudan,2025-01-16,Nagero,percent_area_flooded,0.030716423,Unknown,2025,1,Jan,2025-01,2025-01
South Sudan,2025-01-16,Nzara,percent_area_flooded,0.144636579,Unknown,2025,1,Jan,2025-01,2025-01
South Sudan,2025-01-16,Nagero,percent_area_flooded,0.030716423,Unknown,2025,1,Jan,2025-01,2025-01
South Sudan,2025-01-16,Mvolo,percent_area_flooded,0.165798323,Unknown,2025,1,Jan,2025-01,2025-01
South Sudan,2025-01-16,Mvolo,percent_area_flooded,0.165798323,Unknown,2025,1,Jan,2025-01,2025-01
South Sudan,2025-01-16,Tambura,percent_area_flooded,0.019436188,Unknown,2025,1,Jan,2025-01,2025-01
South Sudan,2025-01-16,Mundri West,percent_area_flooded,0.030330353,Unknown,2025,1,Jan,2025-01,2025-01
South Sudan,2025-01-16,Nzara,percent_area_flooded,0.144636579,Unknown,2025,1,Jan,2025-01,2025-01
South Sudan,2025-01-16,Yirol East,percent_area_flooded,6.418564173,Unknown,2025,1,Jan,2025-01,2025-01
South Sudan,2025-01-16,Kapoeta North,percent_area_flooded,1.189044367,Unknown,2025,1,Jan,2025-01,2025-01
South Sudan,2025-01-16,Magwi,percent_area_flooded,0.287393812,Unknown,2025,1,Jan,2025-01,2025-01
South Sudan,2025-01-16,Rumbek North,percent_area_flooded,13.50985163,Unknown,2025,1,Jan,2025-01,2025-01
South Sudan,2025-01-16,Rumbek East,percent_area_flooded,1.750457479,Unknown,2025,1,Jan,2025-01,2025-01
South Sudan,2025-01-16,Rumbek Centre,percent_area_flooded,5.856822298,Unknown,2025,1,Jan,2025-01,2025-01
South Sudan,2025-01-16,Cueibet,percent_area_flooded,0.841719333,Unknown,2025,1,Jan,2025-01,2025-01
South Sudan,2025-01-16,Awerial,percent_area_flooded,5.808517662,Unknown,2025,1,Jan,2025-01,2025-01
South Sudan,2025-01-16,Uror,percent_area_flooded,5.951262145,Unknown,2025,1,Jan,2025-01,2025-01
South Sudan,2025-01-16,Twic East,percent_area_flooded,16.50138832,Unknown,2025,1,Jan,2025-01,2025-01
South Sudan,2025-01-16,Lafon,percent_area_flooded,4.47616067,Unknown,2025,1,Jan,2025-01,2025-01
South Sudan,2025-01-16,Pochalla,percent_area_flooded,10.37864453,Unknown,2025,1,Jan,2025-01,2025-01
South Sudan,2025-01-16,Nyirol,percent_area_flooded,2.598514046,Unknown,2025,1,Jan,2025-01,2025-01
South Sudan,2025-01-16,Fangak,percent_area_flooded,19.84209121,Unknown,2025,1,Jan,2025-01,2025-01
South Sudan,2025-01-16,Duk,percent_area_flooded,14.12593031,Unknown,2025,1,Jan,2025-01,2025-01
South Sudan,2025-01-16,Canal/Pigi,percent_area_flooded,3.87594312,Unknown,2025,1,Jan,2025-01,2025-01
South Sudan,2025-01-16,Bor South,percent_area_flooded,9.708392665,Unknown,2025,1,Jan,2025-01,2025-01
South Sudan,2025-01-16,Akobo,percent_area_flooded,8.431798321,Unknown,2025,1,Jan,2025-01,2025-01
South Sudan,2025-01-16,Torit,percent_area_flooded,0.385909336,Unknown,2025,1,Jan,2025-01,2025-01
South Sudan,2025-01-16,Pibor,percent_area_flooded,3.988038263,Unknown,2025,1,Jan,2025-01,2025-01
South Sudan,2025-01-16,Mundri East,percent_area_flooded,0.022618589,Unknown,2025,1,Jan,2025-01,2025-01
South Sudan,2025-01-16,Yambio,percent_area_flooded,0.033676961,Unknown,2025,1,Jan,2025-01,2025-01
South Sudan,2025-01-16,Mundri East,percent_area_flooded,0.022618589,Unknown,2025,1,Jan,2025-01,2025-01
South Sudan,2025-01-16,Terekeka,percent_area_flooded,2.116445604,Unknown,2025,1,Jan,2025-01,2025-01
South Sudan,2025-01-16,Morobo,percent_area_flooded,0.02126028,Unknown,2025,1,Jan,2025-01,2025-01
South Sudan,2025-01-16,Juba,percent_area_flooded,1.042873562,Unknown,2025,1,Jan,2025-01,2025-01
South Sudan,2025-01-16,Yambio,percent_area_flooded,0.033676961,Unknown,2025,1,Jan,2025-01,2025-01
South Sudan,2025-01-16,Tambura,percent_area_flooded,0.019436188,Unknown,2025,1,Jan,2025-01,2025-01
South Sudan,2025-01-16,Nzara,percent_area_flooded,0.144636579,Unknown,2025,1,Jan,2025-01,2025-01
South Sudan,2025-01-16,Nagero,percent_area_flooded,0.030716423,Unknown,2025,1,Jan,2025-01,2025-01
South Sudan,2025-01-16,Mvolo,percent_area_flooded,0.165798323,Unknown,2025,1,Jan,2025-01,2025-01
South Sudan,2025-01-16,Juba,percent_area_flooded,1.042873562,Unknown,2025,1,Jan,2025-01,2025-01
South Sudan,2025-01-16,Morobo,percent_area_flooded,0.02126028,Unknown,2025,1,Jan,2025-01,2025-01
South Sudan,2025-01-16,Terekeka,percent_area_flooded,2.116445604,Unknown,2025,1,Jan,2025-01,2025-01
South Sudan,2025-01-16,Yei,percent_area_flooded,0.003251049,Unknown,2025,1,Jan,2025-01,2025-01
South Sudan,2025-01-16,Budi,percent_area_flooded,0.317661739,Unknown,2025,1,Jan,2025-01,2025-01
South Sudan,2025-01-16,Ikotos,percent_area_flooded,0.131339325,Unknown,2025,1,Jan,2025-01,2025-01
South Sudan,2025-01-16,Kapoeta East,percent_area_flooded,0.458950789,Unknown,2025,1,Jan,2025-01,2025-01
South Sudan,2025-01-16,Kapoeta North,percent_area_flooded,1.189044367,Unknown,2025,1,Jan,2025-01,2025-01
South Sudan,2025-01-16,Lafon,percent_area_flooded,4.47616067,Unknown,2025,1,Jan,2025-01,2025-01
South Sudan,2025-01-16,Magwi,percent_area_flooded,0.287393812,Unknown,2025,1,Jan,2025-01,2025-01
South Sudan,2025-01-16,Torit,percent_area_flooded,0.385909336,Unknown,2025,1,Jan,2025-01,2025-01
South Sudan,2025-01-16,Akobo,percent_area_flooded,8.431798321,Unknown,2025,1,Jan,2025-01,2025-01
South Sudan,2025-01-16,Ayod,percent_area_flooded,11.93988241,Unknown,2025,1,Jan,2025-01,2025-01
South Sudan,2025-01-16,Bor South,percent_area_flooded,9.708392665,Unknown,2025,1,Jan,2025-01,2025-01
South Sudan,2025-01-16,Canal/Pigi,percent_area_flooded,3.87594312,Unknown,2025,1,Jan,2025-01,2025-01
South Sudan,2025-01-16,Yei,percent_area_flooded,0.003251049,Unknown,2025,1,Jan,2025-01,2025-01
South Sudan,2025-01-16,Duk,percent_area_flooded,14.12593031,Unknown,2025,1,Jan,2025-01,2025-01
South Sudan,2025-01-16,Budi,percent_area_flooded,0.317661739,Unknown,2025,1,Jan,2025-01,2025-01
South Sudan,2025-01-16,Kapoeta East,percent_area_flooded,0.458950789,Unknown,2025,1,Jan,2025-01,2025-01
South Sudan,2025-01-16,Yirol West,percent_area_flooded,3.270377037,Unknown,2025,1,Jan,2025-01,2025-01
South Sudan,2025-01-16,Yirol East,percent_area_flooded,6.418564173,Unknown,2025,1,Jan,2025-01,2025-01
South Sudan,2025-01-16,Wulu,percent_area_flooded,0.062638621,Unknown,2025,1,Jan,2025-01,2025-01
South Sudan,2025-01-16,Rumbek North,percent_area_flooded,13.50985163,Unknown,2025,1,Jan,2025-01,2025-01
South Sudan,2025-01-16,Rumbek East,percent_area_flooded,1.750457479,Unknown,2025,1,Jan,2025-01,2025-01
South Sudan,2025-01-16,Rumbek Centre,percent_area_flooded,5.856822298,Unknown,2025,1,Jan,2025-01,2025-01
South Sudan,2025-01-16,Cueibet,percent_area_flooded,0.841719333,Unknown,2025,1,Jan,2025-01,2025-01
South Sudan,2025-01-16,Awerial,percent_area_flooded,5.808517662,Unknown,2025,1,Jan,2025-01,2025-01
South Sudan,2025-01-16,Uror,percent_area_flooded,5.951262145,Unknown,2025,1,Jan,2025-01,2025-01
South Sudan,2025-01-16,Twic East,percent_area_flooded,16.50138832,Unknown,2025,1,Jan,2025-01,2025-01
South Sudan,2025-01-16,Pochalla,percent_area_flooded,10.37864453,Unknown,2025,1,Jan,2025-01,2025-01
South Sudan,2025-01-16,Pibor,percent_area_flooded,3.988038263,Unknown,2025,1,Jan,2025-01,2025-01
South Sudan,2025-01-16,Nyirol,percent_area_flooded,2.598514046,Unknown,2025,1,Jan,2025-01,2025-01
South Sudan,2025-01-16,Fangak,percent_area_flooded,19.84209121,Unknown,2025,1,Jan,2025-01,2025-01
South Sudan,2025-01-16,Duk,percent_area_flooded,14.12593031,Unknown,2025,1,Jan,2025-01,2025-01
South Sudan,2025-01-16,Canal/Pigi,percent_area_flooded,3.87594312,Unknown,2025,1,Jan,2025-01,2025-01
South Sudan,2025-01-16,Bor South,percent_area_flooded,9.708392665,Unknown,2025,1,Jan,2025-01,2025-01
South Sudan,2025-01-16,Ayod,percent_area_flooded,11.93988241,Unknown,2025,1,Jan,2025-01,2025-01
South Sudan,2025-01-16,Akobo,percent_area_flooded,8.431798321,Unknown,2025,1,Jan,2025-01,2025-01
South Sudan,2025-01-16,Torit,percent_area_flooded,0.385909336,Unknown,2025,1,Jan,2025-01,2025-01
South Sudan,2025-01-16,Magwi,percent_area_flooded,0.287393812,Unknown,2025,1,Jan,2025-01,2025-01
South Sudan,2025-01-16,Lafon,percent_area_flooded,4.47616067,Unknown,2025,1,Jan,2025-01,2025-01
South Sudan,2025-01-16,Kapoeta North,percent_area_flooded,1.189044367,Unknown,2025,1,Jan,2025-01,2025-01
South Sudan,2025-01-16,Ikotos,percent_area_flooded,0.131339325,Unknown,2025,1,Jan,2025-01,2025-01
South Sudan,2025-01-16,Aweil Centre,percent_area_flooded,0.103262389,Unknown,2025,1,Jan,2025-01,2025-01
South Sudan,2025-01-16,Fangak,percent_area_flooded,19.84209121,Unknown,2025,1,Jan,2025-01,2025-01
South Sudan,2025-01-16,Pibor,percent_area_flooded,3.988038263,Unknown,2025,1,Jan,2025-01,2025-01
South Sudan,2025-01-16,Maban,percent_area_flooded,2.242285413,Unknown,2025,1,Jan,2025-01,2025-01
South Sudan,2025-01-16,Maiwut,percent_area_flooded,0.536807152,Unknown,2025,1,Jan,2025-01,2025-01
South Sudan,2025-01-16,Malakal,percent_area_flooded,4.497861368,Unknown,2025,1,Jan,2025-01,2025-01
South Sudan,2025-01-16,Manyo,percent_area_flooded,4.996088398,Unknown,2025,1,Jan,2025-01,2025-01
South Sudan,2025-01-16,Melut,percent_area_flooded,8.212126751,Unknown,2025,1,Jan,2025-01,2025-01
South Sudan,2025-01-16,Panyikang,percent_area_flooded,4.876154766,Unknown,2025,1,Jan,2025-01,2025-01
South Sudan,2025-01-16,Renk,percent_area_flooded,0.90660637,Unknown,2025,1,Jan,2025-01,2025-01
South Sudan,2025-01-16,Ulang,percent_area_flooded,3.452540157,Unknown,2025,1,Jan,2025-01,2025-01
South Sudan,2025-01-16,Gogrial East,percent_area_flooded,5.445965956,Unknown,2025,1,Jan,2025-01,2025-01
South Sudan,2025-01-16,Gogrial West,percent_area_flooded,0.584100412,Unknown,2025,1,Jan,2025-01,2025-01
South Sudan,2025-01-16,Tonj East,percent_area_flooded,5.544727686,Unknown,2025,1,Jan,2025-01,2025-01
South Sudan,2025-01-16,Tonj North,percent_area_flooded,10.770858,Unknown,2025,1,Jan,2025-01,2025-01
South Sudan,2025-01-16,Tonj South,percent_area_flooded,0.674864545,Unknown,2025,1,Jan,2025-01,2025-01
South Sudan,2025-01-16,Twic,percent_area_flooded,14.00437818,Unknown,2025,1,Jan,2025-01,2025-01
South Sudan,2025-01-16,Jur River,percent_area_flooded,0.430177387,Unknown,2025,1,Jan,2025-01,2025-01
South Sudan,2025-01-16,Raja,percent_area_flooded,0.041556491,Unknown,2025,1,Jan,2025-01,2025-01
South Sudan,2025-01-16,Wau,percent_area_flooded,0.014643369,Unknown,2025,1,Jan,2025-01,2025-01
South Sudan,2025-01-16,Ezo,percent_area_flooded,0.075716544,Unknown,2025,1,Jan,2025-01,2025-01
South Sudan,2025-01-16,Ibba,percent_area_flooded,0.112360044,Unknown,2025,1,Jan,2025-01,2025-01
South Sudan,2025-01-16,Maridi,percent_area_flooded,0.00465276,Unknown,2025,1,Jan,2025-01,2025-01
South Sudan,2025-01-16,Mundri East,percent_area_flooded,0.022618589,Unknown,2025,1,Jan,2025-01,2025-01
South Sudan,2025-01-16,Mundri West,percent_area_flooded,0.030330353,Unknown,2025,1,Jan,2025-01,2025-01
South Sudan,2025-01-16,Mundri West,percent_area_flooded,0.030330353,Unknown,2025,1,Jan,2025-01,2025-01
South Sudan,2025-01-16,Luakpiny/Nasir,percent_area_flooded,3.150778642,Unknown,2025,1,Jan,2025-01,2025-01
South Sudan,2025-01-16,Nyirol,percent_area_flooded,2.598514046,Unknown,2025,1,Jan,2025-01,2025-01
South Sudan,2025-01-16,Longochuk,percent_area_flooded,1.55263698,Unknown,2025,1,Jan,2025-01,2025-01
South Sudan,2025-01-16,Baliet,percent_area_flooded,6.911820993,Unknown,2025,1,Jan,2025-01,2025-01
South Sudan,2025-01-16,Pochalla,percent_area_flooded,10.37864453,Unknown,2025,1,Jan,2025-01,2025-01
South Sudan,2025-01-16,Twic East,percent_area_flooded,16.50138832,Unknown,2025,1,Jan,2025-01,2025-01
South Sudan,2025-01-16,Uror,percent_area_flooded,5.951262145,Unknown,2025,1,Jan,2025-01,2025-01
South Sudan,2025-01-16,Awerial,percent_area_flooded,5.808517662,Unknown,2025,1,Jan,2025-01,2025-01
South Sudan,2025-01-16,Cueibet,percent_area_flooded,0.841719333,Unknown,2025,1,Jan,2025-01,2025-01
South Sudan,2025-01-16,Rumbek Centre,percent_area_flooded,5.856822298,Unknown,2025,1,Jan,2025-01,2025-01
South Sudan,2025-01-16,Rumbek East,percent_area_flooded,1.750457479,Unknown,2025,1,Jan,2025-01,2025-01
South Sudan,2025-01-16,Rumbek North,percent_area_flooded,13.50985163,Unknown,2025,1,Jan,2025-01,2025-01
South Sudan,2025-01-16,Wulu,percent_area_flooded,0.062638621,Unknown,2025,1,Jan,2025-01,2025-01
South Sudan,2025-01-16,Yirol East,percent_area_flooded,6.418564173,Unknown,2025,1,Jan,2025-01,2025-01
South Sudan,2025-01-16,Yirol West,percent_area_flooded,3.270377037,Unknown,2025,1,Jan,2025-01,2025-01
South Sudan,2025-01-16,Aweil Centre,percent_area_flooded,0.103262389,Unknown,2025,1,Jan,2025-01,2025-01
South Sudan,2025-01-16,Aweil East,percent_area_flooded,0.535119919,Unknown,2025,1,Jan,2025-01,2025-01
South Sudan,2025-01-16,Aweil South,percent_area_flooded,0.571724077,Unknown,2025,1,Jan,2025-01,2025-01
South Sudan,2025-01-16,Aweil West,percent_area_flooded,0.036583011,Unknown,2025,1,Jan,2025-01,2025-01
South Sudan,2025-01-16,Abiemnhom,percent_area_flooded,1.028243247,Unknown,2025,1,Jan,2025-01,2025-01
South Sudan,2025-01-16,Guit,percent_area_flooded,23.80988812,Unknown,2025,1,Jan,2025-01,2025-01
South Sudan,2025-01-16,Koch,percent_area_flooded,4.870901383,Unknown,2025,1,Jan,2025-01,2025-01
South Sudan,2025-01-16,Leer,percent_area_flooded,5.924158188,Unknown,2025,1,Jan,2025-01,2025-01
South Sudan,2025-01-16,Mayom,percent_area_flooded,24.7741303,Unknown,2025,1,Jan,2025-01,2025-01
South Sudan,2025-01-16,Panyijiar,percent_area_flooded,8.403848906,Unknown,2025,1,Jan,2025-01,2025-01
South Sudan,2025-01-16,Pariang,percent_area_flooded,7.316072769,Unknown,2025,1,Jan,2025-01,2025-01
South Sudan,2025-01-16,Rubkona,percent_area_flooded,47.89672356,Unknown,2025,1,Jan,2025-01,2025-01
South Sudan,2025-01-16,Fashoda,percent_area_flooded,5.708788225,Unknown,2025,1,Jan,2025-01,2025-01
South Sudan,2025-01-16,Aweil East,percent_area_flooded,0.535119919,Unknown,2025,1,Jan,2025-01,2025-01
South Sudan,2025-01-16,Mayendit,percent_area_flooded,19.39297693,Unknown,2025,1,Jan,2025-01,2025-01
South Sudan,2025-01-16,Aweil West,percent_area_flooded,0.036583011,Unknown,2025,1,Jan,2025-01,2025-01
South Sudan,2025-01-16,Panyikang,percent_area_flooded,4.876154766,Unknown,2025,1,Jan,2025-01,2025-01
South Sudan,2025-01-16,Renk,percent_area_flooded,0.90660637,Unknown,2025,1,Jan,2025-01,2025-01
South Sudan,2025-01-16,Aweil South,percent_area_flooded,0.571724077,Unknown,2025,1,Jan,2025-01,2025-01
South Sudan,2025-01-16,Ibba,percent_area_flooded,0.112360044,Unknown,2025,1,Jan,2025-01,2025-01
South Sudan,2025-01-16,Ezo,percent_area_flooded,0.075716544,Unknown,2025,1,Jan,2025-01,2025-01
South Sudan,2025-01-16,Wau,percent_area_flooded,0.014643369,Unknown,2025,1,Jan,2025-01,2025-01
South Sudan,2025-01-16,Raja,percent_area_flooded,0.041556491,Unknown,2025,1,Jan,2025-01,2025-01
South Sudan,2025-01-16,Jur River,percent_area_flooded,0.430177387,Unknown,2025,1,Jan,2025-01,2025-01
South Sudan,2025-01-16,Twic,percent_area_flooded,14.00437818,Unknown,2025,1,Jan,2025-01,2025-01
South Sudan,2025-01-16,Tonj North,percent_area_flooded,10.770858,Unknown,2025,1,Jan,2025-01,2025-01
South Sudan,2025-01-16,Tonj East,percent_area_flooded,5.544727686,Unknown,2025,1,Jan,2025-01,2025-01
South Sudan,2025-01-16,Maridi,percent_area_flooded,0.00465276,Unknown,2025,1,Jan,2025-01,2025-01
South Sudan,2025-01-16,Gogrial West,percent_area_flooded,0.584100412,Unknown,2025,1,Jan,2025-01,2025-01
South Sudan,2025-01-16,Gogrial East,percent_area_flooded,5.445965956,Unknown,2025,1,Jan,2025-01,2025-01
South Sudan,2025-01-16,Ulang,percent_area_flooded,3.452540157,Unknown,2025,1,Jan,2025-01,2025-01
South Sudan,2025-01-16,Melut,percent_area_flooded,8.212126751,Unknown,2025,1,Jan,2025-01,2025-01
South Sudan,2025-01-16,Manyo,percent_area_flooded,4.996088398,Unknown,2025,1,Jan,2025-01,2025-01
South Sudan,2025-01-16,Tonj South,percent_area_flooded,0.674864545,Unknown,2025,1,Jan,2025-01,2025-01
South Sudan,2025-01-16,Maiwut,percent_area_flooded,0.536807152,Unknown,2025,1,Jan,2025-01,2025-01
South Sudan,2025-01-16,Guit,percent_area_flooded,23.80988812,Unknown,2025,1,Jan,2025-01,2025-01
South Sudan,2025-01-16,Malakal,percent_area_flooded,4.497861368,Unknown,2025,1,Jan,2025-01,2025-01
South Sudan,2025-01-16,Koch,percent_area_flooded,4.870901383,Unknown,2025,1,Jan,2025-01,2025-01
South Sudan,2025-01-16,Leer,percent_area_flooded,5.924158188,Unknown,2025,1,Jan,2025-01,2025-01
South Sudan,2025-01-16,Mayendit,percent_area_flooded,19.39297693,Unknown,2025,1,Jan,2025-01,2025-01
South Sudan,2025-01-16,Mayom,percent_area_flooded,24.7741303,Unknown,2025,1,Jan,2025-01,2025-01
South Sudan,2025-01-16,Panyijiar,percent_area_flooded,8.403848906,Unknown,2025,1,Jan,2025-01,2025-01
South Sudan,2025-01-16,Pariang,percent_area_flooded,7.316072769,Unknown,2025,1,Jan,2025-01,2025-01
South Sudan,2025-01-16,Abiemnhom,percent_area_flooded,1.028243247,Unknown,2025,1,Jan,2025-01,2025-01
South Sudan,2025-01-16,Baliet,percent_area_flooded,6.911820993,Unknown,2025,1,Jan,2025-01,2025-01
South Sudan,2025-01-16,Fashoda,percent_area_flooded,5.708788225,Unknown,2025,1,Jan,2025-01,2025-01
South Sudan,2025-01-16,Rubkona,percent_area_flooded,47.89672356,Unknown,2025,1,Jan,2025-01,2025-01
South Sudan,2025-01-16,Maban,percent_area_flooded,2.242285413,Unknown,2025,1,Jan,2025-01,2025-01
South Sudan,2025-01-16,Luakpiny/Nasir,percent_area_flooded,3.150778642,Unknown,2025,1,Jan,2025-01,2025-01
South Sudan,2025-01-16,Longochuk,percent_area_flooded,1.55263698,Unknown,2025,1,Jan,2025-01,2025-01
South Sudan,2025-02-16,Bor South,percent_area_flooded,1.998936456,Unknown,2025,2,Feb,2025-02,2025-02
South Sudan,2025-02-16,Wulu,percent_area_flooded,0.013231221,Unknown,2025,2,Feb,2025-02,2025-02
South Sudan,2025-02-16,Rumbek North,percent_area_flooded,4.588251496,Unknown,2025,2,Feb,2025-02,2025-02
South Sudan,2025-02-16,Rumbek East,percent_area_flooded,1.220091272,Unknown,2025,2,Feb,2025-02,2025-02
South Sudan,2025-02-16,Rumbek Centre,percent_area_flooded,4.443230445,Unknown,2025,2,Feb,2025-02,2025-02
South Sudan,2025-02-16,Cueibet,percent_area_flooded,0.369634279,Unknown,2025,2,Feb,2025-02,2025-02
South Sudan,2025-02-16,Awerial,percent_area_flooded,4.344718863,Unknown,2025,2,Feb,2025-02,2025-02
South Sudan,2025-02-16,Uror,percent_area_flooded,0.487557687,Unknown,2025,2,Feb,2025-02,2025-02
South Sudan,2025-02-16,Twic East,percent_area_flooded,9.045390549,Unknown,2025,2,Feb,2025-02,2025-02
South Sudan,2025-02-16,Juba,percent_area_flooded,0.333393962,Unknown,2025,2,Feb,2025-02,2025-02
South Sudan,2025-02-16,Pochalla,percent_area_flooded,2.535378972,Unknown,2025,2,Feb,2025-02,2025-02
South Sudan,2025-02-16,Terekeka,percent_area_flooded,0.757362347,Unknown,2025,2,Feb,2025-02,2025-02
South Sudan,2025-02-16,Pibor,percent_area_flooded,0.367111381,Unknown,2025,2,Feb,2025-02,2025-02
South Sudan,2025-02-16,Kapoeta East,percent_area_flooded,0.313717856,Unknown,2025,2,Feb,2025-02,2025-02
South Sudan,2025-02-16,Kapoeta North,percent_area_flooded,0.153745861,Unknown,2025,2,Feb,2025-02,2025-02
South Sudan,2025-02-16,Lafon,percent_area_flooded,1.81313994,Unknown,2025,2,Feb,2025-02,2025-02
South Sudan,2025-02-16,Magwi,percent_area_flooded,0.128431089,Unknown,2025,2,Feb,2025-02,2025-02
South Sudan,2025-02-16,Torit,percent_area_flooded,0.321477477,Unknown,2025,2,Feb,2025-02,2025-02
South Sudan,2025-02-16,Akobo,percent_area_flooded,4.327000324,Unknown,2025,2,Feb,2025-02,2025-02
South Sudan,2025-02-16,Nyirol,percent_area_flooded,0.302553384,Unknown,2025,2,Feb,2025-02,2025-02
South Sudan,2025-02-16,Fangak,percent_area_flooded,19.66097913,Unknown,2025,2,Feb,2025-02,2025-02
South Sudan,2025-02-16,Duk,percent_area_flooded,12.08417348,Unknown,2025,2,Feb,2025-02,2025-02
South Sudan,2025-02-16,Canal/Pigi,percent_area_flooded,1.680886933,Unknown,2025,2,Feb,2025-02,2025-02
South Sudan,2025-02-16,Ayod,percent_area_flooded,10.82480907,Unknown,2025,2,Feb,2025-02,2025-02
South Sudan,2025-02-16,Yirol East,percent_area_flooded,7.591229062,Unknown,2025,2,Feb,2025-02,2025-02
South Sudan,2025-02-16,Aweil South,percent_area_flooded,0.385961828,Unknown,2025,2,Feb,2025-02,2025-02
South Sudan,2025-02-16,Ulang,percent_area_flooded,9.89439552,Unknown,2025,2,Feb,2025-02,2025-02
South Sudan,2025-02-16,Renk,percent_area_flooded,0.529882882,Unknown,2025,2,Feb,2025-02,2025-02
South Sudan,2025-02-16,Panyikang,percent_area_flooded,4.702319781,Unknown,2025,2,Feb,2025-02,2025-02
South Sudan,2025-02-16,Manyo,percent_area_flooded,2.706518696,Unknown,2025,2,Feb,2025-02,2025-02
South Sudan,2025-02-16,Malakal,percent_area_flooded,2.757130605,Unknown,2025,2,Feb,2025-02,2025-02
South Sudan,2025-02-16,Maiwut,percent_area_flooded,0.459244649,Unknown,2025,2,Feb,2025-02,2025-02
South Sudan,2025-02-16,Maban,percent_area_flooded,0.481311809,Unknown,2025,2,Feb,2025-02,2025-02
South Sudan,2025-02-16,Luakpiny/Nasir,percent_area_flooded,4.362922435,Unknown,2025,2,Feb,2025-02,2025-02
South Sudan,2025-02-16,Longochuk,percent_area_flooded,0.319785461,Unknown,2025,2,Feb,2025-02,2025-02
South Sudan,2025-02-16,Fashoda,percent_area_flooded,2.176798791,Unknown,2025,2,Feb,2025-02,2025-02
South Sudan,2025-02-16,Baliet,percent_area_flooded,3.029271114,Unknown,2025,2,Feb,2025-02,2025-02
South Sudan,2025-02-16,Rubkona,percent_area_flooded,51.42822088,Unknown,2025,2,Feb,2025-02,2025-02
South Sudan,2025-02-16,Yirol West,percent_area_flooded,4.338484107,Unknown,2025,2,Feb,2025-02,2025-02
South Sudan,2025-02-16,Pariang,percent_area_flooded,7.009995624,Unknown,2025,2,Feb,2025-02,2025-02
South Sudan,2025-02-16,Mayom,percent_area_flooded,22.54946752,Unknown,2025,2,Feb,2025-02,2025-02
South Sudan,2025-02-16,Kapoeta East,percent_area_flooded,0.313717856,Unknown,2025,2,Feb,2025-02,2025-02
South Sudan,2025-02-16,Mayendit,percent_area_flooded,20.52239974,Unknown,2025,2,Feb,2025-02,2025-02
South Sudan,2025-02-16,Leer,percent_area_flooded,6.334531789,Unknown,2025,2,Feb,2025-02,2025-02
South Sudan,2025-02-16,Koch,percent_area_flooded,5.617692485,Unknown,2025,2,Feb,2025-02,2025-02
South Sudan,2025-02-16,Guit,percent_area_flooded,26.66575708,Unknown,2025,2,Feb,2025-02,2025-02
South Sudan,2025-02-16,Abiemnhom,percent_area_flooded,0.082194355,Unknown,2025,2,Feb,2025-02,2025-02
South Sudan,2025-02-16,Aweil West,percent_area_flooded,0.097630268,Unknown,2025,2,Feb,2025-02,2025-02
South Sudan,2025-02-16,Aweil North,percent_area_flooded,0.29412359,Unknown,2025,2,Feb,2025-02,2025-02
South Sudan,2025-02-16,Aweil East,percent_area_flooded,0.944499437,Unknown,2025,2,Feb,2025-02,2025-02
South Sudan,2025-02-16,Aweil Centre,percent_area_flooded,0.089605674,Unknown,2025,2,Feb,2025-02,2025-02
South Sudan,2025-02-16,Panyijiar,percent_area_flooded,8.149125157,Unknown,2025,2,Feb,2025-02,2025-02
South Sudan,2025-02-16,Kapoeta North,percent_area_flooded,0.153745861,Unknown,2025,2,Feb,2025-02,2025-02
South Sudan,2025-02-16,Pibor,percent_area_flooded,0.367111381,Unknown,2025,2,Feb,2025-02,2025-02
South Sudan,2025-02-16,Magwi,percent_area_flooded,0.128431089,Unknown,2025,2,Feb,2025-02,2025-02
South Sudan,2025-02-16,Baliet,percent_area_flooded,3.029271114,Unknown,2025,2,Feb,2025-02,2025-02
South Sudan,2025-02-16,Fashoda,percent_area_flooded,2.176798791,Unknown,2025,2,Feb,2025-02,2025-02
South Sudan,2025-02-16,Longochuk,percent_area_flooded,0.319785461,Unknown,2025,2,Feb,2025-02,2025-02
South Sudan,2025-02-16,Luakpiny/Nasir,percent_area_flooded,4.362922435,Unknown,2025,2,Feb,2025-02,2025-02
South Sudan,2025-02-16,Maban,percent_area_flooded,0.481311809,Unknown,2025,2,Feb,2025-02,2025-02
South Sudan,2025-02-16,Maiwut,percent_area_flooded,0.459244649,Unknown,2025,2,Feb,2025-02,2025-02
South Sudan,2025-02-16,Malakal,percent_area_flooded,2.757130605,Unknown,2025,2,Feb,2025-02,2025-02
South Sudan,2025-02-16,Manyo,percent_area_flooded,2.706518696,Unknown,2025,2,Feb,2025-02,2025-02
South Sudan,2025-02-16,Melut,percent_area_flooded,3.741502399,Unknown,2025,2,Feb,2025-02,2025-02
South Sudan,2025-02-16,Panyikang,percent_area_flooded,4.702319781,Unknown,2025,2,Feb,2025-02,2025-02
South Sudan,2025-02-16,Renk,percent_area_flooded,0.529882882,Unknown,2025,2,Feb,2025-02,2025-02
South Sudan,2025-02-16,Ulang,percent_area_flooded,9.89439552,Unknown,2025,2,Feb,2025-02,2025-02
South Sudan,2025-02-16,Gogrial East,percent_area_flooded,1.639917831,Unknown,2025,2,Feb,2025-02,2025-02
South Sudan,2025-02-16,Gogrial West,percent_area_flooded,0.0889108,Unknown,2025,2,Feb,2025-02,2025-02
South Sudan,2025-02-16,Rubkona,percent_area_flooded,51.42822088,Unknown,2025,2,Feb,2025-02,2025-02
South Sudan,2025-02-16,Tonj East,percent_area_flooded,2.307814012,Unknown,2025,2,Feb,2025-02,2025-02
South Sudan,2025-02-16,Tonj South,percent_area_flooded,0.380717262,Unknown,2025,2,Feb,2025-02,2025-02
South Sudan,2025-02-16,Twic,percent_area_flooded,5.553627845,Unknown,2025,2,Feb,2025-02,2025-02
South Sudan,2025-02-16,Jur River,percent_area_flooded,0.422419273,Unknown,2025,2,Feb,2025-02,2025-02
South Sudan,2025-02-16,Raja,percent_area_flooded,0.01886915,Unknown,2025,2,Feb,2025-02,2025-02
South Sudan,2025-02-16,Wau,percent_area_flooded,0.01895931,Unknown,2025,2,Feb,2025-02,2025-02
South Sudan,2025-02-16,Ezo,percent_area_flooded,0.016785059,Unknown,2025,2,Feb,2025-02,2025-02
South Sudan,2025-02-16,Ibba,percent_area_flooded,0.010710765,Unknown,2025,2,Feb,2025-02,2025-02
South Sudan,2025-02-16,Maridi,percent_area_flooded,0.008287728,Unknown,2025,2,Feb,2025-02,2025-02
South Sudan,2025-02-16,Mundri East,percent_area_flooded,0.022592043,Unknown,2025,2,Feb,2025-02,2025-02
South Sudan,2025-02-16,Mundri West,percent_area_flooded,0.011626635,Unknown,2025,2,Feb,2025-02,2025-02
South Sudan,2025-02-16,Mvolo,percent_area_flooded,0.050038922,Unknown,2025,2,Feb,2025-02,2025-02
South Sudan,2025-02-16,Nagero,percent_area_flooded,0.021050416,Unknown,2025,2,Feb,2025-02,2025-02
South Sudan,2025-02-16,Tambura,percent_area_flooded,0.006425842,Unknown,2025,2,Feb,2025-02,2025-02
South Sudan,2025-02-16,Yambio,percent_area_flooded,0.03705592,Unknown,2025,2,Feb,2025-02,2025-02
South Sudan,2025-02-16,Tonj North,percent_area_flooded,5.398271729,Unknown,2025,2,Feb,2025-02,2025-02
South Sudan,2025-02-16,Lafon,percent_area_flooded,1.81313994,Unknown,2025,2,Feb,2025-02,2025-02
South Sudan,2025-02-16,Pariang,percent_area_flooded,7.009995624,Unknown,2025,2,Feb,2025-02,2025-02
South Sudan,2025-02-16,Mayom,percent_area_flooded,22.54946752,Unknown,2025,2,Feb,2025-02,2025-02
South Sudan,2025-02-16,Torit,percent_area_flooded,0.321477477,Unknown,2025,2,Feb,2025-02,2025-02
South Sudan,2025-02-16,Akobo,percent_area_flooded,4.327000324,Unknown,2025,2,Feb,2025-02,2025-02
South Sudan,2025-02-16,Ayod,percent_area_flooded,10.82480907,Unknown,2025,2,Feb,2025-02,2025-02
South Sudan,2025-02-16,Bor South,percent_area_flooded,1.998936456,Unknown,2025,2,Feb,2025-02,2025-02
South Sudan,2025-02-16,Canal/Pigi,percent_area_flooded,1.680886933,Unknown,2025,2,Feb,2025-02,2025-02
South Sudan,2025-02-16,Duk,percent_area_flooded,12.08417348,Unknown,2025,2,Feb,2025-02,2025-02
South Sudan,2025-02-16,Fangak,percent_area_flooded,19.66097913,Unknown,2025,2,Feb,2025-02,2025-02
South Sudan,2025-02-16,Nyirol,percent_area_flooded,0.302553384,Unknown,2025,2,Feb,2025-02,2025-02
South Sudan,2025-02-16,Gogrial East,percent_area_flooded,1.639917831,Unknown,2025,2,Feb,2025-02,2025-02
South Sudan,2025-02-16,Pochalla,percent_area_flooded,2.535378972,Unknown,2025,2,Feb,2025-02,2025-02
South Sudan,2025-02-16,Twic East,percent_area_flooded,9.045390549,Unknown,2025,2,Feb,2025-02,2025-02
South Sudan,2025-02-16,Uror,percent_area_flooded,0.487557687,Unknown,2025,2,Feb,2025-02,2025-02
South Sudan,2025-02-16,Awerial,percent_area_flooded,4.344718863,Unknown,2025,2,Feb,2025-02,2025-02
South Sudan,2025-02-16,Cueibet,percent_area_flooded,0.369634279,Unknown,2025,2,Feb,2025-02,2025-02
South Sudan,2025-02-16,Panyijiar,percent_area_flooded,8.149125157,Unknown,2025,2,Feb,2025-02,2025-02
South Sudan,2025-02-16,Rumbek Centre,percent_area_flooded,4.443230445,Unknown,2025,2,Feb,2025-02,2025-02
South Sudan,2025-02-16,Rumbek North,percent_area_flooded,4.588251496,Unknown,2025,2,Feb,2025-02,2025-02
South Sudan,2025-02-16,Wulu,percent_area_flooded,0.013231221,Unknown,2025,2,Feb,2025-02,2025-02
South Sudan,2025-02-16,Yirol East,percent_area_flooded,7.591229062,Unknown,2025,2,Feb,2025-02,2025-02
South Sudan,2025-02-16,Yirol West,percent_area_flooded,4.338484107,Unknown,2025,2,Feb,2025-02,2025-02
South Sudan,2025-02-16,Aweil Centre,percent_area_flooded,0.089605674,Unknown,2025,2,Feb,2025-02,2025-02
South Sudan,2025-02-16,Aweil East,percent_area_flooded,0.944499437,Unknown,2025,2,Feb,2025-02,2025-02
South Sudan,2025-02-16,Aweil North,percent_area_flooded,0.29412359,Unknown,2025,2,Feb,2025-02,2025-02
South Sudan,2025-02-16,Aweil South,percent_area_flooded,0.385961828,Unknown,2025,2,Feb,2025-02,2025-02
South Sudan,2025-02-16,Aweil West,percent_area_flooded,0.097630268,Unknown,2025,2,Feb,2025-02,2025-02
South Sudan,2025-02-16,Abiemnhom,percent_area_flooded,0.082194355,Unknown,2025,2,Feb,2025-02,2025-02
South Sudan,2025-02-16,Guit,percent_area_flooded,26.66575708,Unknown,2025,2,Feb,2025-02,2025-02
South Sudan,2025-02-16,Koch,percent_area_flooded,5.617692485,Unknown,2025,2,Feb,2025-02,2025-02
South Sudan,2025-02-16,Leer,percent_area_flooded,6.334531789,Unknown,2025,2,Feb,2025-02,2025-02
South Sudan,2025-02-16,Mayendit,percent_area_flooded,20.52239974,Unknown,2025,2,Feb,2025-02,2025-02
South Sudan,2025-02-16,Rumbek East,percent_area_flooded,1.220091272,Unknown,2025,2,Feb,2025-02,2025-02
South Sudan,2025-02-16,Gogrial West,percent_area_flooded,0.0889108,Unknown,2025,2,Feb,2025-02,2025-02
South Sudan,2025-02-16,Melut,percent_area_flooded,3.741502399,Unknown,2025,2,Feb,2025-02,2025-02
South Sudan,2025-02-16,Tonj North,percent_area_flooded,5.398271729,Unknown,2025,2,Feb,2025-02,2025-02
South Sudan,2025-02-16,Manyo,percent_area_flooded,2.706518696,Unknown,2025,2,Feb,2025-02,2025-02
South Sudan,2025-02-16,Malakal,percent_area_flooded,2.757130605,Unknown,2025,2,Feb,2025-02,2025-02
South Sudan,2025-02-16,Maiwut,percent_area_flooded,0.459244649,Unknown,2025,2,Feb,2025-02,2025-02
South Sudan,2025-02-16,Luakpiny/Nasir,percent_area_flooded,4.362922435,Unknown,2025,2,Feb,2025-02,2025-02
South Sudan,2025-02-16,Longochuk,percent_area_flooded,0.319785461,Unknown,2025,2,Feb,2025-02,2025-02
South Sudan,2025-02-16,Fashoda,percent_area_flooded,2.176798791,Unknown,2025,2,Feb,2025-02,2025-02
South Sudan,2025-02-16,Baliet,percent_area_flooded,3.029271114,Unknown,2025,2,Feb,2025-02,2025-02
South Sudan,2025-02-16,Rubkona,percent_area_flooded,51.42822088,Unknown,2025,2,Feb,2025-02,2025-02
South Sudan,2025-02-16,Melut,percent_area_flooded,3.741502399,Unknown,2025,2,Feb,2025-02,2025-02
South Sudan,2025-02-16,Pariang,percent_area_flooded,7.009995624,Unknown,2025,2,Feb,2025-02,2025-02
South Sudan,2025-02-16,Mayom,percent_area_flooded,22.54946752,Unknown,2025,2,Feb,2025-02,2025-02
South Sudan,2025-02-16,Mayendit,percent_area_flooded,20.52239974,Unknown,2025,2,Feb,2025-02,2025-02
South Sudan,2025-02-16,Leer,percent_area_flooded,6.334531789,Unknown,2025,2,Feb,2025-02,2025-02
South Sudan,2025-02-16,Koch,percent_area_flooded,5.617692485,Unknown,2025,2,Feb,2025-02,2025-02
South Sudan,2025-02-16,Guit,percent_area_flooded,26.66575708,Unknown,2025,2,Feb,2025-02,2025-02
South Sudan,2025-02-16,Abiemnhom,percent_area_flooded,0.082194355,Unknown,2025,2,Feb,2025-02,2025-02
South Sudan,2025-02-16,Aweil West,percent_area_flooded,0.097630268,Unknown,2025,2,Feb,2025-02,2025-02
South Sudan,2025-02-16,Aweil South,percent_area_flooded,0.385961828,Unknown,2025,2,Feb,2025-02,2025-02
South Sudan,2025-02-16,Panyijiar,percent_area_flooded,8.149125157,Unknown,2025,2,Feb,2025-02,2025-02
South Sudan,2025-02-16,Panyikang,percent_area_flooded,4.702319781,Unknown,2025,2,Feb,2025-02,2025-02
South Sudan,2025-02-16,Renk,percent_area_flooded,0.529882882,Unknown,2025,2,Feb,2025-02,2025-02
South Sudan,2025-02-16,Ulang,percent_area_flooded,9.89439552,Unknown,2025,2,Feb,2025-02,2025-02
South Sudan,2025-02-16,Yambio,percent_area_flooded,0.03705592,Unknown,2025,2,Feb,2025-02,2025-02
South Sudan,2025-02-16,Tambura,percent_area_flooded,0.006425842,Unknown,2025,2,Feb,2025-02,2025-02
South Sudan,2025-02-16,Nagero,percent_area_flooded,0.021050416,Unknown,2025,2,Feb,2025-02,2025-02
South Sudan,2025-02-16,Mvolo,percent_area_flooded,0.050038922,Unknown,2025,2,Feb,2025-02,2025-02
South Sudan,2025-02-16,Mundri West,percent_area_flooded,0.011626635,Unknown,2025,2,Feb,2025-02,2025-02
South Sudan,2025-02-16,Mundri East,percent_area_flooded,0.022592043,Unknown,2025,2,Feb,2025-02,2025-02
South Sudan,2025-02-16,Maridi,percent_area_flooded,0.008287728,Unknown,2025,2,Feb,2025-02,2025-02
South Sudan,2025-02-16,Ibba,percent_area_flooded,0.010710765,Unknown,2025,2,Feb,2025-02,2025-02
South Sudan,2025-02-16,Ezo,percent_area_flooded,0.016785059,Unknown,2025,2,Feb,2025-02,2025-02
South Sudan,2025-02-16,Wau,percent_area_flooded,0.01895931,Unknown,2025,2,Feb,2025-02,2025-02
South Sudan,2025-02-16,Raja,percent_area_flooded,0.01886915,Unknown,2025,2,Feb,2025-02,2025-02
South Sudan,2025-02-16,Jur River,percent_area_flooded,0.422419273,Unknown,2025,2,Feb,2025-02,2025-02
South Sudan,2025-02-16,Twic,percent_area_flooded,5.553627845,Unknown,2025,2,Feb,2025-02,2025-02
South Sudan,2025-02-16,Tonj South,percent_area_flooded,0.380717262,Unknown,2025,2,Feb,2025-02,2025-02
South Sudan,2025-02-16,Tonj East,percent_area_flooded,2.307814012,Unknown,2025,2,Feb,2025-02,2025-02
South Sudan,2025-02-16,Tonj North,percent_area_flooded,5.398271729,Unknown,2025,2,Feb,2025-02,2025-02
South Sudan,2025-02-16,Tonj East,percent_area_flooded,2.307814012,Unknown,2025,2,Feb,2025-02,2025-02
South Sudan,2025-02-16,Gogrial West,percent_area_flooded,0.0889108,Unknown,2025,2,Feb,2025-02,2025-02
South Sudan,2025-02-16,Gogrial East,percent_area_flooded,1.639917831,Unknown,2025,2,Feb,2025-02,2025-02
South Sudan,2025-02-16,Aweil North,percent_area_flooded,0.29412359,Unknown,2025,2,Feb,2025-02,2025-02
South Sudan,2025-02-16,Aweil East,percent_area_flooded,0.944499437,Unknown,2025,2,Feb,2025-02,2025-02
South Sudan,2025-02-16,Maban,percent_area_flooded,0.481311809,Unknown,2025,2,Feb,2025-02,2025-02
South Sudan,2025-02-16,Yirol West,percent_area_flooded,4.338484107,Unknown,2025,2,Feb,2025-02,2025-02
South Sudan,2025-02-16,Kapoeta East,percent_area_flooded,0.313717856,Unknown,2025,2,Feb,2025-02,2025-02
South Sudan,2025-02-16,Juba,percent_area_flooded,0.333393962,Unknown,2025,2,Feb,2025-02,2025-02
South Sudan,2025-02-16,Juba,percent_area_flooded,0.333393962,Unknown,2025,2,Feb,2025-02,2025-02
South Sudan,2025-02-16,Tonj South,percent_area_flooded,0.380717262,Unknown,2025,2,Feb,2025-02,2025-02
South Sudan,2025-02-16,Twic,percent_area_flooded,5.553627845,Unknown,2025,2,Feb,2025-02,2025-02
South Sudan,2025-02-16,Jur River,percent_area_flooded,0.422419273,Unknown,2025,2,Feb,2025-02,2025-02
South Sudan,2025-02-16,Raja,percent_area_flooded,0.01886915,Unknown,2025,2,Feb,2025-02,2025-02
South Sudan,2025-02-16,Wau,percent_area_flooded,0.01895931,Unknown,2025,2,Feb,2025-02,2025-02
South Sudan,2025-02-16,Ezo,percent_area_flooded,0.016785059,Unknown,2025,2,Feb,2025-02,2025-02
South Sudan,2025-02-16,Ibba,percent_area_flooded,0.010710765,Unknown,2025,2,Feb,2025-02,2025-02
South Sudan,2025-02-16,Terekeka,percent_area_flooded,0.757362347,Unknown,2025,2,Feb,2025-02,2025-02
South Sudan,2025-02-16,Maridi,percent_area_flooded,0.008287728,Unknown,2025,2,Feb,2025-02,2025-02
South Sudan,2025-02-16,Mundri East,percent_area_flooded,0.022592043,Unknown,2025,2,Feb,2025-02,2025-02
South Sudan,2025-02-16,Aweil Centre,percent_area_flooded,0.089605674,Unknown,2025,2,Feb,2025-02,2025-02
South Sudan,2025-02-16,Mundri West,percent_area_flooded,0.011626635,Unknown,2025,2,Feb,2025-02,2025-02
South Sudan,2025-02-16,Mvolo,percent_area_flooded,0.050038922,Unknown,2025,2,Feb,2025-02,2025-02
South Sudan,2025-02-16,Nagero,percent_area_flooded,0.021050416,Unknown,2025,2,Feb,2025-02,2025-02
South Sudan,2025-02-16,Tambura,percent_area_flooded,0.006425842,Unknown,2025,2,Feb,2025-02,2025-02
South Sudan,2025-02-16,Yambio,percent_area_flooded,0.03705592,Unknown,2025,2,Feb,2025-02,2025-02
South Sudan,2025-02-16,Kapoeta North,percent_area_flooded,0.153745861,Unknown,2025,2,Feb,2025-02,2025-02
South Sudan,2025-02-16,Lafon,percent_area_flooded,1.81313994,Unknown,2025,2,Feb,2025-02,2025-02
South Sudan,2025-02-16,Terekeka,percent_area_flooded,0.757362347,Unknown,2025,2,Feb,2025-02,2025-02
South Sudan,2025-02-16,Torit,percent_area_flooded,0.321477477,Unknown,2025,2,Feb,2025-02,2025-02
South Sudan,2025-02-16,Wulu,percent_area_flooded,0.013231221,Unknown,2025,2,Feb,2025-02,2025-02
South Sudan,2025-02-16,Rumbek North,percent_area_flooded,4.588251496,Unknown,2025,2,Feb,2025-02,2025-02
South Sudan,2025-02-16,Rumbek East,percent_area_flooded,1.220091272,Unknown,2025,2,Feb,2025-02,2025-02
South Sudan,2025-02-16,Rumbek Centre,percent_area_flooded,4.443230445,Unknown,2025,2,Feb,2025-02,2025-02
South Sudan,2025-02-16,Cueibet,percent_area_flooded,0.369634279,Unknown,2025,2,Feb,2025-02,2025-02
South Sudan,2025-02-16,Awerial,percent_area_flooded,4.344718863,Unknown,2025,2,Feb,2025-02,2025-02
South Sudan,2025-02-16,Magwi,percent_area_flooded,0.128431089,Unknown,2025,2,Feb,2025-02,2025-02
South Sudan,2025-02-16,Uror,percent_area_flooded,0.487557687,Unknown,2025,2,Feb,2025-02,2025-02
South Sudan,2025-02-16,Twic East,percent_area_flooded,9.045390549,Unknown,2025,2,Feb,2025-02,2025-02
South Sudan,2025-02-16,Pochalla,percent_area_flooded,2.535378972,Unknown,2025,2,Feb,2025-02,2025-02
South Sudan,2025-02-16,Pibor,percent_area_flooded,0.367111381,Unknown,2025,2,Feb,2025-02,2025-02
South Sudan,2025-02-16,Nyirol,percent_area_flooded,0.302553384,Unknown,2025,2,Feb,2025-02,2025-02
South Sudan,2025-02-16,Fangak,percent_area_flooded,19.66097913,Unknown,2025,2,Feb,2025-02,2025-02
South Sudan,2025-02-16,Duk,percent_area_flooded,12.08417348,Unknown,2025,2,Feb,2025-02,2025-02
South Sudan,2025-02-16,Canal/Pigi,percent_area_flooded,1.680886933,Unknown,2025,2,Feb,2025-02,2025-02
South Sudan,2025-02-16,Bor South,percent_area_flooded,1.998936456,Unknown,2025,2,Feb,2025-02,2025-02
South Sudan,2025-02-16,Ayod,percent_area_flooded,10.82480907,Unknown,2025,2,Feb,2025-02,2025-02
South Sudan,2025-02-16,Akobo,percent_area_flooded,4.327000324,Unknown,2025,2,Feb,2025-02,2025-02
South Sudan,2025-02-16,Yirol East,percent_area_flooded,7.591229062,Unknown,2025,2,Feb,2025-02,2025-02
South Sudan,2025-03-16,Bor South,percent_area_flooded,1.398477569,Unknown,2025,3,Mar,2025-03,2025-03
South Sudan,2025-03-16,Canal/Pigi,percent_area_flooded,0.985233175,Unknown,2025,3,Mar,2025-03,2025-03
South Sudan,2025-03-16,Duk,percent_area_flooded,11.45814221,Unknown,2025,3,Mar,2025-03,2025-03
South Sudan,2025-03-16,Ayod,percent_area_flooded,10.12156423,Unknown,2025,3,Mar,2025-03,2025-03
South Sudan,2025-03-16,Kapoeta North,percent_area_flooded,0.095463894,Unknown,2025,3,Mar,2025-03,2025-03
South Sudan,2025-03-16,Torit,percent_area_flooded,0.058636401,Unknown,2025,3,Mar,2025-03,2025-03
South Sudan,2025-03-16,Magwi,percent_area_flooded,0.100252925,Unknown,2025,3,Mar,2025-03,2025-03
South Sudan,2025-03-16,Lafon,percent_area_flooded,0.213170816,Unknown,2025,3,Mar,2025-03,2025-03
South Sudan,2025-03-16,Fangak,percent_area_flooded,18.45792321,Unknown,2025,3,Mar,2025-03,2025-03
South Sudan,2025-03-16,Akobo,percent_area_flooded,0.254839251,Unknown,2025,3,Mar,2025-03,2025-03
South Sudan,2025-03-16,Nyirol,percent_area_flooded,0.536531055,Unknown,2025,3,Mar,2025-03,2025-03
South Sudan,2025-03-16,Aweil East,percent_area_flooded,1.637728419,Unknown,2025,3,Mar,2025-03,2025-03
South Sudan,2025-03-16,Pochalla,percent_area_flooded,0.741817637,Unknown,2025,3,Mar,2025-03,2025-03
South Sudan,2025-03-16,Pariang,percent_area_flooded,5.699296061,Unknown,2025,3,Mar,2025-03,2025-03
South Sudan,2025-03-16,Kapoeta East,percent_area_flooded,0.362831412,Unknown,2025,3,Mar,2025-03,2025-03
South Sudan,2025-03-16,Panyijiar,percent_area_flooded,8.493566422,Unknown,2025,3,Mar,2025-03,2025-03
South Sudan,2025-03-16,Mayom,percent_area_flooded,14.00520536,Unknown,2025,3,Mar,2025-03,2025-03
South Sudan,2025-03-16,Mayendit,percent_area_flooded,19.38622931,Unknown,2025,3,Mar,2025-03,2025-03
South Sudan,2025-03-16,Leer,percent_area_flooded,7.759847242,Unknown,2025,3,Mar,2025-03,2025-03
South Sudan,2025-03-16,Koch,percent_area_flooded,5.166981039,Unknown,2025,3,Mar,2025-03,2025-03
South Sudan,2025-03-16,Guit,percent_area_flooded,24.47323801,Unknown,2025,3,Mar,2025-03,2025-03
South Sudan,2025-03-16,Abiemnhom,percent_area_flooded,0.039469567,Unknown,2025,3,Mar,2025-03,2025-03
South Sudan,2025-03-16,Aweil West,percent_area_flooded,0.947408172,Unknown,2025,3,Mar,2025-03,2025-03
South Sudan,2025-03-16,Aweil South,percent_area_flooded,1.760910157,Unknown,2025,3,Mar,2025-03,2025-03
South Sudan,2025-03-16,Aweil North,percent_area_flooded,0.044714212,Unknown,2025,3,Mar,2025-03,2025-03
South Sudan,2025-03-16,Aweil Centre,percent_area_flooded,0.13383581,Unknown,2025,3,Mar,2025-03,2025-03
South Sudan,2025-03-16,Yirol West,percent_area_flooded,0.323012749,Unknown,2025,3,Mar,2025-03,2025-03
South Sudan,2025-03-16,Yirol East,percent_area_flooded,5.267159261,Unknown,2025,3,Mar,2025-03,2025-03
South Sudan,2025-03-16,Wulu,percent_area_flooded,0.002001767,Unknown,2025,3,Mar,2025-03,2025-03
South Sudan,2025-03-16,Rumbek North,percent_area_flooded,1.077456631,Unknown,2025,3,Mar,2025-03,2025-03
South Sudan,2025-03-16,Rumbek East,percent_area_flooded,0.933189991,Unknown,2025,3,Mar,2025-03,2025-03
South Sudan,2025-03-16,Rumbek Centre,percent_area_flooded,1.998119397,Unknown,2025,3,Mar,2025-03,2025-03
South Sudan,2025-03-16,Cueibet,percent_area_flooded,1.459061327,Unknown,2025,3,Mar,2025-03,2025-03
South Sudan,2025-03-16,Awerial,percent_area_flooded,3.355547718,Unknown,2025,3,Mar,2025-03,2025-03
South Sudan,2025-03-16,Uror,percent_area_flooded,0.078610258,Unknown,2025,3,Mar,2025-03,2025-03
South Sudan,2025-03-16,Twic East,percent_area_flooded,7.331195318,Unknown,2025,3,Mar,2025-03,2025-03
South Sudan,2025-03-16,Pibor,percent_area_flooded,0.162450296,Unknown,2025,3,Mar,2025-03,2025-03
South Sudan,2025-03-16,Yei,percent_area_flooded,0.064052608,Unknown,2025,3,Mar,2025-03,2025-03
South Sudan,2025-03-16,Magwi,percent_area_flooded,0.100252925,Unknown,2025,3,Mar,2025-03,2025-03
South Sudan,2025-03-16,Morobo,percent_area_flooded,0.038724081,Unknown,2025,3,Mar,2025-03,2025-03
South Sudan,2025-03-16,Fangak,percent_area_flooded,18.45792321,Unknown,2025,3,Mar,2025-03,2025-03
South Sudan,2025-03-16,Duk,percent_area_flooded,11.45814221,Unknown,2025,3,Mar,2025-03,2025-03
South Sudan,2025-03-16,Canal/Pigi,percent_area_flooded,0.985233175,Unknown,2025,3,Mar,2025-03,2025-03
South Sudan,2025-03-16,Bor South,percent_area_flooded,1.398477569,Unknown,2025,3,Mar,2025-03,2025-03
South Sudan,2025-03-16,Ayod,percent_area_flooded,10.12156423,Unknown,2025,3,Mar,2025-03,2025-03
South Sudan,2025-03-16,Akobo,percent_area_flooded,0.254839251,Unknown,2025,3,Mar,2025-03,2025-03
South Sudan,2025-03-16,Torit,percent_area_flooded,0.058636401,Unknown,2025,3,Mar,2025-03,2025-03
South Sudan,2025-03-16,Nyirol,percent_area_flooded,0.536531055,Unknown,2025,3,Mar,2025-03,2025-03
South Sudan,2025-03-16,Lafon,percent_area_flooded,0.213170816,Unknown,2025,3,Mar,2025-03,2025-03
South Sudan,2025-03-16,Kapoeta East,percent_area_flooded,0.362831412,Unknown,2025,3,Mar,2025-03,2025-03
South Sudan,2025-03-16,Yei,percent_area_flooded,0.064052608,Unknown,2025,3,Mar,2025-03,2025-03
South Sudan,2025-03-16,Terekeka,percent_area_flooded,0.665176699,Unknown,2025,3,Mar,2025-03,2025-03
South Sudan,2025-03-16,Morobo,percent_area_flooded,0.038724081,Unknown,2025,3,Mar,2025-03,2025-03
South Sudan,2025-03-16,Lainya,percent_area_flooded,0.160945148,Unknown,2025,3,Mar,2025-03,2025-03
South Sudan,2025-03-16,Juba,percent_area_flooded,0.149798192,Unknown,2025,3,Mar,2025-03,2025-03
South Sudan,2025-03-16,Rubkona,percent_area_flooded,51.73420693,Unknown,2025,3,Mar,2025-03,2025-03
South Sudan,2025-03-16,Kapoeta North,percent_area_flooded,0.095463894,Unknown,2025,3,Mar,2025-03,2025-03
South Sudan,2025-03-16,Terekeka,percent_area_flooded,0.665176699,Unknown,2025,3,Mar,2025-03,2025-03
South Sudan,2025-03-16,Pibor,percent_area_flooded,0.162450296,Unknown,2025,3,Mar,2025-03,2025-03
South Sudan,2025-03-16,Twic East,percent_area_flooded,7.331195318,Unknown,2025,3,Mar,2025-03,2025-03
South Sudan,2025-03-16,Lainya,percent_area_flooded,0.160945148,Unknown,2025,3,Mar,2025-03,2025-03
South Sudan,2025-03-16,Juba,percent_area_flooded,0.149798192,Unknown,2025,3,Mar,2025-03,2025-03
South Sudan,2025-03-16,Aweil West,percent_area_flooded,0.947408172,Unknown,2025,3,Mar,2025-03,2025-03
South Sudan,2025-03-16,Aweil South,percent_area_flooded,1.760910157,Unknown,2025,3,Mar,2025-03,2025-03
South Sudan,2025-03-16,Aweil North,percent_area_flooded,0.044714212,Unknown,2025,3,Mar,2025-03,2025-03
South Sudan,2025-03-16,Aweil East,percent_area_flooded,1.637728419,Unknown,2025,3,Mar,2025-03,2025-03
South Sudan,2025-03-16,Aweil Centre,percent_area_flooded,0.13383581,Unknown,2025,3,Mar,2025-03,2025-03
South Sudan,2025-03-16,Pochalla,percent_area_flooded,0.741817637,Unknown,2025,3,Mar,2025-03,2025-03
South Sudan,2025-03-16,Yirol West,percent_area_flooded,0.323012749,Unknown,2025,3,Mar,2025-03,2025-03
South Sudan,2025-03-16,Wulu,percent_area_flooded,0.002001767,Unknown,2025,3,Mar,2025-03,2025-03
South Sudan,2025-03-16,Rumbek North,percent_area_flooded,1.077456631,Unknown,2025,3,Mar,2025-03,2025-03
South Sudan,2025-03-16,Rumbek East,percent_area_flooded,0.933189991,Unknown,2025,3,Mar,2025-03,2025-03
South Sudan,2025-03-16,Rumbek Centre,percent_area_flooded,1.998119397,Unknown,2025,3,Mar,2025-03,2025-03
South Sudan,2025-03-16,Cueibet,percent_area_flooded,1.459061327,Unknown,2025,3,Mar,2025-03,2025-03
South Sudan,2025-03-16,Awerial,percent_area_flooded,3.355547718,Unknown,2025,3,Mar,2025-03,2025-03
South Sudan,2025-03-16,Uror,percent_area_flooded,0.078610258,Unknown,2025,3,Mar,2025-03,2025-03
South Sudan,2025-03-16,Yirol East,percent_area_flooded,5.267159261,Unknown,2025,3,Mar,2025-03,2025-03
South Sudan,2025-03-16,Baliet,percent_area_flooded,0.947560033,Unknown,2025,3,Mar,2025-03,2025-03
South Sudan,2025-03-16,Guit,percent_area_flooded,24.47323801,Unknown,2025,3,Mar,2025-03,2025-03
South Sudan,2025-03-16,Longochuk,percent_area_flooded,0.392547625,Unknown,2025,3,Mar,2025-03,2025-03
South Sudan,2025-03-16,Awerial,percent_area_flooded,3.355547718,Unknown,2025,3,Mar,2025-03,2025-03
South Sudan,2025-03-16,Cueibet,percent_area_flooded,1.459061327,Unknown,2025,3,Mar,2025-03,2025-03
South Sudan,2025-03-16,Rumbek Centre,percent_area_flooded,1.998119397,Unknown,2025,3,Mar,2025-03,2025-03
South Sudan,2025-03-16,Rumbek East,percent_area_flooded,0.933189991,Unknown,2025,3,Mar,2025-03,2025-03
South Sudan,2025-03-16,Rumbek North,percent_area_flooded,1.077456631,Unknown,2025,3,Mar,2025-03,2025-03
South Sudan,2025-03-16,Wulu,percent_area_flooded,0.002001767,Unknown,2025,3,Mar,2025-03,2025-03
South Sudan,2025-03-16,Uror,percent_area_flooded,0.078610258,Unknown,2025,3,Mar,2025-03,2025-03
South Sudan,2025-03-16,Yirol East,percent_area_flooded,5.267159261,Unknown,2025,3,Mar,2025-03,2025-03
South Sudan,2025-03-16,Aweil Centre,percent_area_flooded,0.13383581,Unknown,2025,3,Mar,2025-03,2025-03
South Sudan,2025-03-16,Aweil East,percent_area_flooded,1.637728419,Unknown,2025,3,Mar,2025-03,2025-03
South Sudan,2025-03-16,Aweil North,percent_area_flooded,0.044714212,Unknown,2025,3,Mar,2025-03,2025-03
South Sudan,2025-03-16,Aweil South,percent_area_flooded,1.760910157,Unknown,2025,3,Mar,2025-03,2025-03
South Sudan,2025-03-16,Aweil West,percent_area_flooded,0.947408172,Unknown,2025,3,Mar,2025-03,2025-03
South Sudan,2025-03-16,Abiemnhom,percent_area_flooded,0.039469567,Unknown,2025,3,Mar,2025-03,2025-03
South Sudan,2025-03-16,Yirol West,percent_area_flooded,0.323012749,Unknown,2025,3,Mar,2025-03,2025-03
South Sudan,2025-03-16,Guit,percent_area_flooded,24.47323801,Unknown,2025,3,Mar,2025-03,2025-03
South Sudan,2025-03-16,Twic East,percent_area_flooded,7.331195318,Unknown,2025,3,Mar,2025-03,2025-03
South Sudan,2025-03-16,Pibor,percent_area_flooded,0.162450296,Unknown,2025,3,Mar,2025-03,2025-03
South Sudan,2025-03-16,Morobo,percent_area_flooded,0.038724081,Unknown,2025,3,Mar,2025-03,2025-03
South Sudan,2025-03-16,Terekeka,percent_area_flooded,0.665176699,Unknown,2025,3,Mar,2025-03,2025-03
South Sudan,2025-03-16,Yei,percent_area_flooded,0.064052608,Unknown,2025,3,Mar,2025-03,2025-03
South Sudan,2025-03-16,Kapoeta East,percent_area_flooded,0.362831412,Unknown,2025,3,Mar,2025-03,2025-03
South Sudan,2025-03-16,Kapoeta North,percent_area_flooded,0.095463894,Unknown,2025,3,Mar,2025-03,2025-03
South Sudan,2025-03-16,Lafon,percent_area_flooded,0.213170816,Unknown,2025,3,Mar,2025-03,2025-03
South Sudan,2025-03-16,Pochalla,percent_area_flooded,0.741817637,Unknown,2025,3,Mar,2025-03,2025-03
South Sudan,2025-03-16,Magwi,percent_area_flooded,0.100252925,Unknown,2025,3,Mar,2025-03,2025-03
South Sudan,2025-03-16,Akobo,percent_area_flooded,0.254839251,Unknown,2025,3,Mar,2025-03,2025-03
South Sudan,2025-03-16,Ayod,percent_area_flooded,10.12156423,Unknown,2025,3,Mar,2025-03,2025-03
South Sudan,2025-03-16,Bor South,percent_area_flooded,1.398477569,Unknown,2025,3,Mar,2025-03,2025-03
South Sudan,2025-03-16,Canal/Pigi,percent_area_flooded,0.985233175,Unknown,2025,3,Mar,2025-03,2025-03
South Sudan,2025-03-16,Duk,percent_area_flooded,11.45814221,Unknown,2025,3,Mar,2025-03,2025-03
South Sudan,2025-03-16,Nyirol,percent_area_flooded,0.536531055,Unknown,2025,3,Mar,2025-03,2025-03
South Sudan,2025-03-16,Torit,percent_area_flooded,0.058636401,Unknown,2025,3,Mar,2025-03,2025-03
South Sudan,2025-03-16,Lainya,percent_area_flooded,0.160945148,Unknown,2025,3,Mar,2025-03,2025-03
South Sudan,2025-03-16,Koch,percent_area_flooded,5.166981039,Unknown,2025,3,Mar,2025-03,2025-03
South Sudan,2025-03-16,Mayendit,percent_area_flooded,19.38622931,Unknown,2025,3,Mar,2025-03,2025-03
South Sudan,2025-03-16,Tonj East,percent_area_flooded,2.431530498,Unknown,2025,3,Mar,2025-03,2025-03
South Sudan,2025-03-16,Tonj North,percent_area_flooded,3.320277386,Unknown,2025,3,Mar,2025-03,2025-03
South Sudan,2025-03-16,Tonj South,percent_area_flooded,1.275522384,Unknown,2025,3,Mar,2025-03,2025-03
South Sudan,2025-03-16,Twic,percent_area_flooded,4.730653179,Unknown,2025,3,Mar,2025-03,2025-03
South Sudan,2025-03-16,Jur River,percent_area_flooded,0.059782816,Unknown,2025,3,Mar,2025-03,2025-03
South Sudan,2025-03-16,Raja,percent_area_flooded,0.00361223,Unknown,2025,3,Mar,2025-03,2025-03
South Sudan,2025-03-16,Gogrial West,percent_area_flooded,1.662652086,Unknown,2025,3,Mar,2025-03,2025-03
South Sudan,2025-03-16,Wau,percent_area_flooded,0.003750758,Unknown,2025,3,Mar,2025-03,2025-03
South Sudan,2025-03-16,Mundri East,percent_area_flooded,0.017917827,Unknown,2025,3,Mar,2025-03,2025-03
South Sudan,2025-03-16,Mundri West,percent_area_flooded,0.005392063,Unknown,2025,3,Mar,2025-03,2025-03
South Sudan,2025-03-16,Mvolo,percent_area_flooded,0.017314506,Unknown,2025,3,Mar,2025-03,2025-03
South Sudan,2025-03-16,Tambura,percent_area_flooded,0.014676305,Unknown,2025,3,Mar,2025-03,2025-03
South Sudan,2025-03-16,Yambio,percent_area_flooded,0.02905905,Unknown,2025,3,Mar,2025-03,2025-03
South Sudan,2025-03-16,Fashoda,percent_area_flooded,0.664858151,Unknown,2025,3,Mar,2025-03,2025-03
South Sudan,2025-03-16,Ibba,percent_area_flooded,0.019464756,Unknown,2025,3,Mar,2025-03,2025-03
South Sudan,2025-03-16,Leer,percent_area_flooded,7.759847242,Unknown,2025,3,Mar,2025-03,2025-03
South Sudan,2025-03-16,Gogrial East,percent_area_flooded,3.038213198,Unknown,2025,3,Mar,2025-03,2025-03
South Sudan,2025-03-16,Renk,percent_area_flooded,0.574128929,Unknown,2025,3,Mar,2025-03,2025-03
South Sudan,2025-03-16,Mayom,percent_area_flooded,14.00520536,Unknown,2025,3,Mar,2025-03,2025-03
South Sudan,2025-03-16,Panyijiar,percent_area_flooded,8.493566422,Unknown,2025,3,Mar,2025-03,2025-03
South Sudan,2025-03-16,Pariang,percent_area_flooded,5.699296061,Unknown,2025,3,Mar,2025-03,2025-03
South Sudan,2025-03-16,Rubkona,percent_area_flooded,51.73420693,Unknown,2025,3,Mar,2025-03,2025-03
South Sudan,2025-03-16,Baliet,percent_area_flooded,0.947560033,Unknown,2025,3,Mar,2025-03,2025-03
South Sudan,2025-03-16,Fashoda,percent_area_flooded,0.664858151,Unknown,2025,3,Mar,2025-03,2025-03
South Sudan,2025-03-16,Ulang,percent_area_flooded,4.247172143,Unknown,2025,3,Mar,2025-03,2025-03
South Sudan,2025-03-16,Longochuk,percent_area_flooded,0.392547625,Unknown,2025,3,Mar,2025-03,2025-03
South Sudan,2025-03-16,Maban,percent_area_flooded,0.216519935,Unknown,2025,3,Mar,2025-03,2025-03
South Sudan,2025-03-16,Maiwut,percent_area_flooded,0.340368785,Unknown,2025,3,Mar,2025-03,2025-03
South Sudan,2025-03-16,Malakal,percent_area_flooded,1.286401332,Unknown,2025,3,Mar,2025-03,2025-03
South Sudan,2025-03-16,Manyo,percent_area_flooded,2.376726057,Unknown,2025,3,Mar,2025-03,2025-03
South Sudan,2025-03-16,Melut,percent_area_flooded,2.504614172,Unknown,2025,3,Mar,2025-03,2025-03
South Sudan,2025-03-16,Panyikang,percent_area_flooded,3.187281242,Unknown,2025,3,Mar,2025-03,2025-03
South Sudan,2025-03-16,Luakpiny/Nasir,percent_area_flooded,6.452081231,Unknown,2025,3,Mar,2025-03,2025-03
South Sudan,2025-03-16,Juba,percent_area_flooded,0.149798192,Unknown,2025,3,Mar,2025-03,2025-03
South Sudan,2025-03-16,Fangak,percent_area_flooded,18.45792321,Unknown,2025,3,Mar,2025-03,2025-03
South Sudan,2025-03-16,Mundri East,percent_area_flooded,0.017917827,Unknown,2025,3,Mar,2025-03,2025-03
South Sudan,2025-03-16,Melut,percent_area_flooded,2.504614172,Unknown,2025,3,Mar,2025-03,2025-03
South Sudan,2025-03-16,Mayendit,percent_area_flooded,19.38622931,Unknown,2025,3,Mar,2025-03,2025-03
South Sudan,2025-03-16,Leer,percent_area_flooded,7.759847242,Unknown,2025,3,Mar,2025-03,2025-03
South Sudan,2025-03-16,Koch,percent_area_flooded,5.166981039,Unknown,2025,3,Mar,2025-03,2025-03
South Sudan,2025-03-16,Luakpiny/Nasir,percent_area_flooded,6.452081231,Unknown,2025,3,Mar,2025-03,2025-03
South Sudan,2025-03-16,Maban,percent_area_flooded,0.216519935,Unknown,2025,3,Mar,2025-03,2025-03
South Sudan,2025-03-16,Maiwut,percent_area_flooded,0.340368785,Unknown,2025,3,Mar,2025-03,2025-03
South Sudan,2025-03-16,Abiemnhom,percent_area_flooded,0.039469567,Unknown,2025,3,Mar,2025-03,2025-03
South Sudan,2025-03-16,Yambio,percent_area_flooded,0.02905905,Unknown,2025,3,Mar,2025-03,2025-03
South Sudan,2025-03-16,Tambura,percent_area_flooded,0.014676305,Unknown,2025,3,Mar,2025-03,2025-03
South Sudan,2025-03-16,Mvolo,percent_area_flooded,0.017314506,Unknown,2025,3,Mar,2025-03,2025-03
South Sudan,2025-03-16,Mundri West,percent_area_flooded,0.005392063,Unknown,2025,3,Mar,2025-03,2025-03
South Sudan,2025-03-16,Panyijiar,percent_area_flooded,8.493566422,Unknown,2025,3,Mar,2025-03,2025-03
South Sudan,2025-03-16,Malakal,percent_area_flooded,1.286401332,Unknown,2025,3,Mar,2025-03,2025-03
South Sudan,2025-03-16,Wau,percent_area_flooded,0.003750758,Unknown,2025,3,Mar,2025-03,2025-03
South Sudan,2025-03-16,Raja,percent_area_flooded,0.00361223,Unknown,2025,3,Mar,2025-03,2025-03
South Sudan,2025-03-16,Jur River,percent_area_flooded,0.059782816,Unknown,2025,3,Mar,2025-03,2025-03
South Sudan,2025-03-16,Twic,percent_area_flooded,4.730653179,Unknown,2025,3,Mar,2025-03,2025-03
South Sudan,2025-03-16,Tonj South,percent_area_flooded,1.275522384,Unknown,2025,3,Mar,2025-03,2025-03
South Sudan,2025-03-16,Tonj North,percent_area_flooded,3.320277386,Unknown,2025,3,Mar,2025-03,2025-03
South Sudan,2025-03-16,Tonj East,percent_area_flooded,2.431530498,Unknown,2025,3,Mar,2025-03,2025-03
South Sudan,2025-03-16,Gogrial West,percent_area_flooded,1.662652086,Unknown,2025,3,Mar,2025-03,2025-03
South Sudan,2025-03-16,Gogrial East,percent_area_flooded,3.038213198,Unknown,2025,3,Mar,2025-03,2025-03
South Sudan,2025-03-16,Ulang,percent_area_flooded,4.247172143,Unknown,2025,3,Mar,2025-03,2025-03
South Sudan,2025-03-16,Renk,percent_area_flooded,0.574128929,Unknown,2025,3,Mar,2025-03,2025-03
South Sudan,2025-03-16,Panyikang,percent_area_flooded,3.187281242,Unknown,2025,3,Mar,2025-03,2025-03
South Sudan,2025-03-16,Ibba,percent_area_flooded,0.019464756,Unknown,2025,3,Mar,2025-03,2025-03
South Sudan,2025-03-16,Pariang,percent_area_flooded,5.699296061,Unknown,2025,3,Mar,2025-03,2025-03
South Sudan,2025-03-16,Mayom,percent_area_flooded,14.00520536,Unknown,2025,3,Mar,2025-03,2025-03
South Sudan,2025-03-16,Baliet,percent_area_flooded,0.947560033,Unknown,2025,3,Mar,2025-03,2025-03
South Sudan,2025-03-16,Gogrial West,percent_area_flooded,1.662652086,Unknown,2025,3,Mar,2025-03,2025-03
South Sudan,2025-03-16,Tonj East,percent_area_flooded,2.431530498,Unknown,2025,3,Mar,2025-03,2025-03
South Sudan,2025-03-16,Tonj North,percent_area_flooded,3.320277386,Unknown,2025,3,Mar,2025-03,2025-03
South Sudan,2025-03-16,Tonj South,percent_area_flooded,1.275522384,Unknown,2025,3,Mar,2025-03,2025-03
South Sudan,2025-03-16,Twic,percent_area_flooded,4.730653179,Unknown,2025,3,Mar,2025-03,2025-03
South Sudan,2025-03-16,Jur River,percent_area_flooded,0.059782816,Unknown,2025,3,Mar,2025-03,2025-03
South Sudan,2025-03-16,Gogrial East,percent_area_flooded,3.038213198,Unknown,2025,3,Mar,2025-03,2025-03
South Sudan,2025-03-16,Raja,percent_area_flooded,0.00361223,Unknown,2025,3,Mar,2025-03,2025-03
South Sudan,2025-03-16,Ibba,percent_area_flooded,0.019464756,Unknown,2025,3,Mar,2025-03,2025-03
South Sudan,2025-03-16,Mundri East,percent_area_flooded,0.017917827,Unknown,2025,3,Mar,2025-03,2025-03
South Sudan,2025-03-16,Mundri West,percent_area_flooded,0.005392063,Unknown,2025,3,Mar,2025-03,2025-03
South Sudan,2025-03-16,Mvolo,percent_area_flooded,0.017314506,Unknown,2025,3,Mar,2025-03,2025-03
South Sudan,2025-03-16,Tambura,percent_area_flooded,0.014676305,Unknown,2025,3,Mar,2025-03,2025-03
South Sudan,2025-03-16,Yambio,percent_area_flooded,0.02905905,Unknown,2025,3,Mar,2025-03,2025-03
South Sudan,2025-03-16,Wau,percent_area_flooded,0.003750758,Unknown,2025,3,Mar,2025-03,2025-03
South Sudan,2025-03-16,Rubkona,percent_area_flooded,51.73420693,Unknown,2025,3,Mar,2025-03,2025-03
South Sudan,2025-03-16,Ulang,percent_area_flooded,4.247172143,Unknown,2025,3,Mar,2025-03,2025-03
South Sudan,2025-03-16,Panyikang,percent_area_flooded,3.187281242,Unknown,2025,3,Mar,2025-03,2025-03
South Sudan,2025-03-16,Fashoda,percent_area_flooded,0.664858151,Unknown,2025,3,Mar,2025-03,2025-03
South Sudan,2025-03-16,Longochuk,percent_area_flooded,0.392547625,Unknown,2025,3,Mar,2025-03,2025-03
South Sudan,2025-03-16,Luakpiny/Nasir,percent_area_flooded,6.452081231,Unknown,2025,3,Mar,2025-03,2025-03
South Sudan,2025-03-16,Maban,percent_area_flooded,0.216519935,Unknown,2025,3,Mar,2025-03,2025-03
South Sudan,2025-03-16,Maiwut,percent_area_flooded,0.340368785,Unknown,2025,3,Mar,2025-03,2025-03
South Sudan,2025-03-16,Renk,percent_area_flooded,0.574128929,Unknown,2025,3,Mar,2025-03,2025-03
South Sudan,2025-03-16,Manyo,percent_area_flooded,2.376726057,Unknown,2025,3,Mar,2025-03,2025-03
South Sudan,2025-03-16,Manyo,percent_area_flooded,2.376726057,Unknown,2025,3,Mar,2025-03,2025-03
South Sudan,2025-03-16,Melut,percent_area_flooded,2.504614172,Unknown,2025,3,Mar,2025-03,2025-03
South Sudan,2025-03-16,Malakal,percent_area_flooded,1.286401332,Unknown,2025,3,Mar,2025-03,2025-03
South Sudan,2025-04-01,Duk,percent_area_flooded,10.43323006,Unknown,2025,4,Apr,2025-04,2025-04
South Sudan,2025-04-01,Bor South,percent_area_flooded,1.514690991,Unknown,2025,4,Apr,2025-04,2025-04
South Sudan,2025-04-01,Fangak,percent_area_flooded,16.61886011,Unknown,2025,4,Apr,2025-04,2025-04
South Sudan,2025-04-01,Nyirol,percent_area_flooded,0.0805352,Unknown,2025,4,Apr,2025-04,2025-04
South Sudan,2025-04-01,Ayod,percent_area_flooded,9.662214256,Unknown,2025,4,Apr,2025-04,2025-04
South Sudan,2025-04-01,Akobo,percent_area_flooded,0.071032909,Unknown,2025,4,Apr,2025-04,2025-04
South Sudan,2025-04-01,Canal/Pigi,percent_area_flooded,0.761991553,Unknown,2025,4,Apr,2025-04,2025-04
South Sudan,2025-04-01,Rumbek Centre,percent_area_flooded,0.854980587,Unknown,2025,4,Apr,2025-04,2025-04
South Sudan,2025-04-01,Pochalla,percent_area_flooded,0.194524252,Unknown,2025,4,Apr,2025-04,2025-04
South Sudan,2025-04-01,Twic East,percent_area_flooded,8.488368332,Unknown,2025,4,Apr,2025-04,2025-04
South Sudan,2025-04-01,Uror,percent_area_flooded,0.053468036,Unknown,2025,4,Apr,2025-04,2025-04
South Sudan,2025-04-01,Awerial,percent_area_flooded,2.999358857,Unknown,2025,4,Apr,2025-04,2025-04
South Sudan,2025-04-01,Cueibet,percent_area_flooded,0.420149612,Unknown,2025,4,Apr,2025-04,2025-04
South Sudan,2025-04-01,Torit,percent_area_flooded,0.008192657,Unknown,2025,4,Apr,2025-04,2025-04
South Sudan,2025-04-01,Rumbek East,percent_area_flooded,0.422466978,Unknown,2025,4,Apr,2025-04,2025-04
South Sudan,2025-04-01,Rumbek North,percent_area_flooded,0.236125488,Unknown,2025,4,Apr,2025-04,2025-04
South Sudan,2025-04-01,Yirol East,percent_area_flooded,4.289377493,Unknown,2025,4,Apr,2025-04,2025-04
South Sudan,2025-04-01,Yirol West,percent_area_flooded,0.258369543,Unknown,2025,4,Apr,2025-04,2025-04
South Sudan,2025-04-01,Pibor,percent_area_flooded,0.127827293,Unknown,2025,4,Apr,2025-04,2025-04
South Sudan,2025-04-01,Magwi,percent_area_flooded,0.1027948,Unknown,2025,4,Apr,2025-04,2025-04
South Sudan,2025-04-01,Akobo,percent_area_flooded,0.071032909,Unknown,2025,4,Apr,2025-04,2025-04
South Sudan,2025-04-01,Kapoeta North,percent_area_flooded,0.046521354,Unknown,2025,4,Apr,2025-04,2025-04
South Sudan,2025-04-01,Aweil East,percent_area_flooded,0.588585365,Unknown,2025,4,Apr,2025-04,2025-04
South Sudan,2025-04-01,Ayod,percent_area_flooded,9.662214256,Unknown,2025,4,Apr,2025-04,2025-04
South Sudan,2025-04-01,Bor South,percent_area_flooded,1.514690991,Unknown,2025,4,Apr,2025-04,2025-04
South Sudan,2025-04-01,Canal/Pigi,percent_area_flooded,0.761991553,Unknown,2025,4,Apr,2025-04,2025-04
South Sudan,2025-04-01,Duk,percent_area_flooded,10.43323006,Unknown,2025,4,Apr,2025-04,2025-04
South Sudan,2025-04-01,Fangak,percent_area_flooded,16.61886011,Unknown,2025,4,Apr,2025-04,2025-04
South Sudan,2025-04-01,Nyirol,percent_area_flooded,0.0805352,Unknown,2025,4,Apr,2025-04,2025-04
South Sudan,2025-04-01,Pibor,percent_area_flooded,0.127827293,Unknown,2025,4,Apr,2025-04,2025-04
South Sudan,2025-04-01,Lafon,percent_area_flooded,0.050749154,Unknown,2025,4,Apr,2025-04,2025-04
South Sudan,2025-04-01,Pochalla,percent_area_flooded,0.194524252,Unknown,2025,4,Apr,2025-04,2025-04
South Sudan,2025-04-01,Torit,percent_area_flooded,0.008192657,Unknown,2025,4,Apr,2025-04,2025-04
South Sudan,2025-04-01,Juba,percent_area_flooded,0.196748256,Unknown,2025,4,Apr,2025-04,2025-04
South Sudan,2025-04-01,Lainya,percent_area_flooded,0.140543651,Unknown,2025,4,Apr,2025-04,2025-04
South Sudan,2025-04-01,Morobo,percent_area_flooded,0.038724081,Unknown,2025,4,Apr,2025-04,2025-04
South Sudan,2025-04-01,Terekeka,percent_area_flooded,0.576058602,Unknown,2025,4,Apr,2025-04,2025-04
South Sudan,2025-04-01,Yei,percent_area_flooded,0.110394817,Unknown,2025,4,Apr,2025-04,2025-04
South Sudan,2025-04-01,Budi,percent_area_flooded,0.153926293,Unknown,2025,4,Apr,2025-04,2025-04
South Sudan,2025-04-01,Kapoeta East,percent_area_flooded,0.299432101,Unknown,2025,4,Apr,2025-04,2025-04
South Sudan,2025-04-01,Twic East,percent_area_flooded,8.488368332,Unknown,2025,4,Apr,2025-04,2025-04
South Sudan,2025-04-01,Aweil South,percent_area_flooded,1.10914471,Unknown,2025,4,Apr,2025-04,2025-04
South Sudan,2025-04-01,Raja,percent_area_flooded,0.000887407,Unknown,2025,4,Apr,2025-04,2025-04
South Sudan,2025-04-01,Abiemnhom,percent_area_flooded,0.023193457,Unknown,2025,4,Apr,2025-04,2025-04
South Sudan,2025-04-01,Uror,percent_area_flooded,0.053468036,Unknown,2025,4,Apr,2025-04,2025-04
South Sudan,2025-04-01,Awerial,percent_area_flooded,2.999358857,Unknown,2025,4,Apr,2025-04,2025-04
South Sudan,2025-04-01,Cueibet,percent_area_flooded,0.420149612,Unknown,2025,4,Apr,2025-04,2025-04
South Sudan,2025-04-01,Rumbek Centre,percent_area_flooded,0.854980587,Unknown,2025,4,Apr,2025-04,2025-04
South Sudan,2025-04-01,Rumbek East,percent_area_flooded,0.422466978,Unknown,2025,4,Apr,2025-04,2025-04
South Sudan,2025-04-01,Rumbek North,percent_area_flooded,0.236125488,Unknown,2025,4,Apr,2025-04,2025-04
South Sudan,2025-04-01,Yirol East,percent_area_flooded,4.289377493,Unknown,2025,4,Apr,2025-04,2025-04
South Sudan,2025-04-01,Yirol West,percent_area_flooded,0.258369543,Unknown,2025,4,Apr,2025-04,2025-04
South Sudan,2025-04-01,Aweil East,percent_area_flooded,0.588585365,Unknown,2025,4,Apr,2025-04,2025-04
South Sudan,2025-04-01,Aweil South,percent_area_flooded,1.10914471,Unknown,2025,4,Apr,2025-04,2025-04
South Sudan,2025-04-01,Aweil West,percent_area_flooded,0.728435984,Unknown,2025,4,Apr,2025-04,2025-04
South Sudan,2025-04-01,Abiemnhom,percent_area_flooded,0.023193457,Unknown,2025,4,Apr,2025-04,2025-04
South Sudan,2025-04-01,Guit,percent_area_flooded,19.96751336,Unknown,2025,4,Apr,2025-04,2025-04
South Sudan,2025-04-01,Koch,percent_area_flooded,3.295310703,Unknown,2025,4,Apr,2025-04,2025-04
South Sudan,2025-04-01,Leer,percent_area_flooded,5.546150362,Unknown,2025,4,Apr,2025-04,2025-04
South Sudan,2025-04-01,Mayendit,percent_area_flooded,16.67047352,Unknown,2025,4,Apr,2025-04,2025-04
South Sudan,2025-04-01,Mayom,percent_area_flooded,10.13217001,Unknown,2025,4,Apr,2025-04,2025-04
South Sudan,2025-04-01,Panyijiar,percent_area_flooded,7.102667458,Unknown,2025,4,Apr,2025-04,2025-04
South Sudan,2025-04-01,Pariang,percent_area_flooded,4.411721357,Unknown,2025,4,Apr,2025-04,2025-04
South Sudan,2025-04-01,Rubkona,percent_area_flooded,46.01760596,Unknown,2025,4,Apr,2025-04,2025-04
South Sudan,2025-04-01,Baliet,percent_area_flooded,0.622809412,Unknown,2025,4,Apr,2025-04,2025-04
South Sudan,2025-04-01,Fashoda,percent_area_flooded,0.232507872,Unknown,2025,4,Apr,2025-04,2025-04
South Sudan,2025-04-01,Longochuk,percent_area_flooded,0.116221276,Unknown,2025,4,Apr,2025-04,2025-04
South Sudan,2025-04-01,Luakpiny/Nasir,percent_area_flooded,2.499454891,Unknown,2025,4,Apr,2025-04,2025-04
South Sudan,2025-04-01,Maban,percent_area_flooded,0.068760994,Unknown,2025,4,Apr,2025-04,2025-04
South Sudan,2025-04-01,Twic East,percent_area_flooded,8.488368332,Unknown,2025,4,Apr,2025-04,2025-04
South Sudan,2025-04-01,Maiwut,percent_area_flooded,0.07953872,Unknown,2025,4,Apr,2025-04,2025-04
South Sudan,2025-04-01,Pochalla,percent_area_flooded,0.194524252,Unknown,2025,4,Apr,2025-04,2025-04
South Sudan,2025-04-01,Nyirol,percent_area_flooded,0.0805352,Unknown,2025,4,Apr,2025-04,2025-04
South Sudan,2025-04-01,Juba,percent_area_flooded,0.196748256,Unknown,2025,4,Apr,2025-04,2025-04
South Sudan,2025-04-01,Lainya,percent_area_flooded,0.140543651,Unknown,2025,4,Apr,2025-04,2025-04
South Sudan,2025-04-01,Morobo,percent_area_flooded,0.038724081,Unknown,2025,4,Apr,2025-04,2025-04
South Sudan,2025-04-01,Terekeka,percent_area_flooded,0.576058602,Unknown,2025,4,Apr,2025-04,2025-04
South Sudan,2025-04-01,Yei,percent_area_flooded,0.110394817,Unknown,2025,4,Apr,2025-04,2025-04
South Sudan,2025-04-01,Budi,percent_area_flooded,0.153926293,Unknown,2025,4,Apr,2025-04,2025-04
South Sudan,2025-04-01,Kapoeta East,percent_area_flooded,0.299432101,Unknown,2025,4,Apr,2025-04,2025-04
South Sudan,2025-04-01,Kapoeta North,percent_area_flooded,0.046521354,Unknown,2025,4,Apr,2025-04,2025-04
South Sudan,2025-04-01,Lafon,percent_area_flooded,0.050749154,Unknown,2025,4,Apr,2025-04,2025-04
South Sudan,2025-04-01,Magwi,percent_area_flooded,0.1027948,Unknown,2025,4,Apr,2025-04,2025-04
South Sudan,2025-04-01,Juba,percent_area_flooded,0.196748256,Unknown,2025,4,Apr,2025-04,2025-04
South Sudan,2025-04-01,Morobo,percent_area_flooded,0.038724081,Unknown,2025,4,Apr,2025-04,2025-04
South Sudan,2025-04-01,Terekeka,percent_area_flooded,0.576058602,Unknown,2025,4,Apr,2025-04,2025-04
South Sudan,2025-04-01,Yei,percent_area_flooded,0.110394817,Unknown,2025,4,Apr,2025-04,2025-04
South Sudan,2025-04-01,Budi,percent_area_flooded,0.153926293,Unknown,2025,4,Apr,2025-04,2025-04
South Sudan,2025-04-01,Kapoeta East,percent_area_flooded,0.299432101,Unknown,2025,4,Apr,2025-04,2025-04
South Sudan,2025-04-01,Kapoeta North,percent_area_flooded,0.046521354,Unknown,2025,4,Apr,2025-04,2025-04
South Sudan,2025-04-01,Lafon,percent_area_flooded,0.050749154,Unknown,2025,4,Apr,2025-04,2025-04
South Sudan,2025-04-01,Magwi,percent_area_flooded,0.1027948,Unknown,2025,4,Apr,2025-04,2025-04
South Sudan,2025-04-01,Torit,percent_area_flooded,0.008192657,Unknown,2025,4,Apr,2025-04,2025-04
South Sudan,2025-04-01,Akobo,percent_area_flooded,0.071032909,Unknown,2025,4,Apr,2025-04,2025-04
South Sudan,2025-04-01,Ayod,percent_area_flooded,9.662214256,Unknown,2025,4,Apr,2025-04,2025-04
South Sudan,2025-04-01,Canal/Pigi,percent_area_flooded,0.761991553,Unknown,2025,4,Apr,2025-04,2025-04
South Sudan,2025-04-01,Duk,percent_area_flooded,10.43323006,Unknown,2025,4,Apr,2025-04,2025-04
South Sudan,2025-04-01,Fangak,percent_area_flooded,16.61886011,Unknown,2025,4,Apr,2025-04,2025-04
South Sudan,2025-04-01,Pibor,percent_area_flooded,0.127827293,Unknown,2025,4,Apr,2025-04,2025-04
South Sudan,2025-04-01,Aweil West,percent_area_flooded,0.728435984,Unknown,2025,4,Apr,2025-04,2025-04
South Sudan,2025-04-01,Malakal,percent_area_flooded,0.865822087,Unknown,2025,4,Apr,2025-04,2025-04
South Sudan,2025-04-01,Melut,percent_area_flooded,1.647635376,Unknown,2025,4,Apr,2025-04,2025-04
South Sudan,2025-04-01,Tonj South,percent_area_flooded,0.300029013,Unknown,2025,4,Apr,2025-04,2025-04
South Sudan,2025-04-01,Tonj North,percent_area_flooded,2.753623503,Unknown,2025,4,Apr,2025-04,2025-04
South Sudan,2025-04-01,Tonj East,percent_area_flooded,1.016258484,Unknown,2025,4,Apr,2025-04,2025-04
South Sudan,2025-04-01,Gogrial West,percent_area_flooded,0.913971219,Unknown,2025,4,Apr,2025-04,2025-04
South Sudan,2025-04-01,Gogrial East,percent_area_flooded,1.652110786,Unknown,2025,4,Apr,2025-04,2025-04
South Sudan,2025-04-01,Ulang,percent_area_flooded,1.651102145,Unknown,2025,4,Apr,2025-04,2025-04
South Sudan,2025-04-01,Renk,percent_area_flooded,0.315945951,Unknown,2025,4,Apr,2025-04,2025-04
South Sudan,2025-04-01,Panyikang,percent_area_flooded,2.875291598,Unknown,2025,4,Apr,2025-04,2025-04
South Sudan,2025-04-01,Melut,percent_area_flooded,1.647635376,Unknown,2025,4,Apr,2025-04,2025-04
South Sudan,2025-04-01,Manyo,percent_area_flooded,1.672905644,Unknown,2025,4,Apr,2025-04,2025-04
South Sudan,2025-04-01,Malakal,percent_area_flooded,0.865822087,Unknown,2025,4,Apr,2025-04,2025-04
South Sudan,2025-04-01,Maiwut,percent_area_flooded,0.07953872,Unknown,2025,4,Apr,2025-04,2025-04
South Sudan,2025-04-01,Maban,percent_area_flooded,0.068760994,Unknown,2025,4,Apr,2025-04,2025-04
South Sudan,2025-04-01,Luakpiny/Nasir,percent_area_flooded,2.499454891,Unknown,2025,4,Apr,2025-04,2025-04
South Sudan,2025-04-01,Longochuk,percent_area_flooded,0.116221276,Unknown,2025,4,Apr,2025-04,2025-04
South Sudan,2025-04-01,Fashoda,percent_area_flooded,0.232507872,Unknown,2025,4,Apr,2025-04,2025-04
South Sudan,2025-04-01,Baliet,percent_area_flooded,0.622809412,Unknown,2025,4,Apr,2025-04,2025-04
South Sudan,2025-04-01,Rubkona,percent_area_flooded,46.01760596,Unknown,2025,4,Apr,2025-04,2025-04
South Sudan,2025-04-01,Pariang,percent_area_flooded,4.411721357,Unknown,2025,4,Apr,2025-04,2025-04
South Sudan,2025-04-01,Panyijiar,percent_area_flooded,7.102667458,Unknown,2025,4,Apr,2025-04,2025-04
South Sudan,2025-04-01,Mayom,percent_area_flooded,10.13217001,Unknown,2025,4,Apr,2025-04,2025-04
South Sudan,2025-04-01,Mayendit,percent_area_flooded,16.67047352,Unknown,2025,4,Apr,2025-04,2025-04
South Sudan,2025-04-01,Leer,percent_area_flooded,5.546150362,Unknown,2025,4,Apr,2025-04,2025-04
South Sudan,2025-04-01,Koch,percent_area_flooded,3.295310703,Unknown,2025,4,Apr,2025-04,2025-04
South Sudan,2025-04-01,Guit,percent_area_flooded,19.96751336,Unknown,2025,4,Apr,2025-04,2025-04
South Sudan,2025-04-01,Twic,percent_area_flooded,3.430053805,Unknown,2025,4,Apr,2025-04,2025-04
South Sudan,2025-04-01,Manyo,percent_area_flooded,1.672905644,Unknown,2025,4,Apr,2025-04,2025-04
South Sudan,2025-04-01,Jur River,percent_area_flooded,0.033462248,Unknown,2025,4,Apr,2025-04,2025-04
South Sudan,2025-04-01,Ibba,percent_area_flooded,0.038929511,Unknown,2025,4,Apr,2025-04,2025-04
South Sudan,2025-04-01,Panyikang,percent_area_flooded,2.875291598,Unknown,2025,4,Apr,2025-04,2025-04
South Sudan,2025-04-01,Renk,percent_area_flooded,0.315945951,Unknown,2025,4,Apr,2025-04,2025-04
South Sudan,2025-04-01,Ulang,percent_area_flooded,1.651102145,Unknown,2025,4,Apr,2025-04,2025-04
South Sudan,2025-04-01,Gogrial East,percent_area_flooded,1.652110786,Unknown,2025,4,Apr,2025-04,2025-04
South Sudan,2025-04-01,Gogrial West,percent_area_flooded,0.913971219,Unknown,2025,4,Apr,2025-04,2025-04
South Sudan,2025-04-01,Tonj East,percent_area_flooded,1.016258484,Unknown,2025,4,Apr,2025-04,2025-04
South Sudan,2025-04-01,Tonj North,percent_area_flooded,2.753623503,Unknown,2025,4,Apr,2025-04,2025-04
South Sudan,2025-04-01,Tonj South,percent_area_flooded,0.300029013,Unknown,2025,4,Apr,2025-04,2025-04
South Sudan,2025-04-01,Twic,percent_area_flooded,3.430053805,Unknown,2025,4,Apr,2025-04,2025-04
South Sudan,2025-04-01,Jur River,percent_area_flooded,0.033462248,Unknown,2025,4,Apr,2025-04,2025-04
South Sudan,2025-04-01,Raja,percent_area_flooded,0.000887407,Unknown,2025,4,Apr,2025-04,2025-04
South Sudan,2025-04-01,Ezo,percent_area_flooded,0.009801494,Unknown,2025,4,Apr,2025-04,2025-04
South Sudan,2025-04-01,Ibba,percent_area_flooded,0.038929511,Unknown,2025,4,Apr,2025-04,2025-04
South Sudan,2025-04-01,Maridi,percent_area_flooded,0.033109455,Unknown,2025,4,Apr,2025-04,2025-04
South Sudan,2025-04-01,Mundri East,percent_area_flooded,0.017917827,Unknown,2025,4,Apr,2025-04,2025-04
South Sudan,2025-04-01,Mundri West,percent_area_flooded,0.02999335,Unknown,2025,4,Apr,2025-04,2025-04
South Sudan,2025-04-01,Mvolo,percent_area_flooded,0.01540991,Unknown,2025,4,Apr,2025-04,2025-04
South Sudan,2025-04-01,Nagero,percent_area_flooded,0.018902414,Unknown,2025,4,Apr,2025-04,2025-04
South Sudan,2025-04-01,Yambio,percent_area_flooded,0.034915912,Unknown,2025,4,Apr,2025-04,2025-04
South Sudan,2025-04-01,Yambio,percent_area_flooded,0.034915912,Unknown,2025,4,Apr,2025-04,2025-04
South Sudan,2025-04-01,Nagero,percent_area_flooded,0.018902414,Unknown,2025,4,Apr,2025-04,2025-04
South Sudan,2025-04-01,Mvolo,percent_area_flooded,0.01540991,Unknown,2025,4,Apr,2025-04,2025-04
South Sudan,2025-04-01,Mundri West,percent_area_flooded,0.02999335,Unknown,2025,4,Apr,2025-04,2025-04
South Sudan,2025-04-01,Mundri East,percent_area_flooded,0.017917827,Unknown,2025,4,Apr,2025-04,2025-04
South Sudan,2025-04-01,Maridi,percent_area_flooded,0.033109455,Unknown,2025,4,Apr,2025-04,2025-04
South Sudan,2025-04-01,Ezo,percent_area_flooded,0.009801494,Unknown,2025,4,Apr,2025-04,2025-04
South Sudan,2025-04-01,Lainya,percent_area_flooded,0.140543651,Unknown,2025,4,Apr,2025-04,2025-04
South Sudan,2025-04-01,Bor South,percent_area_flooded,1.514690991,Unknown,2025,4,Apr,2025-04,2025-04
South Sudan,2025-04-01,Awerial,percent_area_flooded,2.999358857,Unknown,2025,4,Apr,2025-04,2025-04
South Sudan,2025-04-01,Manyo,percent_area_flooded,1.672905644,Unknown,2025,4,Apr,2025-04,2025-04
South Sudan,2025-04-01,Melut,percent_area_flooded,1.647635376,Unknown,2025,4,Apr,2025-04,2025-04
South Sudan,2025-04-01,Panyikang,percent_area_flooded,2.875291598,Unknown,2025,4,Apr,2025-04,2025-04
South Sudan,2025-04-01,Renk,percent_area_flooded,0.315945951,Unknown,2025,4,Apr,2025-04,2025-04
South Sudan,2025-04-01,Ulang,percent_area_flooded,1.651102145,Unknown,2025,4,Apr,2025-04,2025-04
South Sudan,2025-04-01,Gogrial East,percent_area_flooded,1.652110786,Unknown,2025,4,Apr,2025-04,2025-04
South Sudan,2025-04-01,Gogrial West,percent_area_flooded,0.913971219,Unknown,2025,4,Apr,2025-04,2025-04
South Sudan,2025-04-01,Tonj East,percent_area_flooded,1.016258484,Unknown,2025,4,Apr,2025-04,2025-04
South Sudan,2025-04-01,Tonj North,percent_area_flooded,2.753623503,Unknown,2025,4,Apr,2025-04,2025-04
South Sudan,2025-04-01,Tonj South,percent_area_flooded,0.300029013,Unknown,2025,4,Apr,2025-04,2025-04
South Sudan,2025-04-01,Twic,percent_area_flooded,3.430053805,Unknown,2025,4,Apr,2025-04,2025-04
South Sudan,2025-04-01,Jur River,percent_area_flooded,0.033462248,Unknown,2025,4,Apr,2025-04,2025-04
South Sudan,2025-04-01,Raja,percent_area_flooded,0.000887407,Unknown,2025,4,Apr,2025-04,2025-04
South Sudan,2025-04-01,Ezo,percent_area_flooded,0.009801494,Unknown,2025,4,Apr,2025-04,2025-04
South Sudan,2025-04-01,Ibba,percent_area_flooded,0.038929511,Unknown,2025,4,Apr,2025-04,2025-04
South Sudan,2025-04-01,Maridi,percent_area_flooded,0.033109455,Unknown,2025,4,Apr,2025-04,2025-04
South Sudan,2025-04-01,Mundri East,percent_area_flooded,0.017917827,Unknown,2025,4,Apr,2025-04,2025-04
South Sudan,2025-04-01,Mundri West,percent_area_flooded,0.02999335,Unknown,2025,4,Apr,2025-04,2025-04
South Sudan,2025-04-01,Nagero,percent_area_flooded,0.018902414,Unknown,2025,4,Apr,2025-04,2025-04
South Sudan,2025-04-01,Yambio,percent_area_flooded,0.034915912,Unknown,2025,4,Apr,2025-04,2025-04
South Sudan,2025-04-01,Uror,percent_area_flooded,0.053468036,Unknown,2025,4,Apr,2025-04,2025-04
South Sudan,2025-04-01,Malakal,percent_area_flooded,0.865822087,Unknown,2025,4,Apr,2025-04,2025-04
South Sudan,2025-04-01,Maiwut,percent_area_flooded,0.07953872,Unknown,2025,4,Apr,2025-04,2025-04
South Sudan,2025-04-01,Mvolo,percent_area_flooded,0.01540991,Unknown,2025,4,Apr,2025-04,2025-04
South Sudan,2025-04-01,Luakpiny/Nasir,percent_area_flooded,2.499454891,Unknown,2025,4,Apr,2025-04,2025-04
South Sudan,2025-04-01,Maban,percent_area_flooded,0.068760994,Unknown,2025,4,Apr,2025-04,2025-04
South Sudan,2025-04-01,Cueibet,percent_area_flooded,0.420149612,Unknown,2025,4,Apr,2025-04,2025-04
South Sudan,2025-04-01,Rumbek Centre,percent_area_flooded,0.854980587,Unknown,2025,4,Apr,2025-04,2025-04
South Sudan,2025-04-01,Rumbek North,percent_area_flooded,0.236125488,Unknown,2025,4,Apr,2025-04,2025-04
South Sudan,2025-04-01,Yirol East,percent_area_flooded,4.289377493,Unknown,2025,4,Apr,2025-04,2025-04
South Sudan,2025-04-01,Yirol West,percent_area_flooded,0.258369543,Unknown,2025,4,Apr,2025-04,2025-04
South Sudan,2025-04-01,Aweil East,percent_area_flooded,0.588585365,Unknown,2025,4,Apr,2025-04,2025-04
South Sudan,2025-04-01,Aweil South,percent_area_flooded,1.10914471,Unknown,2025,4,Apr,2025-04,2025-04
South Sudan,2025-04-01,Aweil West,percent_area_flooded,0.728435984,Unknown,2025,4,Apr,2025-04,2025-04
South Sudan,2025-04-01,Abiemnhom,percent_area_flooded,0.023193457,Unknown,2025,4,Apr,2025-04,2025-04
South Sudan,2025-04-01,Rumbek East,percent_area_flooded,0.422466978,Unknown,2025,4,Apr,2025-04,2025-04
South Sudan,2025-04-01,Koch,percent_area_flooded,3.295310703,Unknown,2025,4,Apr,2025-04,2025-04
South Sudan,2025-04-01,Leer,percent_area_flooded,5.546150362,Unknown,2025,4,Apr,2025-04,2025-04
South Sudan,2025-04-01,Mayendit,percent_area_flooded,16.67047352,Unknown,2025,4,Apr,2025-04,2025-04
South Sudan,2025-04-01,Mayom,percent_area_flooded,10.13217001,Unknown,2025,4,Apr,2025-04,2025-04
South Sudan,2025-04-01,Panyijiar,percent_area_flooded,7.102667458,Unknown,2025,4,Apr,2025-04,2025-04
South Sudan,2025-04-01,Pariang,percent_area_flooded,4.411721357,Unknown,2025,4,Apr,2025-04,2025-04
South Sudan,2025-04-01,Rubkona,percent_area_flooded,46.01760596,Unknown,2025,4,Apr,2025-04,2025-04
South Sudan,2025-04-01,Longochuk,percent_area_flooded,0.116221276,Unknown,2025,4,Apr,2025-04,2025-04
South Sudan,2025-04-01,Baliet,percent_area_flooded,0.622809412,Unknown,2025,4,Apr,2025-04,2025-04
South Sudan,2025-04-01,Fashoda,percent_area_flooded,0.232507872,Unknown,2025,4,Apr,2025-04,2025-04
South Sudan,2025-04-01,Guit,percent_area_flooded,19.96751336,Unknown,2025,4,Apr,2025-04,2025-04
South Sudan,2025-04-16,Guit,percent_area_flooded,16.85692486,Unknown,2025,4,Apr,2025-04,2025-04
South Sudan,2025-04-16,Aweil West,percent_area_flooded,0.176295987,Unknown,2025,4,Apr,2025-04,2025-04
South Sudan,2025-04-16,Wulu,percent_area_flooded,0.001764163,Unknown,2025,4,Apr,2025-04,2025-04
South Sudan,2025-04-16,Yirol East,percent_area_flooded,3.651932521,Unknown,2025,4,Apr,2025-04,2025-04
South Sudan,2025-04-16,Rumbek North,percent_area_flooded,0.121041491,Unknown,2025,4,Apr,2025-04,2025-04
South Sudan,2025-04-16,Rumbek East,percent_area_flooded,0.214936025,Unknown,2025,4,Apr,2025-04,2025-04
South Sudan,2025-04-16,Yirol West,percent_area_flooded,0.24149726,Unknown,2025,4,Apr,2025-04,2025-04
South Sudan,2025-04-16,Koch,percent_area_flooded,1.837704972,Unknown,2025,4,Apr,2025-04,2025-04
South Sudan,2025-04-16,Rubkona,percent_area_flooded,41.76296893,Unknown,2025,4,Apr,2025-04,2025-04
South Sudan,2025-04-16,Mayom,percent_area_flooded,7.253425296,Unknown,2025,4,Apr,2025-04,2025-04
South Sudan,2025-04-16,Panyijiar,percent_area_flooded,6.935811378,Unknown,2025,4,Apr,2025-04,2025-04
South Sudan,2025-04-16,Pariang,percent_area_flooded,3.030283133,Unknown,2025,4,Apr,2025-04,2025-04
South Sudan,2025-04-16,Baliet,percent_area_flooded,0.035169426,Unknown,2025,4,Apr,2025-04,2025-04
South Sudan,2025-04-16,Fashoda,percent_area_flooded,0.121699085,Unknown,2025,4,Apr,2025-04,2025-04
South Sudan,2025-04-16,Longochuk,percent_area_flooded,0.057651511,Unknown,2025,4,Apr,2025-04,2025-04
South Sudan,2025-04-16,Yambio,percent_area_flooded,0.003588987,Unknown,2025,4,Apr,2025-04,2025-04
South Sudan,2025-04-16,Luakpiny/Nasir,percent_area_flooded,1.287879113,Unknown,2025,4,Apr,2025-04,2025-04
South Sudan,2025-04-16,Mayendit,percent_area_flooded,14.98870993,Unknown,2025,4,Apr,2025-04,2025-04
South Sudan,2025-04-16,Nzara,percent_area_flooded,0.011822735,Unknown,2025,4,Apr,2025-04,2025-04
South Sudan,2025-04-16,Gogrial East,percent_area_flooded,0.605135007,Unknown,2025,4,Apr,2025-04,2025-04
South Sudan,2025-04-16,Mvolo,percent_area_flooded,0.002770321,Unknown,2025,4,Apr,2025-04,2025-04
South Sudan,2025-04-16,Maban,percent_area_flooded,0.002272965,Unknown,2025,4,Apr,2025-04,2025-04
South Sudan,2025-04-16,Fashoda,percent_area_flooded,0.121699085,Unknown,2025,4,Apr,2025-04,2025-04
South Sudan,2025-04-16,Longochuk,percent_area_flooded,0.057651511,Unknown,2025,4,Apr,2025-04,2025-04
South Sudan,2025-04-16,Luakpiny/Nasir,percent_area_flooded,1.287879113,Unknown,2025,4,Apr,2025-04,2025-04
South Sudan,2025-04-16,Maban,percent_area_flooded,0.002272965,Unknown,2025,4,Apr,2025-04,2025-04
South Sudan,2025-04-16,Malakal,percent_area_flooded,0.521829804,Unknown,2025,4,Apr,2025-04,2025-04
South Sudan,2025-04-16,Manyo,percent_area_flooded,1.475234448,Unknown,2025,4,Apr,2025-04,2025-04
South Sudan,2025-04-16,Melut,percent_area_flooded,0.521284177,Unknown,2025,4,Apr,2025-04,2025-04
South Sudan,2025-04-16,Panyikang,percent_area_flooded,2.479771166,Unknown,2025,4,Apr,2025-04,2025-04
South Sudan,2025-04-16,Renk,percent_area_flooded,0.22803732,Unknown,2025,4,Apr,2025-04,2025-04
South Sudan,2025-04-16,Ulang,percent_area_flooded,1.056559024,Unknown,2025,4,Apr,2025-04,2025-04
South Sudan,2025-04-16,Tonj East,percent_area_flooded,0.081751803,Unknown,2025,4,Apr,2025-04,2025-04
South Sudan,2025-04-16,Tonj North,percent_area_flooded,2.645001682,Unknown,2025,4,Apr,2025-04,2025-04
South Sudan,2025-04-16,Twic,percent_area_flooded,0.794194947,Unknown,2025,4,Apr,2025-04,2025-04
South Sudan,2025-04-16,Jur River,percent_area_flooded,0.033975498,Unknown,2025,4,Apr,2025-04,2025-04
South Sudan,2025-04-16,Raja,percent_area_flooded,0.00052102,Unknown,2025,4,Apr,2025-04,2025-04
South Sudan,2025-04-16,Ezo,percent_area_flooded,0.009924013,Unknown,2025,4,Apr,2025-04,2025-04
South Sudan,2025-04-16,Ibba,percent_area_flooded,0.001842788,Unknown,2025,4,Apr,2025-04,2025-04
South Sudan,2025-04-16,Maridi,percent_area_flooded,0.01133709,Unknown,2025,4,Apr,2025-04,2025-04
South Sudan,2025-04-16,Nagero,percent_area_flooded,0.001718401,Unknown,2025,4,Apr,2025-04,2025-04
South Sudan,2025-04-16,Malakal,percent_area_flooded,0.521829804,Unknown,2025,4,Apr,2025-04,2025-04
South Sudan,2025-04-16,Pibor,percent_area_flooded,0.013741658,Unknown,2025,4,Apr,2025-04,2025-04
South Sudan,2025-04-16,Melut,percent_area_flooded,0.521284177,Unknown,2025,4,Apr,2025-04,2025-04
South Sudan,2025-04-16,Duk,percent_area_flooded,10.29833363,Unknown,2025,4,Apr,2025-04,2025-04
South Sudan,2025-04-16,Canal/Pigi,percent_area_flooded,0.515731445,Unknown,2025,4,Apr,2025-04,2025-04
South Sudan,2025-04-16,Bor South,percent_area_flooded,1.227005804,Unknown,2025,4,Apr,2025-04,2025-04
South Sudan,2025-04-16,Ayod,percent_area_flooded,8.487173477,Unknown,2025,4,Apr,2025-04,2025-04
South Sudan,2025-04-16,Akobo,percent_area_flooded,0.002412101,Unknown,2025,4,Apr,2025-04,2025-04
South Sudan,2025-04-16,Torit,percent_area_flooded,0.050180022,Unknown,2025,4,Apr,2025-04,2025-04
South Sudan,2025-04-16,Magwi,percent_area_flooded,0.077825406,Unknown,2025,4,Apr,2025-04,2025-04
South Sudan,2025-04-16,Lafon,percent_area_flooded,0.032593994,Unknown,2025,4,Apr,2025-04,2025-04
South Sudan,2025-04-16,Fangak,percent_area_flooded,14.82427393,Unknown,2025,4,Apr,2025-04,2025-04
South Sudan,2025-04-16,Kapoeta North,percent_area_flooded,0.005391524,Unknown,2025,4,Apr,2025-04,2025-04
South Sudan,2025-04-16,Budi,percent_area_flooded,0.005826863,Unknown,2025,4,Apr,2025-04,2025-04
South Sudan,2025-04-16,Yei,percent_area_flooded,0.004722773,Unknown,2025,4,Apr,2025-04,2025-04
South Sudan,2025-04-16,Terekeka,percent_area_flooded,0.535388012,Unknown,2025,4,Apr,2025-04,2025-04
South Sudan,2025-04-16,Juba,percent_area_flooded,0.158638388,Unknown,2025,4,Apr,2025-04,2025-04
South Sudan,2025-04-16,Mvolo,percent_area_flooded,0.002770321,Unknown,2025,4,Apr,2025-04,2025-04
South Sudan,2025-04-16,Nagero,percent_area_flooded,0.001718401,Unknown,2025,4,Apr,2025-04,2025-04
South Sudan,2025-04-16,Nzara,percent_area_flooded,0.011822735,Unknown,2025,4,Apr,2025-04,2025-04
South Sudan,2025-04-16,Yambio,percent_area_flooded,0.003588987,Unknown,2025,4,Apr,2025-04,2025-04
South Sudan,2025-04-16,Kapoeta East,percent_area_flooded,0.360690222,Unknown,2025,4,Apr,2025-04,2025-04
South Sudan,2025-04-16,Manyo,percent_area_flooded,1.475234448,Unknown,2025,4,Apr,2025-04,2025-04
South Sudan,2025-04-16,Baliet,percent_area_flooded,0.035169426,Unknown,2025,4,Apr,2025-04,2025-04
South Sudan,2025-04-16,Twic East,percent_area_flooded,6.819458112,Unknown,2025,4,Apr,2025-04,2025-04
South Sudan,2025-04-16,Panyikang,percent_area_flooded,2.479771166,Unknown,2025,4,Apr,2025-04,2025-04
South Sudan,2025-04-16,Renk,percent_area_flooded,0.22803732,Unknown,2025,4,Apr,2025-04,2025-04
South Sudan,2025-04-16,Ulang,percent_area_flooded,1.056559024,Unknown,2025,4,Apr,2025-04,2025-04
South Sudan,2025-04-16,Gogrial East,percent_area_flooded,0.605135007,Unknown,2025,4,Apr,2025-04,2025-04
South Sudan,2025-04-16,Tonj East,percent_area_flooded,0.081751803,Unknown,2025,4,Apr,2025-04,2025-04
South Sudan,2025-04-16,Yambio,percent_area_flooded,0.003588987,Unknown,2025,4,Apr,2025-04,2025-04
South Sudan,2025-04-16,Nzara,percent_area_flooded,0.011822735,Unknown,2025,4,Apr,2025-04,2025-04
South Sudan,2025-04-16,Nagero,percent_area_flooded,0.001718401,Unknown,2025,4,Apr,2025-04,2025-04
South Sudan,2025-04-16,Pochalla,percent_area_flooded,0.249768696,Unknown,2025,4,Apr,2025-04,2025-04
South Sudan,2025-04-16,Mvolo,percent_area_flooded,0.002770321,Unknown,2025,4,Apr,2025-04,2025-04
South Sudan,2025-04-16,Ibba,percent_area_flooded,0.001842788,Unknown,2025,4,Apr,2025-04,2025-04
South Sudan,2025-04-16,Ezo,percent_area_flooded,0.009924013,Unknown,2025,4,Apr,2025-04,2025-04
South Sudan,2025-04-16,Raja,percent_area_flooded,0.00052102,Unknown,2025,4,Apr,2025-04,2025-04
South Sudan,2025-04-16,Jur River,percent_area_flooded,0.033975498,Unknown,2025,4,Apr,2025-04,2025-04
South Sudan,2025-04-16,Twic,percent_area_flooded,0.794194947,Unknown,2025,4,Apr,2025-04,2025-04
South Sudan,2025-04-16,Tonj North,percent_area_flooded,2.645001682,Unknown,2025,4,Apr,2025-04,2025-04
South Sudan,2025-04-16,Cueibet,percent_area_flooded,0.005321222,Unknown,2025,4,Apr,2025-04,2025-04
South Sudan,2025-04-16,Awerial,percent_area_flooded,2.244408612,Unknown,2025,4,Apr,2025-04,2025-04
South Sudan,2025-04-16,Maridi,percent_area_flooded,0.01133709,Unknown,2025,4,Apr,2025-04,2025-04
South Sudan,2025-04-16,Rubkona,percent_area_flooded,41.76296893,Unknown,2025,4,Apr,2025-04,2025-04
South Sudan,2025-04-16,Leer,percent_area_flooded,4.275469842,Unknown,2025,4,Apr,2025-04,2025-04
South Sudan,2025-04-16,Panyijiar,percent_area_flooded,6.935811378,Unknown,2025,4,Apr,2025-04,2025-04
South Sudan,2025-04-16,Akobo,percent_area_flooded,0.002412101,Unknown,2025,4,Apr,2025-04,2025-04
South Sudan,2025-04-16,Torit,percent_area_flooded,0.050180022,Unknown,2025,4,Apr,2025-04,2025-04
South Sudan,2025-04-16,Magwi,percent_area_flooded,0.077825406,Unknown,2025,4,Apr,2025-04,2025-04
South Sudan,2025-04-16,Lafon,percent_area_flooded,0.032593994,Unknown,2025,4,Apr,2025-04,2025-04
South Sudan,2025-04-16,Kapoeta North,percent_area_flooded,0.005391524,Unknown,2025,4,Apr,2025-04,2025-04
South Sudan,2025-04-16,Kapoeta East,percent_area_flooded,0.360690222,Unknown,2025,4,Apr,2025-04,2025-04
South Sudan,2025-04-16,Budi,percent_area_flooded,0.005826863,Unknown,2025,4,Apr,2025-04,2025-04
South Sudan,2025-04-16,Yei,percent_area_flooded,0.004722773,Unknown,2025,4,Apr,2025-04,2025-04
South Sudan,2025-04-16,Ayod,percent_area_flooded,8.487173477,Unknown,2025,4,Apr,2025-04,2025-04
South Sudan,2025-04-16,Terekeka,percent_area_flooded,0.535388012,Unknown,2025,4,Apr,2025-04,2025-04
South Sudan,2025-04-16,Fangak,percent_area_flooded,14.82427393,Unknown,2025,4,Apr,2025-04,2025-04
South Sudan,2025-04-16,Baliet,percent_area_flooded,0.035169426,Unknown,2025,4,Apr,2025-04,2025-04
South Sudan,2025-04-16,Fashoda,percent_area_flooded,0.121699085,Unknown,2025,4,Apr,2025-04,2025-04
South Sudan,2025-04-16,Longochuk,percent_area_flooded,0.057651511,Unknown,2025,4,Apr,2025-04,2025-04
South Sudan,2025-04-16,Luakpiny/Nasir,percent_area_flooded,1.287879113,Unknown,2025,4,Apr,2025-04,2025-04
South Sudan,2025-04-16,Maban,percent_area_flooded,0.002272965,Unknown,2025,4,Apr,2025-04,2025-04
South Sudan,2025-04-16,Malakal,percent_area_flooded,0.521829804,Unknown,2025,4,Apr,2025-04,2025-04
South Sudan,2025-04-16,Manyo,percent_area_flooded,1.475234448,Unknown,2025,4,Apr,2025-04,2025-04
South Sudan,2025-04-16,Juba,percent_area_flooded,0.158638388,Unknown,2025,4,Apr,2025-04,2025-04
South Sudan,2025-04-16,Bor South,percent_area_flooded,1.227005804,Unknown,2025,4,Apr,2025-04,2025-04
South Sudan,2025-04-16,Canal/Pigi,percent_area_flooded,0.515731445,Unknown,2025,4,Apr,2025-04,2025-04
South Sudan,2025-04-16,Rubkona,percent_area_flooded,41.76296893,Unknown,2025,4,Apr,2025-04,2025-04
South Sudan,2025-04-16,Pibor,percent_area_flooded,0.013741658,Unknown,2025,4,Apr,2025-04,2025-04
South Sudan,2025-04-16,Pochalla,percent_area_flooded,0.249768696,Unknown,2025,4,Apr,2025-04,2025-04
South Sudan,2025-04-16,Twic East,percent_area_flooded,6.819458112,Unknown,2025,4,Apr,2025-04,2025-04
South Sudan,2025-04-16,Awerial,percent_area_flooded,2.244408612,Unknown,2025,4,Apr,2025-04,2025-04
South Sudan,2025-04-16,Cueibet,percent_area_flooded,0.005321222,Unknown,2025,4,Apr,2025-04,2025-04
South Sudan,2025-04-16,Rumbek East,percent_area_flooded,0.214936025,Unknown,2025,4,Apr,2025-04,2025-04
South Sudan,2025-04-16,Rumbek North,percent_area_flooded,0.121041491,Unknown,2025,4,Apr,2025-04,2025-04
South Sudan,2025-04-16,Wulu,percent_area_flooded,0.001764163,Unknown,2025,4,Apr,2025-04,2025-04
South Sudan,2025-04-16,Yirol East,percent_area_flooded,3.651932521,Unknown,2025,4,Apr,2025-04,2025-04
South Sudan,2025-04-16,Yirol West,percent_area_flooded,0.24149726,Unknown,2025,4,Apr,2025-04,2025-04
South Sudan,2025-04-16,Aweil West,percent_area_flooded,0.176295987,Unknown,2025,4,Apr,2025-04,2025-04
South Sudan,2025-04-16,Guit,percent_area_flooded,16.85692486,Unknown,2025,4,Apr,2025-04,2025-04
South Sudan,2025-04-16,Koch,percent_area_flooded,1.837704972,Unknown,2025,4,Apr,2025-04,2025-04
South Sudan,2025-04-16,Pariang,percent_area_flooded,3.030283133,Unknown,2025,4,Apr,2025-04,2025-04
South Sudan,2025-04-16,Leer,percent_area_flooded,4.275469842,Unknown,2025,4,Apr,2025-04,2025-04
South Sudan,2025-04-16,Mayendit,percent_area_flooded,14.98870993,Unknown,2025,4,Apr,2025-04,2025-04
South Sudan,2025-04-16,Mayom,percent_area_flooded,7.253425296,Unknown,2025,4,Apr,2025-04,2025-04
South Sudan,2025-04-16,Panyijiar,percent_area_flooded,6.935811378,Unknown,2025,4,Apr,2025-04,2025-04
South Sudan,2025-04-16,Pariang,percent_area_flooded,3.030283133,Unknown,2025,4,Apr,2025-04,2025-04
South Sudan,2025-04-16,Melut,percent_area_flooded,0.521284177,Unknown,2025,4,Apr,2025-04,2025-04
South Sudan,2025-04-16,Panyikang,percent_area_flooded,2.479771166,Unknown,2025,4,Apr,2025-04,2025-04
South Sudan,2025-04-16,Duk,percent_area_flooded,10.29833363,Unknown,2025,4,Apr,2025-04,2025-04
South Sudan,2025-04-16,Ulang,percent_area_flooded,1.056559024,Unknown,2025,4,Apr,2025-04,2025-04
South Sudan,2025-04-16,Budi,percent_area_flooded,0.005826863,Unknown,2025,4,Apr,2025-04,2025-04
South Sudan,2025-04-16,Kapoeta East,percent_area_flooded,0.360690222,Unknown,2025,4,Apr,2025-04,2025-04
South Sudan,2025-04-16,Kapoeta North,percent_area_flooded,0.005391524,Unknown,2025,4,Apr,2025-04,2025-04
South Sudan,2025-04-16,Lafon,percent_area_flooded,0.032593994,Unknown,2025,4,Apr,2025-04,2025-04
South Sudan,2025-04-16,Magwi,percent_area_flooded,0.077825406,Unknown,2025,4,Apr,2025-04,2025-04
South Sudan,2025-04-16,Torit,percent_area_flooded,0.050180022,Unknown,2025,4,Apr,2025-04,2025-04
South Sudan,2025-04-16,Akobo,percent_area_flooded,0.002412101,Unknown,2025,4,Apr,2025-04,2025-04
South Sudan,2025-04-16,Ayod,percent_area_flooded,8.487173477,Unknown,2025,4,Apr,2025-04,2025-04
South Sudan,2025-04-16,Bor South,percent_area_flooded,1.227005804,Unknown,2025,4,Apr,2025-04,2025-04
South Sudan,2025-04-16,Canal/Pigi,percent_area_flooded,0.515731445,Unknown,2025,4,Apr,2025-04,2025-04
South Sudan,2025-04-16,Duk,percent_area_flooded,10.29833363,Unknown,2025,4,Apr,2025-04,2025-04
South Sudan,2025-04-16,Fangak,percent_area_flooded,14.82427393,Unknown,2025,4,Apr,2025-04,2025-04
South Sudan,2025-04-16,Pibor,percent_area_flooded,0.013741658,Unknown,2025,4,Apr,2025-04,2025-04
South Sudan,2025-04-16,Yei,percent_area_flooded,0.004722773,Unknown,2025,4,Apr,2025-04,2025-04
South Sudan,2025-04-16,Pochalla,percent_area_flooded,0.249768696,Unknown,2025,4,Apr,2025-04,2025-04
South Sudan,2025-04-16,Awerial,percent_area_flooded,2.244408612,Unknown,2025,4,Apr,2025-04,2025-04
South Sudan,2025-04-16,Cueibet,percent_area_flooded,0.005321222,Unknown,2025,4,Apr,2025-04,2025-04
South Sudan,2025-04-16,Rumbek East,percent_area_flooded,0.214936025,Unknown,2025,4,Apr,2025-04,2025-04
South Sudan,2025-04-16,Rumbek North,percent_area_flooded,0.121041491,Unknown,2025,4,Apr,2025-04,2025-04
South Sudan,2025-04-16,Wulu,percent_area_flooded,0.001764163,Unknown,2025,4,Apr,2025-04,2025-04
South Sudan,2025-04-16,Yirol East,percent_area_flooded,3.651932521,Unknown,2025,4,Apr,2025-04,2025-04
South Sudan,2025-04-16,Yirol West,percent_area_flooded,0.24149726,Unknown,2025,4,Apr,2025-04,2025-04
South Sudan,2025-04-16,Aweil West,percent_area_flooded,0.176295987,Unknown,2025,4,Apr,2025-04,2025-04
South Sudan,2025-04-16,Guit,percent_area_flooded,16.85692486,Unknown,2025,4,Apr,2025-04,2025-04
South Sudan,2025-04-16,Koch,percent_area_flooded,1.837704972,Unknown,2025,4,Apr,2025-04,2025-04
South Sudan,2025-04-16,Leer,percent_area_flooded,4.275469842,Unknown,2025,4,Apr,2025-04,2025-04
South Sudan,2025-04-16,Mayendit,percent_area_flooded,14.98870993,Unknown,2025,4,Apr,2025-04,2025-04
South Sudan,2025-04-16,Mayom,percent_area_flooded,7.253425296,Unknown,2025,4,Apr,2025-04,2025-04
South Sudan,2025-04-16,Twic East,percent_area_flooded,6.819458112,Unknown,2025,4,Apr,2025-04,2025-04
South Sudan,2025-04-16,Renk,percent_area_flooded,0.22803732,Unknown,2025,4,Apr,2025-04,2025-04
South Sudan,2025-04-16,Terekeka,percent_area_flooded,0.535388012,Unknown,2025,4,Apr,2025-04,2025-04
South Sudan,2025-04-16,Maridi,percent_area_flooded,0.01133709,Unknown,2025,4,Apr,2025-04,2025-04
South Sudan,2025-04-16,Gogrial East,percent_area_flooded,0.605135007,Unknown,2025,4,Apr,2025-04,2025-04
South Sudan,2025-04-16,Tonj East,percent_area_flooded,0.081751803,Unknown,2025,4,Apr,2025-04,2025-04
South Sudan,2025-04-16,Tonj North,percent_area_flooded,2.645001682,Unknown,2025,4,Apr,2025-04,2025-04
South Sudan,2025-04-16,Twic,percent_area_flooded,0.794194947,Unknown,2025,4,Apr,2025-04,2025-04
South Sudan,2025-04-16,Jur River,percent_area_flooded,0.033975498,Unknown,2025,4,Apr,2025-04,2025-04
South Sudan,2025-04-16,Raja,percent_area_flooded,0.00052102,Unknown,2025,4,Apr,2025-04,2025-04
South Sudan,2025-04-16,Ezo,percent_area_flooded,0.009924013,Unknown,2025,4,Apr,2025-04,2025-04
South Sudan,2025-04-16,Ibba,percent_area_flooded,0.001842788,Unknown,2025,4,Apr,2025-04,2025-04
South Sudan,2025-04-16,Juba,percent_area_flooded,0.158638388,Unknown,2025,4,Apr,2025-04,2025-04
South Sudan,2025-05-01,Cueibet,percent_area_flooded,0.204201903,Unknown,2025,5,May,2025-05,2025-05
South Sudan,2025-05-01,Awerial,percent_area_flooded,2.191444872,Unknown,2025,5,May,2025-05,2025-05
South Sudan,2025-05-01,Twic East,percent_area_flooded,5.901980483,Unknown,2025,5,May,2025-05,2025-05
South Sudan,2025-05-01,Pochalla,percent_area_flooded,0.360884256,Unknown,2025,5,May,2025-05,2025-05
South Sudan,2025-05-01,Pibor,percent_area_flooded,0.021150204,Unknown,2025,5,May,2025-05,2025-05
South Sudan,2025-05-01,Nyirol,percent_area_flooded,0.241570401,Unknown,2025,5,May,2025-05,2025-05
South Sudan,2025-05-01,Duk,percent_area_flooded,9.410133737,Unknown,2025,5,May,2025-05,2025-05
South Sudan,2025-05-01,Canal/Pigi,percent_area_flooded,0.558395898,Unknown,2025,5,May,2025-05,2025-05
South Sudan,2025-05-01,Bor South,percent_area_flooded,1.128047548,Unknown,2025,5,May,2025-05,2025-05
South Sudan,2025-05-01,Ayod,percent_area_flooded,8.286850829,Unknown,2025,5,May,2025-05,2025-05
South Sudan,2025-05-01,Akobo,percent_area_flooded,0.032515832,Unknown,2025,5,May,2025-05,2025-05
South Sudan,2025-05-01,Magwi,percent_area_flooded,0.044855037,Unknown,2025,5,May,2025-05,2025-05
South Sudan,2025-05-01,Lafon,percent_area_flooded,0.031801991,Unknown,2025,5,May,2025-05,2025-05
South Sudan,2025-05-01,Kapoeta North,percent_area_flooded,0.01314358,Unknown,2025,5,May,2025-05,2025-05
South Sudan,2025-05-01,Kapoeta East,percent_area_flooded,0.377217535,Unknown,2025,5,May,2025-05,2025-05
South Sudan,2025-05-01,Yei,percent_area_flooded,0.080434727,Unknown,2025,5,May,2025-05,2025-05
South Sudan,2025-05-01,Terekeka,percent_area_flooded,0.736985021,Unknown,2025,5,May,2025-05,2025-05
South Sudan,2025-05-01,Juba,percent_area_flooded,0.158584484,Unknown,2025,5,May,2025-05,2025-05
South Sudan,2025-05-01,Rumbek East,percent_area_flooded,0.315147355,Unknown,2025,5,May,2025-05,2025-05
South Sudan,2025-05-01,Fangak,percent_area_flooded,12.90215306,Unknown,2025,5,May,2025-05,2025-05
South Sudan,2025-05-01,Rumbek Centre,percent_area_flooded,0.062659153,Unknown,2025,5,May,2025-05,2025-05
South Sudan,2025-05-01,Juba,percent_area_flooded,0.158584484,Unknown,2025,5,May,2025-05,2025-05
South Sudan,2025-05-01,Terekeka,percent_area_flooded,0.736985021,Unknown,2025,5,May,2025-05,2025-05
South Sudan,2025-05-01,Pariang,percent_area_flooded,2.376755548,Unknown,2025,5,May,2025-05,2025-05
South Sudan,2025-05-01,Rubkona,percent_area_flooded,39.6997644,Unknown,2025,5,May,2025-05,2025-05
South Sudan,2025-05-01,Baliet,percent_area_flooded,0.022411066,Unknown,2025,5,May,2025-05,2025-05
South Sudan,2025-05-01,Yambio,percent_area_flooded,0.038858032,Unknown,2025,5,May,2025-05,2025-05
South Sudan,2025-05-01,Tambura,percent_area_flooded,0.012137701,Unknown,2025,5,May,2025-05,2025-05
South Sudan,2025-05-01,Nzara,percent_area_flooded,0.019346294,Unknown,2025,5,May,2025-05,2025-05
South Sudan,2025-05-01,Nagero,percent_area_flooded,0.003651603,Unknown,2025,5,May,2025-05,2025-05
South Sudan,2025-05-01,Mundri East,percent_area_flooded,0.00779036,Unknown,2025,5,May,2025-05,2025-05
South Sudan,2025-05-01,Maridi,percent_area_flooded,0.011050304,Unknown,2025,5,May,2025-05,2025-05
South Sudan,2025-05-01,Ibba,percent_area_flooded,0.002574703,Unknown,2025,5,May,2025-05,2025-05
South Sudan,2025-05-01,Ezo,percent_area_flooded,0.015682391,Unknown,2025,5,May,2025-05,2025-05
South Sudan,2025-05-01,Wau,percent_area_flooded,0.002260731,Unknown,2025,5,May,2025-05,2025-05
South Sudan,2025-05-01,Raja,percent_area_flooded,0.000950793,Unknown,2025,5,May,2025-05,2025-05
South Sudan,2025-05-01,Jur River,percent_area_flooded,0.019088233,Unknown,2025,5,May,2025-05,2025-05
South Sudan,2025-05-01,Twic,percent_area_flooded,1.360552046,Unknown,2025,5,May,2025-05,2025-05
South Sudan,2025-05-01,Tonj North,percent_area_flooded,2.061379335,Unknown,2025,5,May,2025-05,2025-05
South Sudan,2025-05-01,Tonj East,percent_area_flooded,0.042753593,Unknown,2025,5,May,2025-05,2025-05
South Sudan,2025-05-01,Gogrial West,percent_area_flooded,0.018288121,Unknown,2025,5,May,2025-05,2025-05
South Sudan,2025-05-01,Gogrial East,percent_area_flooded,0.339328415,Unknown,2025,5,May,2025-05,2025-05
South Sudan,2025-05-01,Ulang,percent_area_flooded,1.125871572,Unknown,2025,5,May,2025-05,2025-05
South Sudan,2025-05-01,Renk,percent_area_flooded,0.277437303,Unknown,2025,5,May,2025-05,2025-05
South Sudan,2025-05-01,Panyikang,percent_area_flooded,2.443134695,Unknown,2025,5,May,2025-05,2025-05
South Sudan,2025-05-01,Melut,percent_area_flooded,0.848381797,Unknown,2025,5,May,2025-05,2025-05
South Sudan,2025-05-01,Manyo,percent_area_flooded,1.597608256,Unknown,2025,5,May,2025-05,2025-05
South Sudan,2025-05-01,Malakal,percent_area_flooded,0.686254999,Unknown,2025,5,May,2025-05,2025-05
South Sudan,2025-05-01,Maban,percent_area_flooded,0.007364408,Unknown,2025,5,May,2025-05,2025-05
South Sudan,2025-05-01,Luakpiny/Nasir,percent_area_flooded,1.353200826,Unknown,2025,5,May,2025-05,2025-05
South Sudan,2025-05-01,Panyijiar,percent_area_flooded,5.350493633,Unknown,2025,5,May,2025-05,2025-05
South Sudan,2025-05-01,Mayom,percent_area_flooded,6.674432292,Unknown,2025,5,May,2025-05,2025-05
South Sudan,2025-05-01,Mayendit,percent_area_flooded,15.35083212,Unknown,2025,5,May,2025-05,2025-05
South Sudan,2025-05-01,Leer,percent_area_flooded,3.814886733,Unknown,2025,5,May,2025-05,2025-05
South Sudan,2025-05-01,Yei,percent_area_flooded,0.080434727,Unknown,2025,5,May,2025-05,2025-05
South Sudan,2025-05-01,Kapoeta East,percent_area_flooded,0.377217535,Unknown,2025,5,May,2025-05,2025-05
South Sudan,2025-05-01,Kapoeta North,percent_area_flooded,0.01314358,Unknown,2025,5,May,2025-05,2025-05
South Sudan,2025-05-01,Lafon,percent_area_flooded,0.031801991,Unknown,2025,5,May,2025-05,2025-05
South Sudan,2025-05-01,Magwi,percent_area_flooded,0.044855037,Unknown,2025,5,May,2025-05,2025-05
South Sudan,2025-05-01,Akobo,percent_area_flooded,0.032515832,Unknown,2025,5,May,2025-05,2025-05
South Sudan,2025-05-01,Ayod,percent_area_flooded,8.286850829,Unknown,2025,5,May,2025-05,2025-05
South Sudan,2025-05-01,Bor South,percent_area_flooded,1.128047548,Unknown,2025,5,May,2025-05,2025-05
South Sudan,2025-05-01,Canal/Pigi,percent_area_flooded,0.558395898,Unknown,2025,5,May,2025-05,2025-05
South Sudan,2025-05-01,Duk,percent_area_flooded,9.410133737,Unknown,2025,5,May,2025-05,2025-05
South Sudan,2025-05-01,Fangak,percent_area_flooded,12.90215306,Unknown,2025,5,May,2025-05,2025-05
South Sudan,2025-05-01,Nyirol,percent_area_flooded,0.241570401,Unknown,2025,5,May,2025-05,2025-05
South Sudan,2025-05-01,Pibor,percent_area_flooded,0.021150204,Unknown,2025,5,May,2025-05,2025-05
South Sudan,2025-05-01,Rumbek North,percent_area_flooded,0.008360692,Unknown,2025,5,May,2025-05,2025-05
South Sudan,2025-05-01,Pochalla,percent_area_flooded,0.360884256,Unknown,2025,5,May,2025-05,2025-05
South Sudan,2025-05-01,Awerial,percent_area_flooded,2.191444872,Unknown,2025,5,May,2025-05,2025-05
South Sudan,2025-05-01,Cueibet,percent_area_flooded,0.204201903,Unknown,2025,5,May,2025-05,2025-05
South Sudan,2025-05-01,Rumbek Centre,percent_area_flooded,0.062659153,Unknown,2025,5,May,2025-05,2025-05
South Sudan,2025-05-01,Rumbek East,percent_area_flooded,0.315147355,Unknown,2025,5,May,2025-05,2025-05
South Sudan,2025-05-01,Rumbek North,percent_area_flooded,0.008360692,Unknown,2025,5,May,2025-05,2025-05
South Sudan,2025-05-01,Wulu,percent_area_flooded,0.007423219,Unknown,2025,5,May,2025-05,2025-05
South Sudan,2025-05-01,Yirol East,percent_area_flooded,3.314076056,Unknown,2025,5,May,2025-05,2025-05
South Sudan,2025-05-01,Yirol West,percent_area_flooded,0.243326785,Unknown,2025,5,May,2025-05,2025-05
South Sudan,2025-05-01,Aweil Centre,percent_area_flooded,0.004044943,Unknown,2025,5,May,2025-05,2025-05
South Sudan,2025-05-01,Aweil North,percent_area_flooded,0.010382348,Unknown,2025,5,May,2025-05,2025-05
South Sudan,2025-05-01,Abiemnhom,percent_area_flooded,0.008988634,Unknown,2025,5,May,2025-05,2025-05
South Sudan,2025-05-01,Guit,percent_area_flooded,15.68389644,Unknown,2025,5,May,2025-05,2025-05
South Sudan,2025-05-01,Koch,percent_area_flooded,1.588104236,Unknown,2025,5,May,2025-05,2025-05
South Sudan,2025-05-01,Twic East,percent_area_flooded,5.901980483,Unknown,2025,5,May,2025-05,2025-05
South Sudan,2025-05-01,Wulu,percent_area_flooded,0.007423219,Unknown,2025,5,May,2025-05,2025-05
South Sudan,2025-05-01,Rubkona,percent_area_flooded,39.6997644,Unknown,2025,5,May,2025-05,2025-05
South Sudan,2025-05-01,Yirol West,percent_area_flooded,0.243326785,Unknown,2025,5,May,2025-05,2025-05
South Sudan,2025-05-01,Panyijiar,percent_area_flooded,5.350493633,Unknown,2025,5,May,2025-05,2025-05
South Sudan,2025-05-01,Pariang,percent_area_flooded,2.376755548,Unknown,2025,5,May,2025-05,2025-05
South Sudan,2025-05-01,Rubkona,percent_area_flooded,39.6997644,Unknown,2025,5,May,2025-05,2025-05
South Sudan,2025-05-01,Baliet,percent_area_flooded,0.022411066,Unknown,2025,5,May,2025-05,2025-05
South Sudan,2025-05-01,Fashoda,percent_area_flooded,0.154097723,Unknown,2025,5,May,2025-05,2025-05
South Sudan,2025-05-01,Longochuk,percent_area_flooded,0.086354184,Unknown,2025,5,May,2025-05,2025-05
South Sudan,2025-05-01,Luakpiny/Nasir,percent_area_flooded,1.353200826,Unknown,2025,5,May,2025-05,2025-05
South Sudan,2025-05-01,Maban,percent_area_flooded,0.007364408,Unknown,2025,5,May,2025-05,2025-05
South Sudan,2025-05-01,Malakal,percent_area_flooded,0.686254999,Unknown,2025,5,May,2025-05,2025-05
South Sudan,2025-05-01,Manyo,percent_area_flooded,1.597608256,Unknown,2025,5,May,2025-05,2025-05
South Sudan,2025-05-01,Melut,percent_area_flooded,0.848381797,Unknown,2025,5,May,2025-05,2025-05
South Sudan,2025-05-01,Panyikang,percent_area_flooded,2.443134695,Unknown,2025,5,May,2025-05,2025-05
South Sudan,2025-05-01,Renk,percent_area_flooded,0.277437303,Unknown,2025,5,May,2025-05,2025-05
South Sudan,2025-05-01,Ulang,percent_area_flooded,1.125871572,Unknown,2025,5,May,2025-05,2025-05
South Sudan,2025-05-01,Gogrial East,percent_area_flooded,0.339328415,Unknown,2025,5,May,2025-05,2025-05
South Sudan,2025-05-01,Gogrial West,percent_area_flooded,0.018288121,Unknown,2025,5,May,2025-05,2025-05
South Sudan,2025-05-01,Tonj East,percent_area_flooded,0.042753593,Unknown,2025,5,May,2025-05,2025-05
South Sudan,2025-05-01,Tonj North,percent_area_flooded,2.061379335,Unknown,2025,5,May,2025-05,2025-05
South Sudan,2025-05-01,Twic,percent_area_flooded,1.360552046,Unknown,2025,5,May,2025-05,2025-05
South Sudan,2025-05-01,Jur River,percent_area_flooded,0.019088233,Unknown,2025,5,May,2025-05,2025-05
South Sudan,2025-05-01,Raja,percent_area_flooded,0.000950793,Unknown,2025,5,May,2025-05,2025-05
South Sudan,2025-05-01,Wau,percent_area_flooded,0.002260731,Unknown,2025,5,May,2025-05,2025-05
South Sudan,2025-05-01,Ezo,percent_area_flooded,0.015682391,Unknown,2025,5,May,2025-05,2025-05
South Sudan,2025-05-01,Ibba,percent_area_flooded,0.002574703,Unknown,2025,5,May,2025-05,2025-05
South Sudan,2025-05-01,Maridi,percent_area_flooded,0.011050304,Unknown,2025,5,May,2025-05,2025-05
South Sudan,2025-05-01,Mundri East,percent_area_flooded,0.00779036,Unknown,2025,5,May,2025-05,2025-05
South Sudan,2025-05-01,Nagero,percent_area_flooded,0.003651603,Unknown,2025,5,May,2025-05,2025-05
South Sudan,2025-05-01,Nzara,percent_area_flooded,0.019346294,Unknown,2025,5,May,2025-05,2025-05
South Sudan,2025-05-01,Tambura,percent_area_flooded,0.012137701,Unknown,2025,5,May,2025-05,2025-05
South Sudan,2025-05-01,Mayom,percent_area_flooded,6.674432292,Unknown,2025,5,May,2025-05,2025-05
South Sudan,2025-05-01,Yambio,percent_area_flooded,0.038858032,Unknown,2025,5,May,2025-05,2025-05
South Sudan,2025-05-01,Mayendit,percent_area_flooded,15.35083212,Unknown,2025,5,May,2025-05,2025-05
South Sudan,2025-05-01,Koch,percent_area_flooded,1.588104236,Unknown,2025,5,May,2025-05,2025-05
South Sudan,2025-05-01,Juba,percent_area_flooded,0.158584484,Unknown,2025,5,May,2025-05,2025-05
South Sudan,2025-05-01,Terekeka,percent_area_flooded,0.736985021,Unknown,2025,5,May,2025-05,2025-05
South Sudan,2025-05-01,Yei,percent_area_flooded,0.080434727,Unknown,2025,5,May,2025-05,2025-05
South Sudan,2025-05-01,Kapoeta East,percent_area_flooded,0.377217535,Unknown,2025,5,May,2025-05,2025-05
South Sudan,2025-05-01,Kapoeta North,percent_area_flooded,0.01314358,Unknown,2025,5,May,2025-05,2025-05
South Sudan,2025-05-01,Lafon,percent_area_flooded,0.031801991,Unknown,2025,5,May,2025-05,2025-05
South Sudan,2025-05-01,Magwi,percent_area_flooded,0.044855037,Unknown,2025,5,May,2025-05,2025-05
South Sudan,2025-05-01,Akobo,percent_area_flooded,0.032515832,Unknown,2025,5,May,2025-05,2025-05
South Sudan,2025-05-01,Ayod,percent_area_flooded,8.286850829,Unknown,2025,5,May,2025-05,2025-05
South Sudan,2025-05-01,Bor South,percent_area_flooded,1.128047548,Unknown,2025,5,May,2025-05,2025-05
South Sudan,2025-05-01,Canal/Pigi,percent_area_flooded,0.558395898,Unknown,2025,5,May,2025-05,2025-05
South Sudan,2025-05-01,Duk,percent_area_flooded,9.410133737,Unknown,2025,5,May,2025-05,2025-05
South Sudan,2025-05-01,Fangak,percent_area_flooded,12.90215306,Unknown,2025,5,May,2025-05,2025-05
South Sudan,2025-05-01,Nyirol,percent_area_flooded,0.241570401,Unknown,2025,5,May,2025-05,2025-05
South Sudan,2025-05-01,Pibor,percent_area_flooded,0.021150204,Unknown,2025,5,May,2025-05,2025-05
South Sudan,2025-05-01,Pochalla,percent_area_flooded,0.360884256,Unknown,2025,5,May,2025-05,2025-05
South Sudan,2025-05-01,Twic East,percent_area_flooded,5.901980483,Unknown,2025,5,May,2025-05,2025-05
South Sudan,2025-05-01,Awerial,percent_area_flooded,2.191444872,Unknown,2025,5,May,2025-05,2025-05
South Sudan,2025-05-01,Cueibet,percent_area_flooded,0.204201903,Unknown,2025,5,May,2025-05,2025-05
South Sudan,2025-05-01,Rumbek Centre,percent_area_flooded,0.062659153,Unknown,2025,5,May,2025-05,2025-05
South Sudan,2025-05-01,Rumbek East,percent_area_flooded,0.315147355,Unknown,2025,5,May,2025-05,2025-05
South Sudan,2025-05-01,Rumbek North,percent_area_flooded,0.008360692,Unknown,2025,5,May,2025-05,2025-05
South Sudan,2025-05-01,Wulu,percent_area_flooded,0.007423219,Unknown,2025,5,May,2025-05,2025-05
South Sudan,2025-05-01,Yirol East,percent_area_flooded,3.314076056,Unknown,2025,5,May,2025-05,2025-05
South Sudan,2025-05-01,Yirol West,percent_area_flooded,0.243326785,Unknown,2025,5,May,2025-05,2025-05
South Sudan,2025-05-01,Aweil Centre,percent_area_flooded,0.004044943,Unknown,2025,5,May,2025-05,2025-05
South Sudan,2025-05-01,Aweil North,percent_area_flooded,0.010382348,Unknown,2025,5,May,2025-05,2025-05
South Sudan,2025-05-01,Abiemnhom,percent_area_flooded,0.008988634,Unknown,2025,5,May,2025-05,2025-05
South Sudan,2025-05-01,Guit,percent_area_flooded,15.68389644,Unknown,2025,5,May,2025-05,2025-05
South Sudan,2025-05-01,Leer,percent_area_flooded,3.814886733,Unknown,2025,5,May,2025-05,2025-05
South Sudan,2025-05-01,Yirol East,percent_area_flooded,3.314076056,Unknown,2025,5,May,2025-05,2025-05
South Sudan,2025-05-01,Fashoda,percent_area_flooded,0.154097723,Unknown,2025,5,May,2025-05,2025-05
South Sudan,2025-05-01,Melut,percent_area_flooded,0.848381797,Unknown,2025,5,May,2025-05,2025-05
South Sudan,2025-05-01,Renk,percent_area_flooded,0.277437303,Unknown,2025,5,May,2025-05,2025-05
South Sudan,2025-05-01,Ulang,percent_area_flooded,1.125871572,Unknown,2025,5,May,2025-05,2025-05
South Sudan,2025-05-01,Gogrial East,percent_area_flooded,0.339328415,Unknown,2025,5,May,2025-05,2025-05
South Sudan,2025-05-01,Gogrial West,percent_area_flooded,0.018288121,Unknown,2025,5,May,2025-05,2025-05
South Sudan,2025-05-01,Tonj East,percent_area_flooded,0.042753593,Unknown,2025,5,May,2025-05,2025-05
South Sudan,2025-05-01,Tonj North,percent_area_flooded,2.061379335,Unknown,2025,5,May,2025-05,2025-05
South Sudan,2025-05-01,Twic,percent_area_flooded,1.360552046,Unknown,2025,5,May,2025-05,2025-05
South Sudan,2025-05-01,Jur River,percent_area_flooded,0.019088233,Unknown,2025,5,May,2025-05,2025-05
South Sudan,2025-05-01,Raja,percent_area_flooded,0.000950793,Unknown,2025,5,May,2025-05,2025-05
South Sudan,2025-05-01,Wau,percent_area_flooded,0.002260731,Unknown,2025,5,May,2025-05,2025-05
South Sudan,2025-05-01,Ezo,percent_area_flooded,0.015682391,Unknown,2025,5,May,2025-05,2025-05
South Sudan,2025-05-01,Ibba,percent_area_flooded,0.002574703,Unknown,2025,5,May,2025-05,2025-05
South Sudan,2025-05-01,Maridi,percent_area_flooded,0.011050304,Unknown,2025,5,May,2025-05,2025-05
South Sudan,2025-05-01,Mundri East,percent_area_flooded,0.00779036,Unknown,2025,5,May,2025-05,2025-05
South Sudan,2025-05-01,Nagero,percent_area_flooded,0.003651603,Unknown,2025,5,May,2025-05,2025-05
South Sudan,2025-05-01,Panyikang,percent_area_flooded,2.443134695,Unknown,2025,5,May,2025-05,2025-05
South Sudan,2025-05-01,Yambio,percent_area_flooded,0.038858032,Unknown,2025,5,May,2025-05,2025-05
South Sudan,2025-05-01,Manyo,percent_area_flooded,1.597608256,Unknown,2025,5,May,2025-05,2025-05
South Sudan,2025-05-01,Malakal,percent_area_flooded,0.686254999,Unknown,2025,5,May,2025-05,2025-05
South Sudan,2025-05-01,Aweil Centre,percent_area_flooded,0.004044943,Unknown,2025,5,May,2025-05,2025-05
South Sudan,2025-05-01,Aweil North,percent_area_flooded,0.010382348,Unknown,2025,5,May,2025-05,2025-05
South Sudan,2025-05-01,Abiemnhom,percent_area_flooded,0.008988634,Unknown,2025,5,May,2025-05,2025-05
South Sudan,2025-05-01,Guit,percent_area_flooded,15.68389644,Unknown,2025,5,May,2025-05,2025-05
South Sudan,2025-05-01,Koch,percent_area_flooded,1.588104236,Unknown,2025,5,May,2025-05,2025-05
South Sudan,2025-05-01,Leer,percent_area_flooded,3.814886733,Unknown,2025,5,May,2025-05,2025-05
South Sudan,2025-05-01,Mayendit,percent_area_flooded,15.35083212,Unknown,2025,5,May,2025-05,2025-05
South Sudan,2025-05-01,Nzara,percent_area_flooded,0.019346294,Unknown,2025,5,May,2025-05,2025-05
South Sudan,2025-05-01,Mayom,percent_area_flooded,6.674432292,Unknown,2025,5,May,2025-05,2025-05
South Sudan,2025-05-01,Pariang,percent_area_flooded,2.376755548,Unknown,2025,5,May,2025-05,2025-05
South Sudan,2025-05-01,Longochuk,percent_area_flooded,0.086354184,Unknown,2025,5,May,2025-05,2025-05
South Sudan,2025-05-01,Baliet,percent_area_flooded,0.022411066,Unknown,2025,5,May,2025-05,2025-05
South Sudan,2025-05-01,Fashoda,percent_area_flooded,0.154097723,Unknown,2025,5,May,2025-05,2025-05
South Sudan,2025-05-01,Longochuk,percent_area_flooded,0.086354184,Unknown,2025,5,May,2025-05,2025-05
South Sudan,2025-05-01,Luakpiny/Nasir,percent_area_flooded,1.353200826,Unknown,2025,5,May,2025-05,2025-05
South Sudan,2025-05-01,Maban,percent_area_flooded,0.007364408,Unknown,2025,5,May,2025-05,2025-05
South Sudan,2025-05-01,Panyijiar,percent_area_flooded,5.350493633,Unknown,2025,5,May,2025-05,2025-05
South Sudan,2025-05-01,Tambura,percent_area_flooded,0.012137701,Unknown,2025,5,May,2025-05,2025-05
South Sudan,2025-05-16,Yirol West,percent_area_flooded,0.426482535,Unknown,2025,5,May,2025-05,2025-05
South Sudan,2025-05-16,Juba,percent_area_flooded,0.24995114,Unknown,2025,5,May,2025-05,2025-05
South Sudan,2025-05-16,Lainya,percent_area_flooded,0.009648303,Unknown,2025,5,May,2025-05,2025-05
South Sudan,2025-05-16,Terekeka,percent_area_flooded,0.797859947,Unknown,2025,5,May,2025-05,2025-05
South Sudan,2025-05-16,Rumbek East,percent_area_flooded,0.779575036,Unknown,2025,5,May,2025-05,2025-05
South Sudan,2025-05-16,Maiwut,percent_area_flooded,0.063105452,Unknown,2025,5,May,2025-05,2025-05
South Sudan,2025-05-16,Maban,percent_area_flooded,0.0612429,Unknown,2025,5,May,2025-05,2025-05
South Sudan,2025-05-16,Luakpiny/Nasir,percent_area_flooded,1.076388232,Unknown,2025,5,May,2025-05,2025-05
South Sudan,2025-05-16,Longochuk,percent_area_flooded,0.068373784,Unknown,2025,5,May,2025-05,2025-05
South Sudan,2025-05-16,Fashoda,percent_area_flooded,0.172338973,Unknown,2025,5,May,2025-05,2025-05
South Sudan,2025-05-16,Baliet,percent_area_flooded,0.045913308,Unknown,2025,5,May,2025-05,2025-05
South Sudan,2025-05-16,Rubkona,percent_area_flooded,39.56603309,Unknown,2025,5,May,2025-05,2025-05
South Sudan,2025-05-16,Pariang,percent_area_flooded,2.589220666,Unknown,2025,5,May,2025-05,2025-05
South Sudan,2025-05-16,Panyijiar,percent_area_flooded,7.656696238,Unknown,2025,5,May,2025-05,2025-05
South Sudan,2025-05-16,Wulu,percent_area_flooded,0.059719378,Unknown,2025,5,May,2025-05,2025-05
South Sudan,2025-05-16,Mayendit,percent_area_flooded,18.20025503,Unknown,2025,5,May,2025-05,2025-05
South Sudan,2025-05-16,Leer,percent_area_flooded,5.231652737,Unknown,2025,5,May,2025-05,2025-05
South Sudan,2025-05-16,Koch,percent_area_flooded,1.509224146,Unknown,2025,5,May,2025-05,2025-05
South Sudan,2025-05-16,Guit,percent_area_flooded,15.7145651,Unknown,2025,5,May,2025-05,2025-05
South Sudan,2025-05-16,Abiemnhom,percent_area_flooded,0.027669387,Unknown,2025,5,May,2025-05,2025-05
South Sudan,2025-05-16,Aweil East,percent_area_flooded,0.008249638,Unknown,2025,5,May,2025-05,2025-05
South Sudan,2025-05-16,Rumbek Centre,percent_area_flooded,0.159005377,Unknown,2025,5,May,2025-05,2025-05
South Sudan,2025-05-16,Yirol East,percent_area_flooded,4.897767163,Unknown,2025,5,May,2025-05,2025-05
South Sudan,2025-05-16,Cueibet,percent_area_flooded,0.039965946,Unknown,2025,5,May,2025-05,2025-05
South Sudan,2025-05-16,Uror,percent_area_flooded,0.89469182,Unknown,2025,5,May,2025-05,2025-05
South Sudan,2025-05-16,Yei,percent_area_flooded,0.137698349,Unknown,2025,5,May,2025-05,2025-05
South Sudan,2025-05-16,Budi,percent_area_flooded,0.013355682,Unknown,2025,5,May,2025-05,2025-05
South Sudan,2025-05-16,Kapoeta East,percent_area_flooded,0.559620196,Unknown,2025,5,May,2025-05,2025-05
South Sudan,2025-05-16,Kapoeta North,percent_area_flooded,0.014527114,Unknown,2025,5,May,2025-05,2025-05
South Sudan,2025-05-16,Lafon,percent_area_flooded,0.007953305,Unknown,2025,5,May,2025-05,2025-05
South Sudan,2025-05-16,Magwi,percent_area_flooded,0.104086689,Unknown,2025,5,May,2025-05,2025-05
South Sudan,2025-05-16,Torit,percent_area_flooded,0.00732955,Unknown,2025,5,May,2025-05,2025-05
South Sudan,2025-05-16,Akobo,percent_area_flooded,0.038700668,Unknown,2025,5,May,2025-05,2025-05
South Sudan,2025-05-16,Ayod,percent_area_flooded,8.664320112,Unknown,2025,5,May,2025-05,2025-05
South Sudan,2025-05-16,Bor South,percent_area_flooded,1.816404391,Unknown,2025,5,May,2025-05,2025-05
South Sudan,2025-05-16,Canal/Pigi,percent_area_flooded,0.597302343,Unknown,2025,5,May,2025-05,2025-05
South Sudan,2025-05-16,Duk,percent_area_flooded,10.46112486,Unknown,2025,5,May,2025-05,2025-05
South Sudan,2025-05-16,Fangak,percent_area_flooded,14.65200596,Unknown,2025,5,May,2025-05,2025-05
South Sudan,2025-05-16,Nyirol,percent_area_flooded,0.029303611,Unknown,2025,5,May,2025-05,2025-05
South Sudan,2025-05-16,Pibor,percent_area_flooded,0.022882848,Unknown,2025,5,May,2025-05,2025-05
South Sudan,2025-05-16,Pochalla,percent_area_flooded,0.356468675,Unknown,2025,5,May,2025-05,2025-05
South Sudan,2025-05-16,Twic East,percent_area_flooded,7.830823345,Unknown,2025,5,May,2025-05,2025-05
South Sudan,2025-05-16,Awerial,percent_area_flooded,3.713481532,Unknown,2025,5,May,2025-05,2025-05
South Sudan,2025-05-16,Mayom,percent_area_flooded,6.161794236,Unknown,2025,5,May,2025-05,2025-05
South Sudan,2025-05-16,Maiwut,percent_area_flooded,0.063105452,Unknown,2025,5,May,2025-05,2025-05
South Sudan,2025-05-16,Lainya,percent_area_flooded,0.009648303,Unknown,2025,5,May,2025-05,2025-05
South Sudan,2025-05-16,Jur River,percent_area_flooded,0.016508545,Unknown,2025,5,May,2025-05,2025-05
South Sudan,2025-05-16,Twic,percent_area_flooded,0.419118286,Unknown,2025,5,May,2025-05,2025-05
South Sudan,2025-05-16,Tonj South,percent_area_flooded,0.028347457,Unknown,2025,5,May,2025-05,2025-05
South Sudan,2025-05-16,Tonj North,percent_area_flooded,1.675637595,Unknown,2025,5,May,2025-05,2025-05
South Sudan,2025-05-16,Tonj East,percent_area_flooded,0.01386603,Unknown,2025,5,May,2025-05,2025-05
South Sudan,2025-05-16,Gogrial West,percent_area_flooded,0.008925755,Unknown,2025,5,May,2025-05,2025-05
South Sudan,2025-05-16,Gogrial East,percent_area_flooded,0.27208617,Unknown,2025,5,May,2025-05,2025-05
South Sudan,2025-05-16,Raja,percent_area_flooded,0.000333453,Unknown,2025,5,May,2025-05,2025-05
South Sudan,2025-05-16,Ulang,percent_area_flooded,1.084812526,Unknown,2025,5,May,2025-05,2025-05
South Sudan,2025-05-16,Panyikang,percent_area_flooded,2.804431549,Unknown,2025,5,May,2025-05,2025-05
South Sudan,2025-05-16,Melut,percent_area_flooded,0.492023308,Unknown,2025,5,May,2025-05,2025-05
South Sudan,2025-05-16,Manyo,percent_area_flooded,1.522129551,Unknown,2025,5,May,2025-05,2025-05
South Sudan,2025-05-16,Malakal,percent_area_flooded,1.186448857,Unknown,2025,5,May,2025-05,2025-05
South Sudan,2025-05-16,Maiwut,percent_area_flooded,0.063105452,Unknown,2025,5,May,2025-05,2025-05
South Sudan,2025-05-16,Maban,percent_area_flooded,0.0612429,Unknown,2025,5,May,2025-05,2025-05
South Sudan,2025-05-16,Luakpiny/Nasir,percent_area_flooded,1.076388232,Unknown,2025,5,May,2025-05,2025-05
South Sudan,2025-05-16,Renk,percent_area_flooded,0.229301493,Unknown,2025,5,May,2025-05,2025-05
South Sudan,2025-05-16,Wau,percent_area_flooded,0.005960108,Unknown,2025,5,May,2025-05,2025-05
South Sudan,2025-05-16,Ezo,percent_area_flooded,0.035897973,Unknown,2025,5,May,2025-05,2025-05
South Sudan,2025-05-16,Ibba,percent_area_flooded,0.028939663,Unknown,2025,5,May,2025-05,2025-05
South Sudan,2025-05-16,Maridi,percent_area_flooded,0.071887455,Unknown,2025,5,May,2025-05,2025-05
South Sudan,2025-05-16,Mundri East,percent_area_flooded,0.030382403,Unknown,2025,5,May,2025-05,2025-05
South Sudan,2025-05-16,Mundri West,percent_area_flooded,0.034037397,Unknown,2025,5,May,2025-05,2025-05
South Sudan,2025-05-16,Mvolo,percent_area_flooded,0.057830449,Unknown,2025,5,May,2025-05,2025-05
South Sudan,2025-05-16,Nagero,percent_area_flooded,0.017291413,Unknown,2025,5,May,2025-05,2025-05
South Sudan,2025-05-16,Nzara,percent_area_flooded,0.027484021,Unknown,2025,5,May,2025-05,2025-05
South Sudan,2025-05-16,Juba,percent_area_flooded,0.24995114,Unknown,2025,5,May,2025-05,2025-05
South Sudan,2025-05-16,Yambio,percent_area_flooded,0.06329917,Unknown,2025,5,May,2025-05,2025-05
South Sudan,2025-05-16,Malakal,percent_area_flooded,1.186448857,Unknown,2025,5,May,2025-05,2025-05
South Sudan,2025-05-16,Yambio,percent_area_flooded,0.06329917,Unknown,2025,5,May,2025-05,2025-05
South Sudan,2025-05-16,Tambura,percent_area_flooded,0.016976915,Unknown,2025,5,May,2025-05,2025-05
South Sudan,2025-05-16,Nzara,percent_area_flooded,0.027484021,Unknown,2025,5,May,2025-05,2025-05
South Sudan,2025-05-16,Nagero,percent_area_flooded,0.017291413,Unknown,2025,5,May,2025-05,2025-05
South Sudan,2025-05-16,Mvolo,percent_area_flooded,0.057830449,Unknown,2025,5,May,2025-05,2025-05
South Sudan,2025-05-16,Mundri West,percent_area_flooded,0.034037397,Unknown,2025,5,May,2025-05,2025-05
South Sudan,2025-05-16,Mundri East,percent_area_flooded,0.030382403,Unknown,2025,5,May,2025-05,2025-05
South Sudan,2025-05-16,Maridi,percent_area_flooded,0.071887455,Unknown,2025,5,May,2025-05,2025-05
South Sudan,2025-05-16,Longochuk,percent_area_flooded,0.068373784,Unknown,2025,5,May,2025-05,2025-05
South Sudan,2025-05-16,Ibba,percent_area_flooded,0.028939663,Unknown,2025,5,May,2025-05,2025-05
South Sudan,2025-05-16,Fashoda,percent_area_flooded,0.172338973,Unknown,2025,5,May,2025-05,2025-05
South Sudan,2025-05-16,Rubkona,percent_area_flooded,39.56603309,Unknown,2025,5,May,2025-05,2025-05
South Sudan,2025-05-16,Fangak,percent_area_flooded,14.65200596,Unknown,2025,5,May,2025-05,2025-05
South Sudan,2025-05-16,Duk,percent_area_flooded,10.46112486,Unknown,2025,5,May,2025-05,2025-05
South Sudan,2025-05-16,Canal/Pigi,percent_area_flooded,0.597302343,Unknown,2025,5,May,2025-05,2025-05
South Sudan,2025-05-16,Bor South,percent_area_flooded,1.816404391,Unknown,2025,5,May,2025-05,2025-05
South Sudan,2025-05-16,Ayod,percent_area_flooded,8.664320112,Unknown,2025,5,May,2025-05,2025-05
South Sudan,2025-05-16,Akobo,percent_area_flooded,0.038700668,Unknown,2025,5,May,2025-05,2025-05
South Sudan,2025-05-16,Torit,percent_area_flooded,0.00732955,Unknown,2025,5,May,2025-05,2025-05
South Sudan,2025-05-16,Nyirol,percent_area_flooded,0.029303611,Unknown,2025,5,May,2025-05,2025-05
South Sudan,2025-05-16,Magwi,percent_area_flooded,0.104086689,Unknown,2025,5,May,2025-05,2025-05
South Sudan,2025-05-16,Kapoeta North,percent_area_flooded,0.014527114,Unknown,2025,5,May,2025-05,2025-05
South Sudan,2025-05-16,Kapoeta East,percent_area_flooded,0.559620196,Unknown,2025,5,May,2025-05,2025-05
South Sudan,2025-05-16,Budi,percent_area_flooded,0.013355682,Unknown,2025,5,May,2025-05,2025-05
South Sudan,2025-05-16,Yei,percent_area_flooded,0.137698349,Unknown,2025,5,May,2025-05,2025-05
South Sudan,2025-05-16,Terekeka,percent_area_flooded,0.797859947,Unknown,2025,5,May,2025-05,2025-05
South Sudan,2025-05-16,Lainya,percent_area_flooded,0.009648303,Unknown,2025,5,May,2025-05,2025-05
South Sudan,2025-05-16,Juba,percent_area_flooded,0.24995114,Unknown,2025,5,May,2025-05,2025-05
South Sudan,2025-05-16,Lafon,percent_area_flooded,0.007953305,Unknown,2025,5,May,2025-05,2025-05
South Sudan,2025-05-16,Pibor,percent_area_flooded,0.022882848,Unknown,2025,5,May,2025-05,2025-05
South Sudan,2025-05-16,Pochalla,percent_area_flooded,0.356468675,Unknown,2025,5,May,2025-05,2025-05
South Sudan,2025-05-16,Twic East,percent_area_flooded,7.830823345,Unknown,2025,5,May,2025-05,2025-05
South Sudan,2025-05-16,Pariang,percent_area_flooded,2.589220666,Unknown,2025,5,May,2025-05,2025-05
South Sudan,2025-05-16,Panyijiar,percent_area_flooded,7.656696238,Unknown,2025,5,May,2025-05,2025-05
South Sudan,2025-05-16,Mayom,percent_area_flooded,6.161794236,Unknown,2025,5,May,2025-05,2025-05
South Sudan,2025-05-16,Mayendit,percent_area_flooded,18.20025503,Unknown,2025,5,May,2025-05,2025-05
South Sudan,2025-05-16,Leer,percent_area_flooded,5.231652737,Unknown,2025,5,May,2025-05,2025-05
South Sudan,2025-05-16,Koch,percent_area_flooded,1.509224146,Unknown,2025,5,May,2025-05,2025-05
South Sudan,2025-05-16,Guit,percent_area_flooded,15.7145651,Unknown,2025,5,May,2025-05,2025-05
South Sudan,2025-05-16,Abiemnhom,percent_area_flooded,0.027669387,Unknown,2025,5,May,2025-05,2025-05
South Sudan,2025-05-16,Aweil East,percent_area_flooded,0.008249638,Unknown,2025,5,May,2025-05,2025-05
South Sudan,2025-05-16,Yirol West,percent_area_flooded,0.426482535,Unknown,2025,5,May,2025-05,2025-05
South Sudan,2025-05-16,Yirol East,percent_area_flooded,4.897767163,Unknown,2025,5,May,2025-05,2025-05
South Sudan,2025-05-16,Wulu,percent_area_flooded,0.059719378,Unknown,2025,5,May,2025-05,2025-05
South Sudan,2025-05-16,Rumbek East,percent_area_flooded,0.779575036,Unknown,2025,5,May,2025-05,2025-05
South Sudan,2025-05-16,Rumbek Centre,percent_area_flooded,0.159005377,Unknown,2025,5,May,2025-05,2025-05
South Sudan,2025-05-16,Cueibet,percent_area_flooded,0.039965946,Unknown,2025,5,May,2025-05,2025-05
South Sudan,2025-05-16,Awerial,percent_area_flooded,3.713481532,Unknown,2025,5,May,2025-05,2025-05
South Sudan,2025-05-16,Uror,percent_area_flooded,0.89469182,Unknown,2025,5,May,2025-05,2025-05
South Sudan,2025-05-16,Baliet,percent_area_flooded,0.045913308,Unknown,2025,5,May,2025-05,2025-05
South Sudan,2025-05-16,Ezo,percent_area_flooded,0.035897973,Unknown,2025,5,May,2025-05,2025-05
South Sudan,2025-05-16,Tambura,percent_area_flooded,0.016976915,Unknown,2025,5,May,2025-05,2025-05
South Sudan,2025-05-16,Raja,percent_area_flooded,0.000333453,Unknown,2025,5,May,2025-05,2025-05
South Sudan,2025-05-16,Yirol West,percent_area_flooded,0.426482535,Unknown,2025,5,May,2025-05,2025-05
South Sudan,2025-05-16,Aweil East,percent_area_flooded,0.008249638,Unknown,2025,5,May,2025-05,2025-05
South Sudan,2025-05-16,Abiemnhom,percent_area_flooded,0.027669387,Unknown,2025,5,May,2025-05,2025-05
South Sudan,2025-05-16,Guit,percent_area_flooded,15.7145651,Unknown,2025,5,May,2025-05,2025-05
South Sudan,2025-05-16,Koch,percent_area_flooded,1.509224146,Unknown,2025,5,May,2025-05,2025-05
South Sudan,2025-05-16,Leer,percent_area_flooded,5.231652737,Unknown,2025,5,May,2025-05,2025-05
South Sudan,2025-05-16,Mayendit,percent_area_flooded,18.20025503,Unknown,2025,5,May,2025-05,2025-05
South Sudan,2025-05-16,Mayom,percent_area_flooded,6.161794236,Unknown,2025,5,May,2025-05,2025-05
South Sudan,2025-05-16,Panyijiar,percent_area_flooded,7.656696238,Unknown,2025,5,May,2025-05,2025-05
South Sudan,2025-05-16,Yirol East,percent_area_flooded,4.897767163,Unknown,2025,5,May,2025-05,2025-05
South Sudan,2025-05-16,Pariang,percent_area_flooded,2.589220666,Unknown,2025,5,May,2025-05,2025-05
South Sudan,2025-05-16,Baliet,percent_area_flooded,0.045913308,Unknown,2025,5,May,2025-05,2025-05
South Sudan,2025-05-16,Fashoda,percent_area_flooded,0.172338973,Unknown,2025,5,May,2025-05,2025-05
South Sudan,2025-05-16,Longochuk,percent_area_flooded,0.068373784,Unknown,2025,5,May,2025-05,2025-05
South Sudan,2025-05-16,Luakpiny/Nasir,percent_area_flooded,1.076388232,Unknown,2025,5,May,2025-05,2025-05
South Sudan,2025-05-16,Maban,percent_area_flooded,0.0612429,Unknown,2025,5,May,2025-05,2025-05
South Sudan,2025-05-16,Malakal,percent_area_flooded,1.186448857,Unknown,2025,5,May,2025-05,2025-05
South Sudan,2025-05-16,Manyo,percent_area_flooded,1.522129551,Unknown,2025,5,May,2025-05,2025-05
South Sudan,2025-05-16,Melut,percent_area_flooded,0.492023308,Unknown,2025,5,May,2025-05,2025-05
South Sudan,2025-05-16,Panyikang,percent_area_flooded,2.804431549,Unknown,2025,5,May,2025-05,2025-05
South Sudan,2025-05-16,Rubkona,percent_area_flooded,39.56603309,Unknown,2025,5,May,2025-05,2025-05
South Sudan,2025-05-16,Wulu,percent_area_flooded,0.059719378,Unknown,2025,5,May,2025-05,2025-05
South Sudan,2025-05-16,Rumbek East,percent_area_flooded,0.779575036,Unknown,2025,5,May,2025-05,2025-05
South Sudan,2025-05-16,Rumbek Centre,percent_area_flooded,0.159005377,Unknown,2025,5,May,2025-05,2025-05
South Sudan,2025-05-16,Terekeka,percent_area_flooded,0.797859947,Unknown,2025,5,May,2025-05,2025-05
South Sudan,2025-05-16,Yei,percent_area_flooded,0.137698349,Unknown,2025,5,May,2025-05,2025-05
South Sudan,2025-05-16,Budi,percent_area_flooded,0.013355682,Unknown,2025,5,May,2025-05,2025-05
South Sudan,2025-05-16,Kapoeta East,percent_area_flooded,0.559620196,Unknown,2025,5,May,2025-05,2025-05
South Sudan,2025-05-16,Kapoeta North,percent_area_flooded,0.014527114,Unknown,2025,5,May,2025-05,2025-05
South Sudan,2025-05-16,Lafon,percent_area_flooded,0.007953305,Unknown,2025,5,May,2025-05,2025-05
South Sudan,2025-05-16,Magwi,percent_area_flooded,0.104086689,Unknown,2025,5,May,2025-05,2025-05
South Sudan,2025-05-16,Torit,percent_area_flooded,0.00732955,Unknown,2025,5,May,2025-05,2025-05
South Sudan,2025-05-16,Akobo,percent_area_flooded,0.038700668,Unknown,2025,5,May,2025-05,2025-05
South Sudan,2025-05-16,Ayod,percent_area_flooded,8.664320112,Unknown,2025,5,May,2025-05,2025-05
South Sudan,2025-05-16,Bor South,percent_area_flooded,1.816404391,Unknown,2025,5,May,2025-05,2025-05
South Sudan,2025-05-16,Canal/Pigi,percent_area_flooded,0.597302343,Unknown,2025,5,May,2025-05,2025-05
South Sudan,2025-05-16,Duk,percent_area_flooded,10.46112486,Unknown,2025,5,May,2025-05,2025-05
South Sudan,2025-05-16,Fangak,percent_area_flooded,14.65200596,Unknown,2025,5,May,2025-05,2025-05
South Sudan,2025-05-16,Nyirol,percent_area_flooded,0.029303611,Unknown,2025,5,May,2025-05,2025-05
South Sudan,2025-05-16,Pibor,percent_area_flooded,0.022882848,Unknown,2025,5,May,2025-05,2025-05
South Sudan,2025-05-16,Pochalla,percent_area_flooded,0.356468675,Unknown,2025,5,May,2025-05,2025-05
South Sudan,2025-05-16,Twic East,percent_area_flooded,7.830823345,Unknown,2025,5,May,2025-05,2025-05
South Sudan,2025-05-16,Uror,percent_area_flooded,0.89469182,Unknown,2025,5,May,2025-05,2025-05
South Sudan,2025-05-16,Awerial,percent_area_flooded,3.713481532,Unknown,2025,5,May,2025-05,2025-05
South Sudan,2025-05-16,Cueibet,percent_area_flooded,0.039965946,Unknown,2025,5,May,2025-05,2025-05
South Sudan,2025-05-16,Renk,percent_area_flooded,0.229301493,Unknown,2025,5,May,2025-05,2025-05
South Sudan,2025-05-16,Ulang,percent_area_flooded,1.084812526,Unknown,2025,5,May,2025-05,2025-05
South Sudan,2025-05-16,Gogrial East,percent_area_flooded,0.27208617,Unknown,2025,5,May,2025-05,2025-05
South Sudan,2025-05-16,Gogrial West,percent_area_flooded,0.008925755,Unknown,2025,5,May,2025-05,2025-05
South Sudan,2025-05-16,Jur River,percent_area_flooded,0.016508545,Unknown,2025,5,May,2025-05,2025-05
South Sudan,2025-05-16,Twic,percent_area_flooded,0.419118286,Unknown,2025,5,May,2025-05,2025-05
South Sudan,2025-05-16,Tonj South,percent_area_flooded,0.028347457,Unknown,2025,5,May,2025-05,2025-05
South Sudan,2025-05-16,Tonj North,percent_area_flooded,1.675637595,Unknown,2025,5,May,2025-05,2025-05
South Sudan,2025-05-16,Tonj East,percent_area_flooded,0.01386603,Unknown,2025,5,May,2025-05,2025-05
South Sudan,2025-05-16,Gogrial West,percent_area_flooded,0.008925755,Unknown,2025,5,May,2025-05,2025-05
South Sudan,2025-05-16,Gogrial East,percent_area_flooded,0.27208617,Unknown,2025,5,May,2025-05,2025-05
South Sudan,2025-05-16,Ulang,percent_area_flooded,1.084812526,Unknown,2025,5,May,2025-05,2025-05
South Sudan,2025-05-16,Wau,percent_area_flooded,0.005960108,Unknown,2025,5,May,2025-05,2025-05
South Sudan,2025-05-16,Renk,percent_area_flooded,0.229301493,Unknown,2025,5,May,2025-05,2025-05
South Sudan,2025-05-16,Panyikang,percent_area_flooded,2.804431549,Unknown,2025,5,May,2025-05,2025-05
South Sudan,2025-05-16,Melut,percent_area_flooded,0.492023308,Unknown,2025,5,May,2025-05,2025-05
South Sudan,2025-05-16,Yambio,percent_area_flooded,0.06329917,Unknown,2025,5,May,2025-05,2025-05
South Sudan,2025-05-16,Tambura,percent_area_flooded,0.016976915,Unknown,2025,5,May,2025-05,2025-05
South Sudan,2025-05-16,Manyo,percent_area_flooded,1.522129551,Unknown,2025,5,May,2025-05,2025-05
South Sudan,2025-05-16,Nagero,percent_area_flooded,0.017291413,Unknown,2025,5,May,2025-05,2025-05
South Sudan,2025-05-16,Nzara,percent_area_flooded,0.027484021,Unknown,2025,5,May,2025-05,2025-05
South Sudan,2025-05-16,Ezo,percent_area_flooded,0.035897973,Unknown,2025,5,May,2025-05,2025-05
South Sudan,2025-05-16,Wau,percent_area_flooded,0.005960108,Unknown,2025,5,May,2025-05,2025-05
South Sudan,2025-05-16,Raja,percent_area_flooded,0.000333453,Unknown,2025,5,May,2025-05,2025-05
South Sudan,2025-05-16,Jur River,percent_area_flooded,0.016508545,Unknown,2025,5,May,2025-05,2025-05
South Sudan,2025-05-16,Ibba,percent_area_flooded,0.028939663,Unknown,2025,5,May,2025-05,2025-05
South Sudan,2025-05-16,Twic,percent_area_flooded,0.419118286,Unknown,2025,5,May,2025-05,2025-05
South Sudan,2025-05-16,Tonj North,percent_area_flooded,1.675637595,Unknown,2025,5,May,2025-05,2025-05
South Sudan,2025-05-16,Tonj East,percent_area_flooded,0.01386603,Unknown,2025,5,May,2025-05,2025-05
South Sudan,2025-05-16,Maridi,percent_area_flooded,0.071887455,Unknown,2025,5,May,2025-05,2025-05
South Sudan,2025-05-16,Mundri East,percent_area_flooded,0.030382403,Unknown,2025,5,May,2025-05,2025-05
South Sudan,2025-05-16,Mundri West,percent_area_flooded,0.034037397,Unknown,2025,5,May,2025-05,2025-05
South Sudan,2025-05-16,Mvolo,percent_area_flooded,0.057830449,Unknown,2025,5,May,2025-05,2025-05
South Sudan,2025-05-16,Tonj South,percent_area_flooded,0.028347457,Unknown,2025,5,May,2025-05,2025-05
South Sudan,2025-06-01,Tambura,percent_area_flooded,0.032684528,Unknown,2025,6,Jun,2025-06,2025-06
South Sudan,2025-06-01,Gogrial West,percent_area_flooded,0.014469597,Unknown,2025,6,Jun,2025-06,2025-06
South Sudan,2025-06-01,Yambio,percent_area_flooded,0.097426659,Unknown,2025,6,Jun,2025-06,2025-06
South Sudan,2025-06-01,Nzara,percent_area_flooded,0.039460298,Unknown,2025,6,Jun,2025-06,2025-06
South Sudan,2025-06-01,Mundri West,percent_area_flooded,0.055437146,Unknown,2025,6,Jun,2025-06,2025-06
South Sudan,2025-06-01,Mvolo,percent_area_flooded,0.036879897,Unknown,2025,6,Jun,2025-06,2025-06
South Sudan,2025-06-01,Mundri East,percent_area_flooded,0.014412166,Unknown,2025,6,Jun,2025-06,2025-06
South Sudan,2025-06-01,Maridi,percent_area_flooded,0.110278963,Unknown,2025,6,Jun,2025-06,2025-06
South Sudan,2025-06-01,Ibba,percent_area_flooded,0.01483029,Unknown,2025,6,Jun,2025-06,2025-06
South Sudan,2025-06-01,Ezo,percent_area_flooded,0.021685806,Unknown,2025,6,Jun,2025-06,2025-06
South Sudan,2025-06-01,Wau,percent_area_flooded,0.017469283,Unknown,2025,6,Jun,2025-06,2025-06
South Sudan,2025-06-01,Raja,percent_area_flooded,0.001220184,Unknown,2025,6,Jun,2025-06,2025-06
South Sudan,2025-06-01,Jur River,percent_area_flooded,0.026868217,Unknown,2025,6,Jun,2025-06,2025-06
South Sudan,2025-06-01,Tonj South,percent_area_flooded,0.004669055,Unknown,2025,6,Jun,2025-06,2025-06
South Sudan,2025-06-01,Tonj North,percent_area_flooded,2.549335799,Unknown,2025,6,Jun,2025-06,2025-06
South Sudan,2025-06-01,Tonj East,percent_area_flooded,0.10572848,Unknown,2025,6,Jun,2025-06,2025-06
South Sudan,2025-06-01,Nagero,percent_area_flooded,0.043067432,Unknown,2025,6,Jun,2025-06,2025-06
South Sudan,2025-06-01,Twic,percent_area_flooded,0.365567948,Unknown,2025,6,Jun,2025-06,2025-06
South Sudan,2025-06-01,Kapoeta North,percent_area_flooded,0.014527114,Unknown,2025,6,Jun,2025-06,2025-06
South Sudan,2025-06-01,Lainya,percent_area_flooded,0.014734415,Unknown,2025,6,Jun,2025-06,2025-06
South Sudan,2025-06-01,Baliet,percent_area_flooded,0.099213036,Unknown,2025,6,Jun,2025-06,2025-06
South Sudan,2025-06-01,Fashoda,percent_area_flooded,0.245578236,Unknown,2025,6,Jun,2025-06,2025-06
South Sudan,2025-06-01,Longochuk,percent_area_flooded,0.039353855,Unknown,2025,6,Jun,2025-06,2025-06
South Sudan,2025-06-01,Luakpiny/Nasir,percent_area_flooded,1.058022417,Unknown,2025,6,Jun,2025-06,2025-06
South Sudan,2025-06-01,Maban,percent_area_flooded,0.143817465,Unknown,2025,6,Jun,2025-06,2025-06
South Sudan,2025-06-01,Maiwut,percent_area_flooded,0.012190438,Unknown,2025,6,Jun,2025-06,2025-06
South Sudan,2025-06-01,Malakal,percent_area_flooded,1.102073392,Unknown,2025,6,Jun,2025-06,2025-06
South Sudan,2025-06-01,Manyo,percent_area_flooded,1.75717929,Unknown,2025,6,Jun,2025-06,2025-06
South Sudan,2025-06-01,Melut,percent_area_flooded,0.641678011,Unknown,2025,6,Jun,2025-06,2025-06
South Sudan,2025-06-01,Panyikang,percent_area_flooded,2.679641336,Unknown,2025,6,Jun,2025-06,2025-06
South Sudan,2025-06-01,Renk,percent_area_flooded,0.274228249,Unknown,2025,6,Jun,2025-06,2025-06
South Sudan,2025-06-01,Ulang,percent_area_flooded,1.280351152,Unknown,2025,6,Jun,2025-06,2025-06
South Sudan,2025-06-01,Gogrial East,percent_area_flooded,0.306366227,Unknown,2025,6,Jun,2025-06,2025-06
South Sudan,2025-06-01,Gogrial West,percent_area_flooded,0.014469597,Unknown,2025,6,Jun,2025-06,2025-06
South Sudan,2025-06-01,Tonj East,percent_area_flooded,0.10572848,Unknown,2025,6,Jun,2025-06,2025-06
South Sudan,2025-06-01,Tonj North,percent_area_flooded,2.549335799,Unknown,2025,6,Jun,2025-06,2025-06
South Sudan,2025-06-01,Tonj South,percent_area_flooded,0.004669055,Unknown,2025,6,Jun,2025-06,2025-06
South Sudan,2025-06-01,Yambio,percent_area_flooded,0.097426659,Unknown,2025,6,Jun,2025-06,2025-06
South Sudan,2025-06-01,Tambura,percent_area_flooded,0.032684528,Unknown,2025,6,Jun,2025-06,2025-06
South Sudan,2025-06-01,Nzara,percent_area_flooded,0.039460298,Unknown,2025,6,Jun,2025-06,2025-06
South Sudan,2025-06-01,Nagero,percent_area_flooded,0.043067432,Unknown,2025,6,Jun,2025-06,2025-06
South Sudan,2025-06-01,Mvolo,percent_area_flooded,0.036879897,Unknown,2025,6,Jun,2025-06,2025-06
South Sudan,2025-06-01,Mundri West,percent_area_flooded,0.055437146,Unknown,2025,6,Jun,2025-06,2025-06
South Sudan,2025-06-01,Rubkona,percent_area_flooded,37.15859425,Unknown,2025,6,Jun,2025-06,2025-06
South Sudan,2025-06-01,Mundri East,percent_area_flooded,0.014412166,Unknown,2025,6,Jun,2025-06,2025-06
South Sudan,2025-06-01,Ibba,percent_area_flooded,0.01483029,Unknown,2025,6,Jun,2025-06,2025-06
South Sudan,2025-06-01,Ezo,percent_area_flooded,0.021685806,Unknown,2025,6,Jun,2025-06,2025-06
South Sudan,2025-06-01,Wau,percent_area_flooded,0.017469283,Unknown,2025,6,Jun,2025-06,2025-06
South Sudan,2025-06-01,Raja,percent_area_flooded,0.001220184,Unknown,2025,6,Jun,2025-06,2025-06
South Sudan,2025-06-01,Jur River,percent_area_flooded,0.026868217,Unknown,2025,6,Jun,2025-06,2025-06
South Sudan,2025-06-01,Twic,percent_area_flooded,0.365567948,Unknown,2025,6,Jun,2025-06,2025-06
South Sudan,2025-06-01,Maridi,percent_area_flooded,0.110278963,Unknown,2025,6,Jun,2025-06,2025-06
South Sudan,2025-06-01,Pariang,percent_area_flooded,2.222604386,Unknown,2025,6,Jun,2025-06,2025-06
South Sudan,2025-06-01,Panyijiar,percent_area_flooded,7.483365698,Unknown,2025,6,Jun,2025-06,2025-06
South Sudan,2025-06-01,Mayom,percent_area_flooded,6.290817746,Unknown,2025,6,Jun,2025-06,2025-06
South Sudan,2025-06-01,Fangak,percent_area_flooded,13.7188878,Unknown,2025,6,Jun,2025-06,2025-06
South Sudan,2025-06-01,Duk,percent_area_flooded,9.988843319,Unknown,2025,6,Jun,2025-06,2025-06
South Sudan,2025-06-01,Canal/Pigi,percent_area_flooded,0.664283323,Unknown,2025,6,Jun,2025-06,2025-06
South Sudan,2025-06-01,Bor South,percent_area_flooded,1.714931274,Unknown,2025,6,Jun,2025-06,2025-06
South Sudan,2025-06-01,Ayod,percent_area_flooded,8.440675227,Unknown,2025,6,Jun,2025-06,2025-06
South Sudan,2025-06-01,Akobo,percent_area_flooded,0.014147677,Unknown,2025,6,Jun,2025-06,2025-06
South Sudan,2025-06-01,Pibor,percent_area_flooded,0.052397539,Unknown,2025,6,Jun,2025-06,2025-06
South Sudan,2025-06-01,Torit,percent_area_flooded,0.016363647,Unknown,2025,6,Jun,2025-06,2025-06
South Sudan,2025-06-01,Lafon,percent_area_flooded,0.003353883,Unknown,2025,6,Jun,2025-06,2025-06
South Sudan,2025-06-01,Gogrial East,percent_area_flooded,0.306366227,Unknown,2025,6,Jun,2025-06,2025-06
South Sudan,2025-06-01,Kapoeta East,percent_area_flooded,0.422784744,Unknown,2025,6,Jun,2025-06,2025-06
South Sudan,2025-06-01,Budi,percent_area_flooded,0.0076545,Unknown,2025,6,Jun,2025-06,2025-06
South Sudan,2025-06-01,Yei,percent_area_flooded,0.109066538,Unknown,2025,6,Jun,2025-06,2025-06
South Sudan,2025-06-01,Terekeka,percent_area_flooded,0.866959858,Unknown,2025,6,Jun,2025-06,2025-06
South Sudan,2025-06-01,Magwi,percent_area_flooded,0.05942334,Unknown,2025,6,Jun,2025-06,2025-06
South Sudan,2025-06-01,Juba,percent_area_flooded,0.231354387,Unknown,2025,6,Jun,2025-06,2025-06
South Sudan,2025-06-01,Pochalla,percent_area_flooded,0.359571515,Unknown,2025,6,Jun,2025-06,2025-06
South Sudan,2025-06-01,Uror,percent_area_flooded,0.904158174,Unknown,2025,6,Jun,2025-06,2025-06
South Sudan,2025-06-01,Mayendit,percent_area_flooded,22.25075403,Unknown,2025,6,Jun,2025-06,2025-06
South Sudan,2025-06-01,Leer,percent_area_flooded,5.900952538,Unknown,2025,6,Jun,2025-06,2025-06
South Sudan,2025-06-01,Koch,percent_area_flooded,1.620058493,Unknown,2025,6,Jun,2025-06,2025-06
South Sudan,2025-06-01,Guit,percent_area_flooded,14.61442737,Unknown,2025,6,Jun,2025-06,2025-06
South Sudan,2025-06-01,Abiemnhom,percent_area_flooded,0.018776364,Unknown,2025,6,Jun,2025-06,2025-06
South Sudan,2025-06-01,Aweil North,percent_area_flooded,0.002503165,Unknown,2025,6,Jun,2025-06,2025-06
South Sudan,2025-06-01,Twic East,percent_area_flooded,7.69778826,Unknown,2025,6,Jun,2025-06,2025-06
South Sudan,2025-06-01,Aweil East,percent_area_flooded,0.036341831,Unknown,2025,6,Jun,2025-06,2025-06
South Sudan,2025-06-01,Yirol East,percent_area_flooded,4.875975687,Unknown,2025,6,Jun,2025-06,2025-06
South Sudan,2025-06-01,Wulu,percent_area_flooded,0.004670789,Unknown,2025,6,Jun,2025-06,2025-06
South Sudan,2025-06-01,Rumbek North,percent_area_flooded,0.009600861,Unknown,2025,6,Jun,2025-06,2025-06
South Sudan,2025-06-01,Rumbek East,percent_area_flooded,1.025265573,Unknown,2025,6,Jun,2025-06,2025-06
South Sudan,2025-06-01,Cueibet,percent_area_flooded,0.03176057,Unknown,2025,6,Jun,2025-06,2025-06
South Sudan,2025-06-01,Awerial,percent_area_flooded,4.395104427,Unknown,2025,6,Jun,2025-06,2025-06
South Sudan,2025-06-01,Yirol West,percent_area_flooded,0.313661845,Unknown,2025,6,Jun,2025-06,2025-06
South Sudan,2025-06-01,Ulang,percent_area_flooded,1.280351152,Unknown,2025,6,Jun,2025-06,2025-06
South Sudan,2025-06-01,Yei,percent_area_flooded,0.109066538,Unknown,2025,6,Jun,2025-06,2025-06
South Sudan,2025-06-01,Panyikang,percent_area_flooded,2.679641336,Unknown,2025,6,Jun,2025-06,2025-06
South Sudan,2025-06-01,Mvolo,percent_area_flooded,0.036879897,Unknown,2025,6,Jun,2025-06,2025-06
South Sudan,2025-06-01,Mundri West,percent_area_flooded,0.055437146,Unknown,2025,6,Jun,2025-06,2025-06
South Sudan,2025-06-01,Mundri East,percent_area_flooded,0.014412166,Unknown,2025,6,Jun,2025-06,2025-06
South Sudan,2025-06-01,Maridi,percent_area_flooded,0.110278963,Unknown,2025,6,Jun,2025-06,2025-06
South Sudan,2025-06-01,Ibba,percent_area_flooded,0.01483029,Unknown,2025,6,Jun,2025-06,2025-06
South Sudan,2025-06-01,Ezo,percent_area_flooded,0.021685806,Unknown,2025,6,Jun,2025-06,2025-06
South Sudan,2025-06-01,Wau,percent_area_flooded,0.017469283,Unknown,2025,6,Jun,2025-06,2025-06
South Sudan,2025-06-01,Raja,percent_area_flooded,0.001220184,Unknown,2025,6,Jun,2025-06,2025-06
South Sudan,2025-06-01,Jur River,percent_area_flooded,0.026868217,Unknown,2025,6,Jun,2025-06,2025-06
South Sudan,2025-06-01,Twic,percent_area_flooded,0.365567948,Unknown,2025,6,Jun,2025-06,2025-06
South Sudan,2025-06-01,Tonj South,percent_area_flooded,0.004669055,Unknown,2025,6,Jun,2025-06,2025-06
South Sudan,2025-06-01,Tonj North,percent_area_flooded,2.549335799,Unknown,2025,6,Jun,2025-06,2025-06
South Sudan,2025-06-01,Tonj East,percent_area_flooded,0.10572848,Unknown,2025,6,Jun,2025-06,2025-06
South Sudan,2025-06-01,Gogrial West,percent_area_flooded,0.014469597,Unknown,2025,6,Jun,2025-06,2025-06
South Sudan,2025-06-01,Gogrial East,percent_area_flooded,0.306366227,Unknown,2025,6,Jun,2025-06,2025-06
South Sudan,2025-06-01,Ulang,percent_area_flooded,1.280351152,Unknown,2025,6,Jun,2025-06,2025-06
South Sudan,2025-06-01,Renk,percent_area_flooded,0.274228249,Unknown,2025,6,Jun,2025-06,2025-06
South Sudan,2025-06-01,Panyikang,percent_area_flooded,2.679641336,Unknown,2025,6,Jun,2025-06,2025-06
South Sudan,2025-06-01,Melut,percent_area_flooded,0.641678011,Unknown,2025,6,Jun,2025-06,2025-06
South Sudan,2025-06-01,Nagero,percent_area_flooded,0.043067432,Unknown,2025,6,Jun,2025-06,2025-06
South Sudan,2025-06-01,Manyo,percent_area_flooded,1.75717929,Unknown,2025,6,Jun,2025-06,2025-06
South Sudan,2025-06-01,Nzara,percent_area_flooded,0.039460298,Unknown,2025,6,Jun,2025-06,2025-06
South Sudan,2025-06-01,Yambio,percent_area_flooded,0.097426659,Unknown,2025,6,Jun,2025-06,2025-06
South Sudan,2025-06-01,Uror,percent_area_flooded,0.904158174,Unknown,2025,6,Jun,2025-06,2025-06
South Sudan,2025-06-01,Twic East,percent_area_flooded,7.69778826,Unknown,2025,6,Jun,2025-06,2025-06
South Sudan,2025-06-01,Pochalla,percent_area_flooded,0.359571515,Unknown,2025,6,Jun,2025-06,2025-06
South Sudan,2025-06-01,Pibor,percent_area_flooded,0.052397539,Unknown,2025,6,Jun,2025-06,2025-06
South Sudan,2025-06-01,Fangak,percent_area_flooded,13.7188878,Unknown,2025,6,Jun,2025-06,2025-06
South Sudan,2025-06-01,Duk,percent_area_flooded,9.988843319,Unknown,2025,6,Jun,2025-06,2025-06
South Sudan,2025-06-01,Canal/Pigi,percent_area_flooded,0.664283323,Unknown,2025,6,Jun,2025-06,2025-06
South Sudan,2025-06-01,Bor South,percent_area_flooded,1.714931274,Unknown,2025,6,Jun,2025-06,2025-06
South Sudan,2025-06-01,Ayod,percent_area_flooded,8.440675227,Unknown,2025,6,Jun,2025-06,2025-06
South Sudan,2025-06-01,Akobo,percent_area_flooded,0.014147677,Unknown,2025,6,Jun,2025-06,2025-06
South Sudan,2025-06-01,Torit,percent_area_flooded,0.016363647,Unknown,2025,6,Jun,2025-06,2025-06
South Sudan,2025-06-01,Magwi,percent_area_flooded,0.05942334,Unknown,2025,6,Jun,2025-06,2025-06
South Sudan,2025-06-01,Lafon,percent_area_flooded,0.003353883,Unknown,2025,6,Jun,2025-06,2025-06
South Sudan,2025-06-01,Kapoeta North,percent_area_flooded,0.014527114,Unknown,2025,6,Jun,2025-06,2025-06
South Sudan,2025-06-01,Kapoeta East,percent_area_flooded,0.422784744,Unknown,2025,6,Jun,2025-06,2025-06
South Sudan,2025-06-01,Budi,percent_area_flooded,0.0076545,Unknown,2025,6,Jun,2025-06,2025-06
South Sudan,2025-06-01,Terekeka,percent_area_flooded,0.866959858,Unknown,2025,6,Jun,2025-06,2025-06
South Sudan,2025-06-01,Lainya,percent_area_flooded,0.014734415,Unknown,2025,6,Jun,2025-06,2025-06
South Sudan,2025-06-01,Juba,percent_area_flooded,0.231354387,Unknown,2025,6,Jun,2025-06,2025-06
South Sudan,2025-06-01,Tambura,percent_area_flooded,0.032684528,Unknown,2025,6,Jun,2025-06,2025-06
South Sudan,2025-06-01,Awerial,percent_area_flooded,4.395104427,Unknown,2025,6,Jun,2025-06,2025-06
South Sudan,2025-06-01,Malakal,percent_area_flooded,1.102073392,Unknown,2025,6,Jun,2025-06,2025-06
South Sudan,2025-06-01,Maban,percent_area_flooded,0.143817465,Unknown,2025,6,Jun,2025-06,2025-06
South Sudan,2025-06-01,Twic East,percent_area_flooded,7.69778826,Unknown,2025,6,Jun,2025-06,2025-06
South Sudan,2025-06-01,Pochalla,percent_area_flooded,0.359571515,Unknown,2025,6,Jun,2025-06,2025-06
South Sudan,2025-06-01,Pibor,percent_area_flooded,0.052397539,Unknown,2025,6,Jun,2025-06,2025-06
South Sudan,2025-06-01,Fangak,percent_area_flooded,13.7188878,Unknown,2025,6,Jun,2025-06,2025-06
South Sudan,2025-06-01,Renk,percent_area_flooded,0.274228249,Unknown,2025,6,Jun,2025-06,2025-06
South Sudan,2025-06-01,Canal/Pigi,percent_area_flooded,0.664283323,Unknown,2025,6,Jun,2025-06,2025-06
South Sudan,2025-06-01,Bor South,percent_area_flooded,1.714931274,Unknown,2025,6,Jun,2025-06,2025-06
South Sudan,2025-06-01,Ayod,percent_area_flooded,8.440675227,Unknown,2025,6,Jun,2025-06,2025-06
South Sudan,2025-06-01,Akobo,percent_area_flooded,0.014147677,Unknown,2025,6,Jun,2025-06,2025-06
South Sudan,2025-06-01,Torit,percent_area_flooded,0.016363647,Unknown,2025,6,Jun,2025-06,2025-06
South Sudan,2025-06-01,Magwi,percent_area_flooded,0.05942334,Unknown,2025,6,Jun,2025-06,2025-06
South Sudan,2025-06-01,Lafon,percent_area_flooded,0.003353883,Unknown,2025,6,Jun,2025-06,2025-06
South Sudan,2025-06-01,Kapoeta North,percent_area_flooded,0.014527114,Unknown,2025,6,Jun,2025-06,2025-06
South Sudan,2025-06-01,Kapoeta East,percent_area_flooded,0.422784744,Unknown,2025,6,Jun,2025-06,2025-06
South Sudan,2025-06-01,Budi,percent_area_flooded,0.0076545,Unknown,2025,6,Jun,2025-06,2025-06
South Sudan,2025-06-01,Yei,percent_area_flooded,0.109066538,Unknown,2025,6,Jun,2025-06,2025-06
South Sudan,2025-06-01,Terekeka,percent_area_flooded,0.866959858,Unknown,2025,6,Jun,2025-06,2025-06
South Sudan,2025-06-01,Lainya,percent_area_flooded,0.014734415,Unknown,2025,6,Jun,2025-06,2025-06
South Sudan,2025-06-01,Juba,percent_area_flooded,0.231354387,Unknown,2025,6,Jun,2025-06,2025-06
South Sudan,2025-06-01,Uror,percent_area_flooded,0.904158174,Unknown,2025,6,Jun,2025-06,2025-06
South Sudan,2025-06-01,Maiwut,percent_area_flooded,0.012190438,Unknown,2025,6,Jun,2025-06,2025-06
South Sudan,2025-06-01,Awerial,percent_area_flooded,4.395104427,Unknown,2025,6,Jun,2025-06,2025-06
South Sudan,2025-06-01,Rumbek East,percent_area_flooded,1.025265573,Unknown,2025,6,Jun,2025-06,2025-06
South Sudan,2025-06-01,Luakpiny/Nasir,percent_area_flooded,1.058022417,Unknown,2025,6,Jun,2025-06,2025-06
South Sudan,2025-06-01,Longochuk,percent_area_flooded,0.039353855,Unknown,2025,6,Jun,2025-06,2025-06
South Sudan,2025-06-01,Fashoda,percent_area_flooded,0.245578236,Unknown,2025,6,Jun,2025-06,2025-06
South Sudan,2025-06-01,Baliet,percent_area_flooded,0.099213036,Unknown,2025,6,Jun,2025-06,2025-06
South Sudan,2025-06-01,Rubkona,percent_area_flooded,37.15859425,Unknown,2025,6,Jun,2025-06,2025-06
South Sudan,2025-06-01,Pariang,percent_area_flooded,2.222604386,Unknown,2025,6,Jun,2025-06,2025-06
South Sudan,2025-06-01,Panyijiar,percent_area_flooded,7.483365698,Unknown,2025,6,Jun,2025-06,2025-06
South Sudan,2025-06-01,Mayom,percent_area_flooded,6.290817746,Unknown,2025,6,Jun,2025-06,2025-06
South Sudan,2025-06-01,Mayendit,percent_area_flooded,22.25075403,Unknown,2025,6,Jun,2025-06,2025-06
South Sudan,2025-06-01,Leer,percent_area_flooded,5.900952538,Unknown,2025,6,Jun,2025-06,2025-06
South Sudan,2025-06-01,Koch,percent_area_flooded,1.620058493,Unknown,2025,6,Jun,2025-06,2025-06
South Sudan,2025-06-01,Guit,percent_area_flooded,14.61442737,Unknown,2025,6,Jun,2025-06,2025-06
South Sudan,2025-06-01,Abiemnhom,percent_area_flooded,0.018776364,Unknown,2025,6,Jun,2025-06,2025-06
South Sudan,2025-06-01,Aweil North,percent_area_flooded,0.002503165,Unknown,2025,6,Jun,2025-06,2025-06
South Sudan,2025-06-01,Aweil East,percent_area_flooded,0.036341831,Unknown,2025,6,Jun,2025-06,2025-06
South Sudan,2025-06-01,Yirol West,percent_area_flooded,0.313661845,Unknown,2025,6,Jun,2025-06,2025-06
South Sudan,2025-06-01,Yirol East,percent_area_flooded,4.875975687,Unknown,2025,6,Jun,2025-06,2025-06
South Sudan,2025-06-01,Wulu,percent_area_flooded,0.004670789,Unknown,2025,6,Jun,2025-06,2025-06
South Sudan,2025-06-01,Rumbek North,percent_area_flooded,0.009600861,Unknown,2025,6,Jun,2025-06,2025-06
South Sudan,2025-06-01,Cueibet,percent_area_flooded,0.03176057,Unknown,2025,6,Jun,2025-06,2025-06
South Sudan,2025-06-01,Cueibet,percent_area_flooded,0.03176057,Unknown,2025,6,Jun,2025-06,2025-06
South Sudan,2025-06-01,Duk,percent_area_flooded,9.988843319,Unknown,2025,6,Jun,2025-06,2025-06
South Sudan,2025-06-01,Rumbek North,percent_area_flooded,0.009600861,Unknown,2025,6,Jun,2025-06,2025-06
South Sudan,2025-06-01,Aweil North,percent_area_flooded,0.002503165,Unknown,2025,6,Jun,2025-06,2025-06
South Sudan,2025-06-01,Abiemnhom,percent_area_flooded,0.018776364,Unknown,2025,6,Jun,2025-06,2025-06
South Sudan,2025-06-01,Guit,percent_area_flooded,14.61442737,Unknown,2025,6,Jun,2025-06,2025-06
South Sudan,2025-06-01,Koch,percent_area_flooded,1.620058493,Unknown,2025,6,Jun,2025-06,2025-06
South Sudan,2025-06-01,Leer,percent_area_flooded,5.900952538,Unknown,2025,6,Jun,2025-06,2025-06
South Sudan,2025-06-01,Mayendit,percent_area_flooded,22.25075403,Unknown,2025,6,Jun,2025-06,2025-06
South Sudan,2025-06-01,Mayom,percent_area_flooded,6.290817746,Unknown,2025,6,Jun,2025-06,2025-06
South Sudan,2025-06-01,Panyijiar,percent_area_flooded,7.483365698,Unknown,2025,6,Jun,2025-06,2025-06
South Sudan,2025-06-01,Pariang,percent_area_flooded,2.222604386,Unknown,2025,6,Jun,2025-06,2025-06
South Sudan,2025-06-01,Rubkona,percent_area_flooded,37.15859425,Unknown,2025,6,Jun,2025-06,2025-06
South Sudan,2025-06-01,Baliet,percent_area_flooded,0.099213036,Unknown,2025,6,Jun,2025-06,2025-06
South Sudan,2025-06-01,Fashoda,percent_area_flooded,0.245578236,Unknown,2025,6,Jun,2025-06,2025-06
South Sudan,2025-06-01,Longochuk,percent_area_flooded,0.039353855,Unknown,2025,6,Jun,2025-06,2025-06
South Sudan,2025-06-01,Luakpiny/Nasir,percent_area_flooded,1.058022417,Unknown,2025,6,Jun,2025-06,2025-06
South Sudan,2025-06-01,Maban,percent_area_flooded,0.143817465,Unknown,2025,6,Jun,2025-06,2025-06
South Sudan,2025-06-01,Maiwut,percent_area_flooded,0.012190438,Unknown,2025,6,Jun,2025-06,2025-06
South Sudan,2025-06-01,Malakal,percent_area_flooded,1.102073392,Unknown,2025,6,Jun,2025-06,2025-06
South Sudan,2025-06-01,Rumbek East,percent_area_flooded,1.025265573,Unknown,2025,6,Jun,2025-06,2025-06
South Sudan,2025-06-01,Manyo,percent_area_flooded,1.75717929,Unknown,2025,6,Jun,2025-06,2025-06
South Sudan,2025-06-01,Melut,percent_area_flooded,0.641678011,Unknown,2025,6,Jun,2025-06,2025-06
South Sudan,2025-06-01,Wulu,percent_area_flooded,0.004670789,Unknown,2025,6,Jun,2025-06,2025-06
South Sudan,2025-06-01,Yirol East,percent_area_flooded,4.875975687,Unknown,2025,6,Jun,2025-06,2025-06
South Sudan,2025-06-01,Yirol West,percent_area_flooded,0.313661845,Unknown,2025,6,Jun,2025-06,2025-06
South Sudan,2025-06-01,Aweil East,percent_area_flooded,0.036341831,Unknown,2025,6,Jun,2025-06,2025-06
South Sudan,2025-06-16,Rubkona,percent_area_flooded,37.98051902,Unknown,2025,6,Jun,2025-06,2025-06
South Sudan,2025-06-16,Torit,percent_area_flooded,0.005454549,Unknown,2025,6,Jun,2025-06,2025-06
South Sudan,2025-06-16,Magwi,percent_area_flooded,0.071308008,Unknown,2025,6,Jun,2025-06,2025-06
South Sudan,2025-06-16,Lafon,percent_area_flooded,0.00158202,Unknown,2025,6,Jun,2025-06,2025-06
South Sudan,2025-06-16,Kapoeta East,percent_area_flooded,0.264102459,Unknown,2025,6,Jun,2025-06,2025-06
South Sudan,2025-06-16,Budi,percent_area_flooded,0.002783454,Unknown,2025,6,Jun,2025-06,2025-06
South Sudan,2025-06-16,Yei,percent_area_flooded,0.070251247,Unknown,2025,6,Jun,2025-06,2025-06
South Sudan,2025-06-16,Terekeka,percent_area_flooded,0.677499934,Unknown,2025,6,Jun,2025-06,2025-06
South Sudan,2025-06-16,Lainya,percent_area_flooded,0.051003744,Unknown,2025,6,Jun,2025-06,2025-06
South Sudan,2025-06-16,Juba,percent_area_flooded,0.215830141,Unknown,2025,6,Jun,2025-06,2025-06
South Sudan,2025-06-16,Luakpiny/Nasir,percent_area_flooded,0.93854995,Unknown,2025,6,Jun,2025-06,2025-06
South Sudan,2025-06-16,Maban,percent_area_flooded,0.122211634,Unknown,2025,6,Jun,2025-06,2025-06
South Sudan,2025-06-16,Malakal,percent_area_flooded,1.378565302,Unknown,2025,6,Jun,2025-06,2025-06
South Sudan,2025-06-16,Akobo,percent_area_flooded,0.049366191,Unknown,2025,6,Jun,2025-06,2025-06
South Sudan,2025-06-16,Manyo,percent_area_flooded,1.778348365,Unknown,2025,6,Jun,2025-06,2025-06
South Sudan,2025-06-16,Melut,percent_area_flooded,0.651394005,Unknown,2025,6,Jun,2025-06,2025-06
South Sudan,2025-06-16,Panyikang,percent_area_flooded,2.581432576,Unknown,2025,6,Jun,2025-06,2025-06
South Sudan,2025-06-16,Renk,percent_area_flooded,0.309041622,Unknown,2025,6,Jun,2025-06,2025-06
South Sudan,2025-06-16,Juba,percent_area_flooded,0.215830141,Unknown,2025,6,Jun,2025-06,2025-06
South Sudan,2025-06-16,Lainya,percent_area_flooded,0.051003744,Unknown,2025,6,Jun,2025-06,2025-06
South Sudan,2025-06-16,Terekeka,percent_area_flooded,0.677499934,Unknown,2025,6,Jun,2025-06,2025-06
South Sudan,2025-06-16,Yei,percent_area_flooded,0.070251247,Unknown,2025,6,Jun,2025-06,2025-06
South Sudan,2025-06-16,Budi,percent_area_flooded,0.002783454,Unknown,2025,6,Jun,2025-06,2025-06
South Sudan,2025-06-16,Maiwut,percent_area_flooded,0.00684204,Unknown,2025,6,Jun,2025-06,2025-06
South Sudan,2025-06-16,Baliet,percent_area_flooded,0.073444506,Unknown,2025,6,Jun,2025-06,2025-06
South Sudan,2025-06-16,Ayod,percent_area_flooded,9.642318678,Unknown,2025,6,Jun,2025-06,2025-06
South Sudan,2025-06-16,Canal/Pigi,percent_area_flooded,0.613439675,Unknown,2025,6,Jun,2025-06,2025-06
South Sudan,2025-06-16,Pariang,percent_area_flooded,2.243547654,Unknown,2025,6,Jun,2025-06,2025-06
South Sudan,2025-06-16,Panyijiar,percent_area_flooded,11.63949039,Unknown,2025,6,Jun,2025-06,2025-06
South Sudan,2025-06-16,Mayom,percent_area_flooded,5.640631412,Unknown,2025,6,Jun,2025-06,2025-06
South Sudan,2025-06-16,Mayendit,percent_area_flooded,25.3684751,Unknown,2025,6,Jun,2025-06,2025-06
South Sudan,2025-06-16,Leer,percent_area_flooded,8.617845619,Unknown,2025,6,Jun,2025-06,2025-06
South Sudan,2025-06-16,Koch,percent_area_flooded,2.382491538,Unknown,2025,6,Jun,2025-06,2025-06
South Sudan,2025-06-16,Guit,percent_area_flooded,15.29599467,Unknown,2025,6,Jun,2025-06,2025-06
South Sudan,2025-06-16,Aweil West,percent_area_flooded,0.027030781,Unknown,2025,6,Jun,2025-06,2025-06
South Sudan,2025-06-16,Aweil North,percent_area_flooded,0.019243084,Unknown,2025,6,Jun,2025-06,2025-06
South Sudan,2025-06-16,Aweil East,percent_area_flooded,0.005109258,Unknown,2025,6,Jun,2025-06,2025-06
South Sudan,2025-06-16,Aweil Centre,percent_area_flooded,0.002122933,Unknown,2025,6,Jun,2025-06,2025-06
South Sudan,2025-06-16,Yirol West,percent_area_flooded,0.491938863,Unknown,2025,6,Jun,2025-06,2025-06
South Sudan,2025-06-16,Bor South,percent_area_flooded,1.509861309,Unknown,2025,6,Jun,2025-06,2025-06
South Sudan,2025-06-16,Yirol East,percent_area_flooded,7.781505854,Unknown,2025,6,Jun,2025-06,2025-06
South Sudan,2025-06-16,Rumbek East,percent_area_flooded,3.827932618,Unknown,2025,6,Jun,2025-06,2025-06
South Sudan,2025-06-16,Rumbek Centre,percent_area_flooded,0.012829841,Unknown,2025,6,Jun,2025-06,2025-06
South Sudan,2025-06-16,Cueibet,percent_area_flooded,0.037780547,Unknown,2025,6,Jun,2025-06,2025-06
South Sudan,2025-06-16,Fashoda,percent_area_flooded,0.442690632,Unknown,2025,6,Jun,2025-06,2025-06
South Sudan,2025-06-16,Uror,percent_area_flooded,0.006203925,Unknown,2025,6,Jun,2025-06,2025-06
South Sudan,2025-06-16,Twic East,percent_area_flooded,10.62256959,Unknown,2025,6,Jun,2025-06,2025-06
South Sudan,2025-06-16,Pochalla,percent_area_flooded,0.388571143,Unknown,2025,6,Jun,2025-06,2025-06
South Sudan,2025-06-16,Pibor,percent_area_flooded,0.019566926,Unknown,2025,6,Jun,2025-06,2025-06
South Sudan,2025-06-16,Nyirol,percent_area_flooded,0.012541775,Unknown,2025,6,Jun,2025-06,2025-06
South Sudan,2025-06-16,Fangak,percent_area_flooded,14.48012252,Unknown,2025,6,Jun,2025-06,2025-06
South Sudan,2025-06-16,Duk,percent_area_flooded,12.52705719,Unknown,2025,6,Jun,2025-06,2025-06
South Sudan,2025-06-16,Longochuk,percent_area_flooded,0.028878368,Unknown,2025,6,Jun,2025-06,2025-06
South Sudan,2025-06-16,Wulu,percent_area_flooded,0.063722911,Unknown,2025,6,Jun,2025-06,2025-06
South Sudan,2025-06-16,Awerial,percent_area_flooded,3.945996734,Unknown,2025,6,Jun,2025-06,2025-06
South Sudan,2025-06-16,Juba,percent_area_flooded,0.215830141,Unknown,2025,6,Jun,2025-06,2025-06
South Sudan,2025-06-16,Kapoeta East,percent_area_flooded,0.264102459,Unknown,2025,6,Jun,2025-06,2025-06
South Sudan,2025-06-16,Tonj East,percent_area_flooded,0.362827788,Unknown,2025,6,Jun,2025-06,2025-06
South Sudan,2025-06-16,Gogrial West,percent_area_flooded,0.057283598,Unknown,2025,6,Jun,2025-06,2025-06
South Sudan,2025-06-16,Gogrial East,percent_area_flooded,0.256220122,Unknown,2025,6,Jun,2025-06,2025-06
South Sudan,2025-06-16,Ulang,percent_area_flooded,0.904701297,Unknown,2025,6,Jun,2025-06,2025-06
South Sudan,2025-06-16,Renk,percent_area_flooded,0.309041622,Unknown,2025,6,Jun,2025-06,2025-06
South Sudan,2025-06-16,Panyikang,percent_area_flooded,2.581432576,Unknown,2025,6,Jun,2025-06,2025-06
South Sudan,2025-06-16,Tonj North,percent_area_flooded,1.772055689,Unknown,2025,6,Jun,2025-06,2025-06
South Sudan,2025-06-16,Melut,percent_area_flooded,0.651394005,Unknown,2025,6,Jun,2025-06,2025-06
South Sudan,2025-06-16,Malakal,percent_area_flooded,1.378565302,Unknown,2025,6,Jun,2025-06,2025-06
South Sudan,2025-06-16,Maiwut,percent_area_flooded,0.00684204,Unknown,2025,6,Jun,2025-06,2025-06
South Sudan,2025-06-16,Maban,percent_area_flooded,0.122211634,Unknown,2025,6,Jun,2025-06,2025-06
South Sudan,2025-06-16,Luakpiny/Nasir,percent_area_flooded,0.93854995,Unknown,2025,6,Jun,2025-06,2025-06
South Sudan,2025-06-16,Longochuk,percent_area_flooded,0.028878368,Unknown,2025,6,Jun,2025-06,2025-06
South Sudan,2025-06-16,Fashoda,percent_area_flooded,0.442690632,Unknown,2025,6,Jun,2025-06,2025-06
South Sudan,2025-06-16,Manyo,percent_area_flooded,1.778348365,Unknown,2025,6,Jun,2025-06,2025-06
South Sudan,2025-06-16,Tonj South,percent_area_flooded,0.013413187,Unknown,2025,6,Jun,2025-06,2025-06
South Sudan,2025-06-16,Twic,percent_area_flooded,0.411376217,Unknown,2025,6,Jun,2025-06,2025-06
South Sudan,2025-06-16,Jur River,percent_area_flooded,0.0214706,Unknown,2025,6,Jun,2025-06,2025-06
South Sudan,2025-06-16,Nzara,percent_area_flooded,0.130664255,Unknown,2025,6,Jun,2025-06,2025-06
South Sudan,2025-06-16,Tambura,percent_area_flooded,0.079093385,Unknown,2025,6,Jun,2025-06,2025-06
South Sudan,2025-06-16,Yambio,percent_area_flooded,0.233486085,Unknown,2025,6,Jun,2025-06,2025-06
South Sudan,2025-06-16,Yambio,percent_area_flooded,0.233486085,Unknown,2025,6,Jun,2025-06,2025-06
South Sudan,2025-06-16,Tambura,percent_area_flooded,0.079093385,Unknown,2025,6,Jun,2025-06,2025-06
South Sudan,2025-06-16,Nzara,percent_area_flooded,0.130664255,Unknown,2025,6,Jun,2025-06,2025-06
South Sudan,2025-06-16,Nagero,percent_area_flooded,0.049511437,Unknown,2025,6,Jun,2025-06,2025-06
South Sudan,2025-06-16,Mvolo,percent_area_flooded,0.158529503,Unknown,2025,6,Jun,2025-06,2025-06
South Sudan,2025-06-16,Mundri West,percent_area_flooded,0.100258668,Unknown,2025,6,Jun,2025-06,2025-06
South Sudan,2025-06-16,Mundri East,percent_area_flooded,0.002337108,Unknown,2025,6,Jun,2025-06,2025-06
South Sudan,2025-06-16,Maridi,percent_area_flooded,0.069826166,Unknown,2025,6,Jun,2025-06,2025-06
South Sudan,2025-06-16,Ibba,percent_area_flooded,0.070237901,Unknown,2025,6,Jun,2025-06,2025-06
South Sudan,2025-06-16,Ezo,percent_area_flooded,0.083680258,Unknown,2025,6,Jun,2025-06,2025-06
South Sudan,2025-06-16,Wau,percent_area_flooded,0.042645601,Unknown,2025,6,Jun,2025-06,2025-06
South Sudan,2025-06-16,Raja,percent_area_flooded,0.013263562,Unknown,2025,6,Jun,2025-06,2025-06
South Sudan,2025-06-16,Baliet,percent_area_flooded,0.073444506,Unknown,2025,6,Jun,2025-06,2025-06
South Sudan,2025-06-16,Rubkona,percent_area_flooded,37.98051902,Unknown,2025,6,Jun,2025-06,2025-06
South Sudan,2025-06-16,Pariang,percent_area_flooded,2.243547654,Unknown,2025,6,Jun,2025-06,2025-06
South Sudan,2025-06-16,Panyijiar,percent_area_flooded,11.63949039,Unknown,2025,6,Jun,2025-06,2025-06
South Sudan,2025-06-16,Nyirol,percent_area_flooded,0.012541775,Unknown,2025,6,Jun,2025-06,2025-06
South Sudan,2025-06-16,Fangak,percent_area_flooded,14.48012252,Unknown,2025,6,Jun,2025-06,2025-06
South Sudan,2025-06-16,Duk,percent_area_flooded,12.52705719,Unknown,2025,6,Jun,2025-06,2025-06
South Sudan,2025-06-16,Canal/Pigi,percent_area_flooded,0.613439675,Unknown,2025,6,Jun,2025-06,2025-06
South Sudan,2025-06-16,Bor South,percent_area_flooded,1.509861309,Unknown,2025,6,Jun,2025-06,2025-06
South Sudan,2025-06-16,Ayod,percent_area_flooded,9.642318678,Unknown,2025,6,Jun,2025-06,2025-06
South Sudan,2025-06-16,Akobo,percent_area_flooded,0.049366191,Unknown,2025,6,Jun,2025-06,2025-06
South Sudan,2025-06-16,Torit,percent_area_flooded,0.005454549,Unknown,2025,6,Jun,2025-06,2025-06
South Sudan,2025-06-16,Magwi,percent_area_flooded,0.071308008,Unknown,2025,6,Jun,2025-06,2025-06
South Sudan,2025-06-16,Lafon,percent_area_flooded,0.00158202,Unknown,2025,6,Jun,2025-06,2025-06
South Sudan,2025-06-16,Kapoeta East,percent_area_flooded,0.264102459,Unknown,2025,6,Jun,2025-06,2025-06
South Sudan,2025-06-16,Budi,percent_area_flooded,0.002783454,Unknown,2025,6,Jun,2025-06,2025-06
South Sudan,2025-06-16,Yei,percent_area_flooded,0.070251247,Unknown,2025,6,Jun,2025-06,2025-06
South Sudan,2025-06-16,Terekeka,percent_area_flooded,0.677499934,Unknown,2025,6,Jun,2025-06,2025-06
South Sudan,2025-06-16,Lainya,percent_area_flooded,0.051003744,Unknown,2025,6,Jun,2025-06,2025-06
South Sudan,2025-06-16,Pibor,percent_area_flooded,0.019566926,Unknown,2025,6,Jun,2025-06,2025-06
South Sudan,2025-06-16,Mvolo,percent_area_flooded,0.158529503,Unknown,2025,6,Jun,2025-06,2025-06
South Sudan,2025-06-16,Pochalla,percent_area_flooded,0.388571143,Unknown,2025,6,Jun,2025-06,2025-06
South Sudan,2025-06-16,Uror,percent_area_flooded,0.006203925,Unknown,2025,6,Jun,2025-06,2025-06
South Sudan,2025-06-16,Mayom,percent_area_flooded,5.640631412,Unknown,2025,6,Jun,2025-06,2025-06
South Sudan,2025-06-16,Mayendit,percent_area_flooded,25.3684751,Unknown,2025,6,Jun,2025-06,2025-06
South Sudan,2025-06-16,Leer,percent_area_flooded,8.617845619,Unknown,2025,6,Jun,2025-06,2025-06
South Sudan,2025-06-16,Koch,percent_area_flooded,2.382491538,Unknown,2025,6,Jun,2025-06,2025-06
South Sudan,2025-06-16,Guit,percent_area_flooded,15.29599467,Unknown,2025,6,Jun,2025-06,2025-06
South Sudan,2025-06-16,Aweil North,percent_area_flooded,0.019243084,Unknown,2025,6,Jun,2025-06,2025-06
South Sudan,2025-06-16,Aweil East,percent_area_flooded,0.005109258,Unknown,2025,6,Jun,2025-06,2025-06
South Sudan,2025-06-16,Aweil Centre,percent_area_flooded,0.002122933,Unknown,2025,6,Jun,2025-06,2025-06
South Sudan,2025-06-16,Yirol West,percent_area_flooded,0.491938863,Unknown,2025,6,Jun,2025-06,2025-06
South Sudan,2025-06-16,Yirol East,percent_area_flooded,7.781505854,Unknown,2025,6,Jun,2025-06,2025-06
South Sudan,2025-06-16,Wulu,percent_area_flooded,0.063722911,Unknown,2025,6,Jun,2025-06,2025-06
South Sudan,2025-06-16,Rumbek East,percent_area_flooded,3.827932618,Unknown,2025,6,Jun,2025-06,2025-06
South Sudan,2025-06-16,Rumbek Centre,percent_area_flooded,0.012829841,Unknown,2025,6,Jun,2025-06,2025-06
South Sudan,2025-06-16,Cueibet,percent_area_flooded,0.037780547,Unknown,2025,6,Jun,2025-06,2025-06
South Sudan,2025-06-16,Awerial,percent_area_flooded,3.945996734,Unknown,2025,6,Jun,2025-06,2025-06
South Sudan,2025-06-16,Twic East,percent_area_flooded,10.62256959,Unknown,2025,6,Jun,2025-06,2025-06
South Sudan,2025-06-16,Lafon,percent_area_flooded,0.00158202,Unknown,2025,6,Jun,2025-06,2025-06
South Sudan,2025-06-16,Aweil West,percent_area_flooded,0.027030781,Unknown,2025,6,Jun,2025-06,2025-06
South Sudan,2025-06-16,Torit,percent_area_flooded,0.005454549,Unknown,2025,6,Jun,2025-06,2025-06
South Sudan,2025-06-16,Mvolo,percent_area_flooded,0.158529503,Unknown,2025,6,Jun,2025-06,2025-06
South Sudan,2025-06-16,Mundri West,percent_area_flooded,0.100258668,Unknown,2025,6,Jun,2025-06,2025-06
South Sudan,2025-06-16,Mundri East,percent_area_flooded,0.002337108,Unknown,2025,6,Jun,2025-06,2025-06
South Sudan,2025-06-16,Maridi,percent_area_flooded,0.069826166,Unknown,2025,6,Jun,2025-06,2025-06
South Sudan,2025-06-16,Ibba,percent_area_flooded,0.070237901,Unknown,2025,6,Jun,2025-06,2025-06
South Sudan,2025-06-16,Ezo,percent_area_flooded,0.083680258,Unknown,2025,6,Jun,2025-06,2025-06
South Sudan,2025-06-16,Wau,percent_area_flooded,0.042645601,Unknown,2025,6,Jun,2025-06,2025-06
South Sudan,2025-06-16,Nagero,percent_area_flooded,0.049511437,Unknown,2025,6,Jun,2025-06,2025-06
South Sudan,2025-06-16,Raja,percent_area_flooded,0.013263562,Unknown,2025,6,Jun,2025-06,2025-06
South Sudan,2025-06-16,Twic,percent_area_flooded,0.411376217,Unknown,2025,6,Jun,2025-06,2025-06
South Sudan,2025-06-16,Tonj South,percent_area_flooded,0.013413187,Unknown,2025,6,Jun,2025-06,2025-06
South Sudan,2025-06-16,Tonj North,percent_area_flooded,1.772055689,Unknown,2025,6,Jun,2025-06,2025-06
South Sudan,2025-06-16,Tonj East,percent_area_flooded,0.362827788,Unknown,2025,6,Jun,2025-06,2025-06
South Sudan,2025-06-16,Gogrial West,percent_area_flooded,0.057283598,Unknown,2025,6,Jun,2025-06,2025-06
South Sudan,2025-06-16,Gogrial East,percent_area_flooded,0.256220122,Unknown,2025,6,Jun,2025-06,2025-06
South Sudan,2025-06-16,Ulang,percent_area_flooded,0.904701297,Unknown,2025,6,Jun,2025-06,2025-06
South Sudan,2025-06-16,Jur River,percent_area_flooded,0.0214706,Unknown,2025,6,Jun,2025-06,2025-06
South Sudan,2025-06-16,Renk,percent_area_flooded,0.309041622,Unknown,2025,6,Jun,2025-06,2025-06
South Sudan,2025-06-16,Nzara,percent_area_flooded,0.130664255,Unknown,2025,6,Jun,2025-06,2025-06
South Sudan,2025-06-16,Yambio,percent_area_flooded,0.233486085,Unknown,2025,6,Jun,2025-06,2025-06
South Sudan,2025-06-16,Mundri West,percent_area_flooded,0.100258668,Unknown,2025,6,Jun,2025-06,2025-06
South Sudan,2025-06-16,Mundri East,percent_area_flooded,0.002337108,Unknown,2025,6,Jun,2025-06,2025-06
South Sudan,2025-06-16,Maridi,percent_area_flooded,0.069826166,Unknown,2025,6,Jun,2025-06,2025-06
South Sudan,2025-06-16,Magwi,percent_area_flooded,0.071308008,Unknown,2025,6,Jun,2025-06,2025-06
South Sudan,2025-06-16,Ibba,percent_area_flooded,0.070237901,Unknown,2025,6,Jun,2025-06,2025-06
South Sudan,2025-06-16,Ezo,percent_area_flooded,0.083680258,Unknown,2025,6,Jun,2025-06,2025-06
South Sudan,2025-06-16,Wau,percent_area_flooded,0.042645601,Unknown,2025,6,Jun,2025-06,2025-06
South Sudan,2025-06-16,Tambura,percent_area_flooded,0.079093385,Unknown,2025,6,Jun,2025-06,2025-06
South Sudan,2025-06-16,Raja,percent_area_flooded,0.013263562,Unknown,2025,6,Jun,2025-06,2025-06
South Sudan,2025-06-16,Twic,percent_area_flooded,0.411376217,Unknown,2025,6,Jun,2025-06,2025-06
South Sudan,2025-06-16,Tonj South,percent_area_flooded,0.013413187,Unknown,2025,6,Jun,2025-06,2025-06
South Sudan,2025-06-16,Tonj North,percent_area_flooded,1.772055689,Unknown,2025,6,Jun,2025-06,2025-06
South Sudan,2025-06-16,Tonj East,percent_area_flooded,0.362827788,Unknown,2025,6,Jun,2025-06,2025-06
South Sudan,2025-06-16,Gogrial West,percent_area_flooded,0.057283598,Unknown,2025,6,Jun,2025-06,2025-06
South Sudan,2025-06-16,Gogrial East,percent_area_flooded,0.256220122,Unknown,2025,6,Jun,2025-06,2025-06
South Sudan,2025-06-16,Ulang,percent_area_flooded,0.904701297,Unknown,2025,6,Jun,2025-06,2025-06
South Sudan,2025-06-16,Jur River,percent_area_flooded,0.0214706,Unknown,2025,6,Jun,2025-06,2025-06
South Sudan,2025-06-16,Panyikang,percent_area_flooded,2.581432576,Unknown,2025,6,Jun,2025-06,2025-06
South Sudan,2025-06-16,Nagero,percent_area_flooded,0.049511437,Unknown,2025,6,Jun,2025-06,2025-06
South Sudan,2025-06-16,Manyo,percent_area_flooded,1.778348365,Unknown,2025,6,Jun,2025-06,2025-06
South Sudan,2025-06-16,Akobo,percent_area_flooded,0.049366191,Unknown,2025,6,Jun,2025-06,2025-06
South Sudan,2025-06-16,Ayod,percent_area_flooded,9.642318678,Unknown,2025,6,Jun,2025-06,2025-06
South Sudan,2025-06-16,Bor South,percent_area_flooded,1.509861309,Unknown,2025,6,Jun,2025-06,2025-06
South Sudan,2025-06-16,Wulu,percent_area_flooded,0.063722911,Unknown,2025,6,Jun,2025-06,2025-06
South Sudan,2025-06-16,Rumbek East,percent_area_flooded,3.827932618,Unknown,2025,6,Jun,2025-06,2025-06
South Sudan,2025-06-16,Rumbek Centre,percent_area_flooded,0.012829841,Unknown,2025,6,Jun,2025-06,2025-06
South Sudan,2025-06-16,Cueibet,percent_area_flooded,0.037780547,Unknown,2025,6,Jun,2025-06,2025-06
South Sudan,2025-06-16,Yirol East,percent_area_flooded,7.781505854,Unknown,2025,6,Jun,2025-06,2025-06
South Sudan,2025-06-16,Awerial,percent_area_flooded,3.945996734,Unknown,2025,6,Jun,2025-06,2025-06
South Sudan,2025-06-16,Twic East,percent_area_flooded,10.62256959,Unknown,2025,6,Jun,2025-06,2025-06
South Sudan,2025-06-16,Pochalla,percent_area_flooded,0.388571143,Unknown,2025,6,Jun,2025-06,2025-06
South Sudan,2025-06-16,Pibor,percent_area_flooded,0.019566926,Unknown,2025,6,Jun,2025-06,2025-06
South Sudan,2025-06-16,Nyirol,percent_area_flooded,0.012541775,Unknown,2025,6,Jun,2025-06,2025-06
South Sudan,2025-06-16,Fangak,percent_area_flooded,14.48012252,Unknown,2025,6,Jun,2025-06,2025-06
South Sudan,2025-06-16,Duk,percent_area_flooded,12.52705719,Unknown,2025,6,Jun,2025-06,2025-06
South Sudan,2025-06-16,Melut,percent_area_flooded,0.651394005,Unknown,2025,6,Jun,2025-06,2025-06
South Sudan,2025-06-16,Uror,percent_area_flooded,0.006203925,Unknown,2025,6,Jun,2025-06,2025-06
South Sudan,2025-06-16,Yirol West,percent_area_flooded,0.491938863,Unknown,2025,6,Jun,2025-06,2025-06
South Sudan,2025-06-16,Canal/Pigi,percent_area_flooded,0.613439675,Unknown,2025,6,Jun,2025-06,2025-06
South Sudan,2025-06-16,Aweil East,percent_area_flooded,0.005109258,Unknown,2025,6,Jun,2025-06,2025-06
South Sudan,2025-06-16,Aweil Centre,percent_area_flooded,0.002122933,Unknown,2025,6,Jun,2025-06,2025-06
South Sudan,2025-06-16,Maiwut,percent_area_flooded,0.00684204,Unknown,2025,6,Jun,2025-06,2025-06
South Sudan,2025-06-16,Maban,percent_area_flooded,0.122211634,Unknown,2025,6,Jun,2025-06,2025-06
South Sudan,2025-06-16,Luakpiny/Nasir,percent_area_flooded,0.93854995,Unknown,2025,6,Jun,2025-06,2025-06
South Sudan,2025-06-16,Malakal,percent_area_flooded,1.378565302,Unknown,2025,6,Jun,2025-06,2025-06
South Sudan,2025-06-16,Longochuk,percent_area_flooded,0.028878368,Unknown,2025,6,Jun,2025-06,2025-06
South Sudan,2025-06-16,Fashoda,percent_area_flooded,0.442690632,Unknown,2025,6,Jun,2025-06,2025-06
South Sudan,2025-06-16,Baliet,percent_area_flooded,0.073444506,Unknown,2025,6,Jun,2025-06,2025-06
South Sudan,2025-06-16,Rubkona,percent_area_flooded,37.98051902,Unknown,2025,6,Jun,2025-06,2025-06
South Sudan,2025-06-16,Pariang,percent_area_flooded,2.243547654,Unknown,2025,6,Jun,2025-06,2025-06
South Sudan,2025-06-16,Panyijiar,percent_area_flooded,11.63949039,Unknown,2025,6,Jun,2025-06,2025-06
South Sudan,2025-06-16,Mayendit,percent_area_flooded,25.3684751,Unknown,2025,6,Jun,2025-06,2025-06
South Sudan,2025-06-16,Leer,percent_area_flooded,8.617845619,Unknown,2025,6,Jun,2025-06,2025-06
South Sudan,2025-06-16,Mayom,percent_area_flooded,5.640631412,Unknown,2025,6,Jun,2025-06,2025-06
South Sudan,2025-06-16,Koch,percent_area_flooded,2.382491538,Unknown,2025,6,Jun,2025-06,2025-06
South Sudan,2025-06-16,Aweil North,percent_area_flooded,0.019243084,Unknown,2025,6,Jun,2025-06,2025-06
South Sudan,2025-06-16,Aweil West,percent_area_flooded,0.027030781,Unknown,2025,6,Jun,2025-06,2025-06
South Sudan,2025-06-16,Guit,percent_area_flooded,15.29599467,Unknown,2025,6,Jun,2025-06,2025-06
South Sudan,2025-07-01,Yambio,percent_area_flooded,0.038294872,Unknown,2025,7,Jul,2025-07,2025-07
South Sudan,2025-07-01,Yambio,percent_area_flooded,0.038294872,Unknown,2025,7,Jul,2025-07,2025-07
South Sudan,2025-07-01,Tambura,percent_area_flooded,0.02245078,Unknown,2025,7,Jul,2025-07,2025-07
South Sudan,2025-07-01,Nzara,percent_area_flooded,0.043145306,Unknown,2025,7,Jul,2025-07,2025-07
South Sudan,2025-07-01,Nagero,percent_area_flooded,0.079013025,Unknown,2025,7,Jul,2025-07,2025-07
South Sudan,2025-07-01,Mvolo,percent_area_flooded,0.219028498,Unknown,2025,7,Jul,2025-07,2025-07
South Sudan,2025-07-01,Raja,percent_area_flooded,0.021899931,Unknown,2025,7,Jul,2025-07,2025-07
South Sudan,2025-07-01,Wau,percent_area_flooded,0.050404018,Unknown,2025,7,Jul,2025-07,2025-07
South Sudan,2025-07-01,Ezo,percent_area_flooded,0.100097761,Unknown,2025,7,Jul,2025-07,2025-07
South Sudan,2025-07-01,Ibba,percent_area_flooded,0.066942281,Unknown,2025,7,Jul,2025-07,2025-07
South Sudan,2025-07-01,Maridi,percent_area_flooded,0.014557854,Unknown,2025,7,Jul,2025-07,2025-07
South Sudan,2025-07-01,Mundri West,percent_area_flooded,0.012974651,Unknown,2025,7,Jul,2025-07,2025-07
South Sudan,2025-07-01,Tambura,percent_area_flooded,0.02245078,Unknown,2025,7,Jul,2025-07,2025-07
South Sudan,2025-07-01,Jur River,percent_area_flooded,0.023144912,Unknown,2025,7,Jul,2025-07,2025-07
South Sudan,2025-07-01,Nzara,percent_area_flooded,0.043145306,Unknown,2025,7,Jul,2025-07,2025-07
South Sudan,2025-07-01,Mundri West,percent_area_flooded,0.012974651,Unknown,2025,7,Jul,2025-07,2025-07
South Sudan,2025-07-01,Mvolo,percent_area_flooded,0.219028498,Unknown,2025,7,Jul,2025-07,2025-07
South Sudan,2025-07-01,Pariang,percent_area_flooded,2.458434317,Unknown,2025,7,Jul,2025-07,2025-07
South Sudan,2025-07-01,Rubkona,percent_area_flooded,34.96963825,Unknown,2025,7,Jul,2025-07,2025-07
South Sudan,2025-07-01,Baliet,percent_area_flooded,0.058755605,Unknown,2025,7,Jul,2025-07,2025-07
South Sudan,2025-07-01,Fashoda,percent_area_flooded,0.178602353,Unknown,2025,7,Jul,2025-07,2025-07
South Sudan,2025-07-01,Longochuk,percent_area_flooded,0.036239521,Unknown,2025,7,Jul,2025-07,2025-07
South Sudan,2025-07-01,Luakpiny/Nasir,percent_area_flooded,1.071844113,Unknown,2025,7,Jul,2025-07,2025-07
South Sudan,2025-07-01,Maban,percent_area_flooded,0.086276777,Unknown,2025,7,Jul,2025-07,2025-07
South Sudan,2025-07-01,Maiwut,percent_area_flooded,0.125539309,Unknown,2025,7,Jul,2025-07,2025-07
South Sudan,2025-07-01,Malakal,percent_area_flooded,1.19034311,Unknown,2025,7,Jul,2025-07,2025-07
South Sudan,2025-07-01,Manyo,percent_area_flooded,1.44562889,Unknown,2025,7,Jul,2025-07,2025-07
South Sudan,2025-07-01,Melut,percent_area_flooded,0.422993614,Unknown,2025,7,Jul,2025-07,2025-07
South Sudan,2025-07-01,Panyikang,percent_area_flooded,2.581432576,Unknown,2025,7,Jul,2025-07,2025-07
South Sudan,2025-07-01,Renk,percent_area_flooded,0.226092439,Unknown,2025,7,Jul,2025-07,2025-07
South Sudan,2025-07-01,Ulang,percent_area_flooded,1.1311564,Unknown,2025,7,Jul,2025-07,2025-07
South Sudan,2025-07-01,Gogrial East,percent_area_flooded,0.563853328,Unknown,2025,7,Jul,2025-07,2025-07
South Sudan,2025-07-01,Gogrial West,percent_area_flooded,0.096829637,Unknown,2025,7,Jul,2025-07,2025-07
South Sudan,2025-07-01,Tonj East,percent_area_flooded,0.243811029,Unknown,2025,7,Jul,2025-07,2025-07
South Sudan,2025-07-01,Tonj North,percent_area_flooded,2.627349168,Unknown,2025,7,Jul,2025-07,2025-07
South Sudan,2025-07-01,Twic,percent_area_flooded,0.841146735,Unknown,2025,7,Jul,2025-07,2025-07
South Sudan,2025-07-01,Jur River,percent_area_flooded,0.023144912,Unknown,2025,7,Jul,2025-07,2025-07
South Sudan,2025-07-01,Raja,percent_area_flooded,0.021899931,Unknown,2025,7,Jul,2025-07,2025-07
South Sudan,2025-07-01,Wau,percent_area_flooded,0.050404018,Unknown,2025,7,Jul,2025-07,2025-07
South Sudan,2025-07-01,Ezo,percent_area_flooded,0.100097761,Unknown,2025,7,Jul,2025-07,2025-07
South Sudan,2025-07-01,Ibba,percent_area_flooded,0.066942281,Unknown,2025,7,Jul,2025-07,2025-07
South Sudan,2025-07-01,Maridi,percent_area_flooded,0.014557854,Unknown,2025,7,Jul,2025-07,2025-07
South Sudan,2025-07-01,Nagero,percent_area_flooded,0.079013025,Unknown,2025,7,Jul,2025-07,2025-07
South Sudan,2025-07-01,Twic,percent_area_flooded,0.841146735,Unknown,2025,7,Jul,2025-07,2025-07
South Sudan,2025-07-01,Tonj East,percent_area_flooded,0.243811029,Unknown,2025,7,Jul,2025-07,2025-07
South Sudan,2025-07-01,Tonj North,percent_area_flooded,2.627349168,Unknown,2025,7,Jul,2025-07,2025-07
South Sudan,2025-07-01,Wulu,percent_area_flooded,0.099754715,Unknown,2025,7,Jul,2025-07,2025-07
South Sudan,2025-07-01,Rumbek North,percent_area_flooded,0.024722217,Unknown,2025,7,Jul,2025-07,2025-07
South Sudan,2025-07-01,Rumbek East,percent_area_flooded,2.973038733,Unknown,2025,7,Jul,2025-07,2025-07
South Sudan,2025-07-01,Rumbek Centre,percent_area_flooded,0.086473127,Unknown,2025,7,Jul,2025-07,2025-07
South Sudan,2025-07-01,Cueibet,percent_area_flooded,0.008511002,Unknown,2025,7,Jul,2025-07,2025-07
South Sudan,2025-07-01,Awerial,percent_area_flooded,2.516781215,Unknown,2025,7,Jul,2025-07,2025-07
South Sudan,2025-07-01,Uror,percent_area_flooded,0.45190958,Unknown,2025,7,Jul,2025-07,2025-07
South Sudan,2025-07-01,Twic East,percent_area_flooded,7.655654953,Unknown,2025,7,Jul,2025-07,2025-07
South Sudan,2025-07-01,Pochalla,percent_area_flooded,0.166718024,Unknown,2025,7,Jul,2025-07,2025-07
South Sudan,2025-07-01,Pibor,percent_area_flooded,0.018551238,Unknown,2025,7,Jul,2025-07,2025-07
South Sudan,2025-07-01,Nyirol,percent_area_flooded,0.009446111,Unknown,2025,7,Jul,2025-07,2025-07
South Sudan,2025-07-01,Fangak,percent_area_flooded,15.3779924,Unknown,2025,7,Jul,2025-07,2025-07
South Sudan,2025-07-01,Yirol East,percent_area_flooded,4.904499489,Unknown,2025,7,Jul,2025-07,2025-07
South Sudan,2025-07-01,Duk,percent_area_flooded,11.25162078,Unknown,2025,7,Jul,2025-07,2025-07
South Sudan,2025-07-01,Bor South,percent_area_flooded,2.384073927,Unknown,2025,7,Jul,2025-07,2025-07
South Sudan,2025-07-01,Ayod,percent_area_flooded,12.6862725,Unknown,2025,7,Jul,2025-07,2025-07
South Sudan,2025-07-01,Akobo,percent_area_flooded,0.177527715,Unknown,2025,7,Jul,2025-07,2025-07
South Sudan,2025-07-01,Torit,percent_area_flooded,0.036306841,Unknown,2025,7,Jul,2025-07,2025-07
South Sudan,2025-07-01,Magwi,percent_area_flooded,0.06785762,Unknown,2025,7,Jul,2025-07,2025-07
South Sudan,2025-07-01,Lafon,percent_area_flooded,0.007593697,Unknown,2025,7,Jul,2025-07,2025-07
South Sudan,2025-07-01,Kapoeta East,percent_area_flooded,0.262022086,Unknown,2025,7,Jul,2025-07,2025-07
South Sudan,2025-07-01,Budi,percent_area_flooded,0.002783454,Unknown,2025,7,Jul,2025-07,2025-07
South Sudan,2025-07-01,Yei,percent_area_flooded,0.029664918,Unknown,2025,7,Jul,2025-07,2025-07
South Sudan,2025-07-01,Terekeka,percent_area_flooded,0.427606974,Unknown,2025,7,Jul,2025-07,2025-07
South Sudan,2025-07-01,Lainya,percent_area_flooded,0.038819516,Unknown,2025,7,Jul,2025-07,2025-07
South Sudan,2025-07-01,Juba,percent_area_flooded,0.132063898,Unknown,2025,7,Jul,2025-07,2025-07
South Sudan,2025-07-01,Canal/Pigi,percent_area_flooded,0.914743558,Unknown,2025,7,Jul,2025-07,2025-07
South Sudan,2025-07-01,Tonj South,percent_area_flooded,0.070404797,Unknown,2025,7,Jul,2025-07,2025-07
South Sudan,2025-07-01,Yirol West,percent_area_flooded,0.306953588,Unknown,2025,7,Jul,2025-07,2025-07
South Sudan,2025-07-01,Aweil East,percent_area_flooded,0.10759925,Unknown,2025,7,Jul,2025-07,2025-07
South Sudan,2025-07-01,Gogrial West,percent_area_flooded,0.096829637,Unknown,2025,7,Jul,2025-07,2025-07
South Sudan,2025-07-01,Gogrial East,percent_area_flooded,0.563853328,Unknown,2025,7,Jul,2025-07,2025-07
South Sudan,2025-07-01,Ulang,percent_area_flooded,1.1311564,Unknown,2025,7,Jul,2025-07,2025-07
South Sudan,2025-07-01,Renk,percent_area_flooded,0.226092439,Unknown,2025,7,Jul,2025-07,2025-07
South Sudan,2025-07-01,Panyikang,percent_area_flooded,2.581432576,Unknown,2025,7,Jul,2025-07,2025-07
South Sudan,2025-07-01,Melut,percent_area_flooded,0.422993614,Unknown,2025,7,Jul,2025-07,2025-07
South Sudan,2025-07-01,Manyo,percent_area_flooded,1.44562889,Unknown,2025,7,Jul,2025-07,2025-07
South Sudan,2025-07-01,Malakal,percent_area_flooded,1.19034311,Unknown,2025,7,Jul,2025-07,2025-07
South Sudan,2025-07-01,Maiwut,percent_area_flooded,0.125539309,Unknown,2025,7,Jul,2025-07,2025-07
South Sudan,2025-07-01,Panyijiar,percent_area_flooded,10.63439282,Unknown,2025,7,Jul,2025-07,2025-07
South Sudan,2025-07-01,Luakpiny/Nasir,percent_area_flooded,1.071844113,Unknown,2025,7,Jul,2025-07,2025-07
South Sudan,2025-07-01,Longochuk,percent_area_flooded,0.036239521,Unknown,2025,7,Jul,2025-07,2025-07
South Sudan,2025-07-01,Aweil Centre,percent_area_flooded,0.04000096,Unknown,2025,7,Jul,2025-07,2025-07
South Sudan,2025-07-01,Fashoda,percent_area_flooded,0.178602353,Unknown,2025,7,Jul,2025-07,2025-07
South Sudan,2025-07-01,Rubkona,percent_area_flooded,34.96963825,Unknown,2025,7,Jul,2025-07,2025-07
South Sudan,2025-07-01,Pariang,percent_area_flooded,2.458434317,Unknown,2025,7,Jul,2025-07,2025-07
South Sudan,2025-07-01,Panyijiar,percent_area_flooded,10.63439282,Unknown,2025,7,Jul,2025-07,2025-07
South Sudan,2025-07-01,Mayom,percent_area_flooded,4.625262462,Unknown,2025,7,Jul,2025-07,2025-07
South Sudan,2025-07-01,Mayendit,percent_area_flooded,26.79093734,Unknown,2025,7,Jul,2025-07,2025-07
South Sudan,2025-07-01,Leer,percent_area_flooded,7.003220915,Unknown,2025,7,Jul,2025-07,2025-07
South Sudan,2025-07-01,Koch,percent_area_flooded,2.229870855,Unknown,2025,7,Jul,2025-07,2025-07
South Sudan,2025-07-01,Guit,percent_area_flooded,14.3864417,Unknown,2025,7,Jul,2025-07,2025-07
South Sudan,2025-07-01,Abiemnhom,percent_area_flooded,0.022616984,Unknown,2025,7,Jul,2025-07,2025-07
South Sudan,2025-07-01,Aweil West,percent_area_flooded,0.041051324,Unknown,2025,7,Jul,2025-07,2025-07
South Sudan,2025-07-01,Aweil South,percent_area_flooded,0.043133062,Unknown,2025,7,Jul,2025-07,2025-07
South Sudan,2025-07-01,Aweil North,percent_area_flooded,0.115576182,Unknown,2025,7,Jul,2025-07,2025-07
South Sudan,2025-07-01,Baliet,percent_area_flooded,0.058755605,Unknown,2025,7,Jul,2025-07,2025-07
South Sudan,2025-07-01,Maban,percent_area_flooded,0.086276777,Unknown,2025,7,Jul,2025-07,2025-07
South Sudan,2025-07-01,Tonj South,percent_area_flooded,0.070404797,Unknown,2025,7,Jul,2025-07,2025-07
South Sudan,2025-07-01,Leer,percent_area_flooded,7.003220915,Unknown,2025,7,Jul,2025-07,2025-07
South Sudan,2025-07-01,Ulang,percent_area_flooded,1.1311564,Unknown,2025,7,Jul,2025-07,2025-07
South Sudan,2025-07-01,Renk,percent_area_flooded,0.226092439,Unknown,2025,7,Jul,2025-07,2025-07
South Sudan,2025-07-01,Panyikang,percent_area_flooded,2.581432576,Unknown,2025,7,Jul,2025-07,2025-07
South Sudan,2025-07-01,Melut,percent_area_flooded,0.422993614,Unknown,2025,7,Jul,2025-07,2025-07
South Sudan,2025-07-01,Manyo,percent_area_flooded,1.44562889,Unknown,2025,7,Jul,2025-07,2025-07
South Sudan,2025-07-01,Malakal,percent_area_flooded,1.19034311,Unknown,2025,7,Jul,2025-07,2025-07
South Sudan,2025-07-01,Maiwut,percent_area_flooded,0.125539309,Unknown,2025,7,Jul,2025-07,2025-07
South Sudan,2025-07-01,Maban,percent_area_flooded,0.086276777,Unknown,2025,7,Jul,2025-07,2025-07
South Sudan,2025-07-01,Luakpiny/Nasir,percent_area_flooded,1.071844113,Unknown,2025,7,Jul,2025-07,2025-07
South Sudan,2025-07-01,Longochuk,percent_area_flooded,0.036239521,Unknown,2025,7,Jul,2025-07,2025-07
South Sudan,2025-07-01,Fashoda,percent_area_flooded,0.178602353,Unknown,2025,7,Jul,2025-07,2025-07
South Sudan,2025-07-01,Baliet,percent_area_flooded,0.058755605,Unknown,2025,7,Jul,2025-07,2025-07
South Sudan,2025-07-01,Rubkona,percent_area_flooded,34.96963825,Unknown,2025,7,Jul,2025-07,2025-07
South Sudan,2025-07-01,Pariang,percent_area_flooded,2.458434317,Unknown,2025,7,Jul,2025-07,2025-07
South Sudan,2025-07-01,Panyijiar,percent_area_flooded,10.63439282,Unknown,2025,7,Jul,2025-07,2025-07
South Sudan,2025-07-01,Gogrial East,percent_area_flooded,0.563853328,Unknown,2025,7,Jul,2025-07,2025-07
South Sudan,2025-07-01,Gogrial West,percent_area_flooded,0.096829637,Unknown,2025,7,Jul,2025-07,2025-07
South Sudan,2025-07-01,Tonj East,percent_area_flooded,0.243811029,Unknown,2025,7,Jul,2025-07,2025-07
South Sudan,2025-07-01,Tonj North,percent_area_flooded,2.627349168,Unknown,2025,7,Jul,2025-07,2025-07
South Sudan,2025-07-01,Lainya,percent_area_flooded,0.038819516,Unknown,2025,7,Jul,2025-07,2025-07
South Sudan,2025-07-01,Juba,percent_area_flooded,0.132063898,Unknown,2025,7,Jul,2025-07,2025-07
South Sudan,2025-07-01,Yambio,percent_area_flooded,0.038294872,Unknown,2025,7,Jul,2025-07,2025-07
South Sudan,2025-07-01,Tambura,percent_area_flooded,0.02245078,Unknown,2025,7,Jul,2025-07,2025-07
South Sudan,2025-07-01,Nzara,percent_area_flooded,0.043145306,Unknown,2025,7,Jul,2025-07,2025-07
South Sudan,2025-07-01,Nagero,percent_area_flooded,0.079013025,Unknown,2025,7,Jul,2025-07,2025-07
South Sudan,2025-07-01,Mvolo,percent_area_flooded,0.219028498,Unknown,2025,7,Jul,2025-07,2025-07
South Sudan,2025-07-01,Mayom,percent_area_flooded,4.625262462,Unknown,2025,7,Jul,2025-07,2025-07
South Sudan,2025-07-01,Mundri West,percent_area_flooded,0.012974651,Unknown,2025,7,Jul,2025-07,2025-07
South Sudan,2025-07-01,Ibba,percent_area_flooded,0.066942281,Unknown,2025,7,Jul,2025-07,2025-07
South Sudan,2025-07-01,Ezo,percent_area_flooded,0.100097761,Unknown,2025,7,Jul,2025-07,2025-07
South Sudan,2025-07-01,Wau,percent_area_flooded,0.050404018,Unknown,2025,7,Jul,2025-07,2025-07
South Sudan,2025-07-01,Raja,percent_area_flooded,0.021899931,Unknown,2025,7,Jul,2025-07,2025-07
South Sudan,2025-07-01,Jur River,percent_area_flooded,0.023144912,Unknown,2025,7,Jul,2025-07,2025-07
South Sudan,2025-07-01,Twic,percent_area_flooded,0.841146735,Unknown,2025,7,Jul,2025-07,2025-07
South Sudan,2025-07-01,Tonj South,percent_area_flooded,0.070404797,Unknown,2025,7,Jul,2025-07,2025-07
South Sudan,2025-07-01,Maridi,percent_area_flooded,0.014557854,Unknown,2025,7,Jul,2025-07,2025-07
South Sudan,2025-07-01,Terekeka,percent_area_flooded,0.427606974,Unknown,2025,7,Jul,2025-07,2025-07
South Sudan,2025-07-01,Mayendit,percent_area_flooded,26.79093734,Unknown,2025,7,Jul,2025-07,2025-07
South Sudan,2025-07-01,Koch,percent_area_flooded,2.229870855,Unknown,2025,7,Jul,2025-07,2025-07
South Sudan,2025-07-01,Fangak,percent_area_flooded,15.3779924,Unknown,2025,7,Jul,2025-07,2025-07
South Sudan,2025-07-01,Duk,percent_area_flooded,11.25162078,Unknown,2025,7,Jul,2025-07,2025-07
South Sudan,2025-07-01,Canal/Pigi,percent_area_flooded,0.914743558,Unknown,2025,7,Jul,2025-07,2025-07
South Sudan,2025-07-01,Bor South,percent_area_flooded,2.384073927,Unknown,2025,7,Jul,2025-07,2025-07
South Sudan,2025-07-01,Ayod,percent_area_flooded,12.6862725,Unknown,2025,7,Jul,2025-07,2025-07
South Sudan,2025-07-01,Akobo,percent_area_flooded,0.177527715,Unknown,2025,7,Jul,2025-07,2025-07
South Sudan,2025-07-01,Torit,percent_area_flooded,0.036306841,Unknown,2025,7,Jul,2025-07,2025-07
South Sudan,2025-07-01,Magwi,percent_area_flooded,0.06785762,Unknown,2025,7,Jul,2025-07,2025-07
South Sudan,2025-07-01,Lafon,percent_area_flooded,0.007593697,Unknown,2025,7,Jul,2025-07,2025-07
South Sudan,2025-07-01,Kapoeta East,percent_area_flooded,0.262022086,Unknown,2025,7,Jul,2025-07,2025-07
South Sudan,2025-07-01,Budi,percent_area_flooded,0.002783454,Unknown,2025,7,Jul,2025-07,2025-07
South Sudan,2025-07-01,Yei,percent_area_flooded,0.029664918,Unknown,2025,7,Jul,2025-07,2025-07
South Sudan,2025-07-01,Terekeka,percent_area_flooded,0.427606974,Unknown,2025,7,Jul,2025-07,2025-07
South Sudan,2025-07-01,Lainya,percent_area_flooded,0.038819516,Unknown,2025,7,Jul,2025-07,2025-07
South Sudan,2025-07-01,Juba,percent_area_flooded,0.132063898,Unknown,2025,7,Jul,2025-07,2025-07
South Sudan,2025-07-01,Nyirol,percent_area_flooded,0.009446111,Unknown,2025,7,Jul,2025-07,2025-07
South Sudan,2025-07-01,Pibor,percent_area_flooded,0.018551238,Unknown,2025,7,Jul,2025-07,2025-07
South Sudan,2025-07-01,Pochalla,percent_area_flooded,0.166718024,Unknown,2025,7,Jul,2025-07,2025-07
South Sudan,2025-07-01,Twic East,percent_area_flooded,7.655654953,Unknown,2025,7,Jul,2025-07,2025-07
South Sudan,2025-07-01,Guit,percent_area_flooded,14.3864417,Unknown,2025,7,Jul,2025-07,2025-07
South Sudan,2025-07-01,Abiemnhom,percent_area_flooded,0.022616984,Unknown,2025,7,Jul,2025-07,2025-07
South Sudan,2025-07-01,Aweil West,percent_area_flooded,0.041051324,Unknown,2025,7,Jul,2025-07,2025-07
South Sudan,2025-07-01,Aweil South,percent_area_flooded,0.043133062,Unknown,2025,7,Jul,2025-07,2025-07
South Sudan,2025-07-01,Aweil North,percent_area_flooded,0.115576182,Unknown,2025,7,Jul,2025-07,2025-07
South Sudan,2025-07-01,Aweil East,percent_area_flooded,0.10759925,Unknown,2025,7,Jul,2025-07,2025-07
South Sudan,2025-07-01,Aweil Centre,percent_area_flooded,0.04000096,Unknown,2025,7,Jul,2025-07,2025-07
South Sudan,2025-07-01,Leer,percent_area_flooded,7.003220915,Unknown,2025,7,Jul,2025-07,2025-07
South Sudan,2025-07-01,Yirol West,percent_area_flooded,0.306953588,Unknown,2025,7,Jul,2025-07,2025-07
South Sudan,2025-07-01,Wulu,percent_area_flooded,0.099754715,Unknown,2025,7,Jul,2025-07,2025-07
South Sudan,2025-07-01,Rumbek North,percent_area_flooded,0.024722217,Unknown,2025,7,Jul,2025-07,2025-07
South Sudan,2025-07-01,Rumbek East,percent_area_flooded,2.973038733,Unknown,2025,7,Jul,2025-07,2025-07
South Sudan,2025-07-01,Rumbek Centre,percent_area_flooded,0.086473127,Unknown,2025,7,Jul,2025-07,2025-07
South Sudan,2025-07-01,Cueibet,percent_area_flooded,0.008511002,Unknown,2025,7,Jul,2025-07,2025-07
South Sudan,2025-07-01,Awerial,percent_area_flooded,2.516781215,Unknown,2025,7,Jul,2025-07,2025-07
South Sudan,2025-07-01,Uror,percent_area_flooded,0.45190958,Unknown,2025,7,Jul,2025-07,2025-07
South Sudan,2025-07-01,Yirol East,percent_area_flooded,4.904499489,Unknown,2025,7,Jul,2025-07,2025-07
South Sudan,2025-07-01,Mayendit,percent_area_flooded,26.79093734,Unknown,2025,7,Jul,2025-07,2025-07
South Sudan,2025-07-01,Mayom,percent_area_flooded,4.625262462,Unknown,2025,7,Jul,2025-07,2025-07
South Sudan,2025-07-01,Ayod,percent_area_flooded,12.6862725,Unknown,2025,7,Jul,2025-07,2025-07
South Sudan,2025-07-01,Yei,percent_area_flooded,0.029664918,Unknown,2025,7,Jul,2025-07,2025-07
South Sudan,2025-07-01,Budi,percent_area_flooded,0.002783454,Unknown,2025,7,Jul,2025-07,2025-07
South Sudan,2025-07-01,Kapoeta East,percent_area_flooded,0.262022086,Unknown,2025,7,Jul,2025-07,2025-07
South Sudan,2025-07-01,Lafon,percent_area_flooded,0.007593697,Unknown,2025,7,Jul,2025-07,2025-07
South Sudan,2025-07-01,Magwi,percent_area_flooded,0.06785762,Unknown,2025,7,Jul,2025-07,2025-07
South Sudan,2025-07-01,Torit,percent_area_flooded,0.036306841,Unknown,2025,7,Jul,2025-07,2025-07
South Sudan,2025-07-01,Akobo,percent_area_flooded,0.177527715,Unknown,2025,7,Jul,2025-07,2025-07
South Sudan,2025-07-01,Bor South,percent_area_flooded,2.384073927,Unknown,2025,7,Jul,2025-07,2025-07
South Sudan,2025-07-01,Canal/Pigi,percent_area_flooded,0.914743558,Unknown,2025,7,Jul,2025-07,2025-07
South Sudan,2025-07-01,Duk,percent_area_flooded,11.25162078,Unknown,2025,7,Jul,2025-07,2025-07
South Sudan,2025-07-01,Fangak,percent_area_flooded,15.3779924,Unknown,2025,7,Jul,2025-07,2025-07
South Sudan,2025-07-01,Nyirol,percent_area_flooded,0.009446111,Unknown,2025,7,Jul,2025-07,2025-07
South Sudan,2025-07-01,Pochalla,percent_area_flooded,0.166718024,Unknown,2025,7,Jul,2025-07,2025-07
South Sudan,2025-07-01,Twic East,percent_area_flooded,7.655654953,Unknown,2025,7,Jul,2025-07,2025-07
South Sudan,2025-07-01,Uror,percent_area_flooded,0.45190958,Unknown,2025,7,Jul,2025-07,2025-07
South Sudan,2025-07-01,Pibor,percent_area_flooded,0.018551238,Unknown,2025,7,Jul,2025-07,2025-07
South Sudan,2025-07-01,Cueibet,percent_area_flooded,0.008511002,Unknown,2025,7,Jul,2025-07,2025-07
South Sudan,2025-07-01,Koch,percent_area_flooded,2.229870855,Unknown,2025,7,Jul,2025-07,2025-07
South Sudan,2025-07-01,Guit,percent_area_flooded,14.3864417,Unknown,2025,7,Jul,2025-07,2025-07
South Sudan,2025-07-01,Abiemnhom,percent_area_flooded,0.022616984,Unknown,2025,7,Jul,2025-07,2025-07
South Sudan,2025-07-01,Aweil West,percent_area_flooded,0.041051324,Unknown,2025,7,Jul,2025-07,2025-07
South Sudan,2025-07-01,Awerial,percent_area_flooded,2.516781215,Unknown,2025,7,Jul,2025-07,2025-07
South Sudan,2025-07-01,Aweil North,percent_area_flooded,0.115576182,Unknown,2025,7,Jul,2025-07,2025-07
South Sudan,2025-07-01,Aweil East,percent_area_flooded,0.10759925,Unknown,2025,7,Jul,2025-07,2025-07
South Sudan,2025-07-01,Aweil South,percent_area_flooded,0.043133062,Unknown,2025,7,Jul,2025-07,2025-07
South Sudan,2025-07-01,Yirol West,percent_area_flooded,0.306953588,Unknown,2025,7,Jul,2025-07,2025-07
South Sudan,2025-07-01,Yirol East,percent_area_flooded,4.904499489,Unknown,2025,7,Jul,2025-07,2025-07
South Sudan,2025-07-01,Wulu,percent_area_flooded,0.099754715,Unknown,2025,7,Jul,2025-07,2025-07
South Sudan,2025-07-01,Rumbek North,percent_area_flooded,0.024722217,Unknown,2025,7,Jul,2025-07,2025-07
South Sudan,2025-07-01,Rumbek East,percent_area_flooded,2.973038733,Unknown,2025,7,Jul,2025-07,2025-07
South Sudan,2025-07-01,Rumbek Centre,percent_area_flooded,0.086473127,Unknown,2025,7,Jul,2025-07,2025-07
South Sudan,2025-07-01,Aweil Centre,percent_area_flooded,0.04000096,Unknown,2025,7,Jul,2025-07,2025-07
South Sudan,2025-07-16,Fangak,percent_area_flooded,26.46928098,Unknown,2025,7,Jul,2025-07,2025-07
South Sudan,2025-07-16,Magwi,percent_area_flooded,0.218141163,Unknown,2025,7,Jul,2025-07,2025-07
South Sudan,2025-07-16,Duk,percent_area_flooded,18.9072433,Unknown,2025,7,Jul,2025-07,2025-07
South Sudan,2025-07-16,Canal/Pigi,percent_area_flooded,2.471443446,Unknown,2025,7,Jul,2025-07,2025-07
South Sudan,2025-07-16,Bor South,percent_area_flooded,3.016470131,Unknown,2025,7,Jul,2025-07,2025-07
South Sudan,2025-07-16,Ayod,percent_area_flooded,17.72606866,Unknown,2025,7,Jul,2025-07,2025-07
South Sudan,2025-07-16,Akobo,percent_area_flooded,1.820270109,Unknown,2025,7,Jul,2025-07,2025-07
South Sudan,2025-07-16,Torit,percent_area_flooded,0.205909222,Unknown,2025,7,Jul,2025-07,2025-07
South Sudan,2025-07-16,Lafon,percent_area_flooded,0.150663455,Unknown,2025,7,Jul,2025-07,2025-07
South Sudan,2025-07-16,Baliet,percent_area_flooded,0.954191023,Unknown,2025,7,Jul,2025-07,2025-07
South Sudan,2025-07-16,Kapoeta East,percent_area_flooded,0.330713555,Unknown,2025,7,Jul,2025-07,2025-07
South Sudan,2025-07-16,Ikotos,percent_area_flooded,0.061589806,Unknown,2025,7,Jul,2025-07,2025-07
South Sudan,2025-07-16,Budi,percent_area_flooded,0.031661794,Unknown,2025,7,Jul,2025-07,2025-07
South Sudan,2025-07-16,Yei,percent_area_flooded,0.165592226,Unknown,2025,7,Jul,2025-07,2025-07
South Sudan,2025-07-16,Terekeka,percent_area_flooded,1.751532541,Unknown,2025,7,Jul,2025-07,2025-07
South Sudan,2025-07-16,Lainya,percent_area_flooded,0.077072325,Unknown,2025,7,Jul,2025-07,2025-07
South Sudan,2025-07-16,Juba,percent_area_flooded,0.631157623,Unknown,2025,7,Jul,2025-07,2025-07
South Sudan,2025-07-16,Nyirol,percent_area_flooded,0.672330065,Unknown,2025,7,Jul,2025-07,2025-07
South Sudan,2025-07-16,Kapoeta North,percent_area_flooded,0.460717055,Unknown,2025,7,Jul,2025-07,2025-07
South Sudan,2025-07-16,Pibor,percent_area_flooded,0.207618528,Unknown,2025,7,Jul,2025-07,2025-07
South Sudan,2025-07-16,Pochalla,percent_area_flooded,3.086353482,Unknown,2025,7,Jul,2025-07,2025-07
South Sudan,2025-07-16,Twic East,percent_area_flooded,13.9399869,Unknown,2025,7,Jul,2025-07,2025-07
South Sudan,2025-07-16,Maridi,percent_area_flooded,0.244391581,Unknown,2025,7,Jul,2025-07,2025-07
South Sudan,2025-07-16,Ibba,percent_area_flooded,0.221733433,Unknown,2025,7,Jul,2025-07,2025-07
South Sudan,2025-07-16,Ezo,percent_area_flooded,0.452706521,Unknown,2025,7,Jul,2025-07,2025-07
South Sudan,2025-07-16,Wau,percent_area_flooded,0.312164614,Unknown,2025,7,Jul,2025-07,2025-07
South Sudan,2025-07-16,Raja,percent_area_flooded,0.305419315,Unknown,2025,7,Jul,2025-07,2025-07
South Sudan,2025-07-16,Jur River,percent_area_flooded,0.1860457,Unknown,2025,7,Jul,2025-07,2025-07
South Sudan,2025-07-16,Twic,percent_area_flooded,2.676374052,Unknown,2025,7,Jul,2025-07,2025-07
South Sudan,2025-07-16,Tonj South,percent_area_flooded,0.819258526,Unknown,2025,7,Jul,2025-07,2025-07
South Sudan,2025-07-16,Tonj North,percent_area_flooded,11.53557322,Unknown,2025,7,Jul,2025-07,2025-07
South Sudan,2025-07-16,Pariang,percent_area_flooded,16.27596461,Unknown,2025,7,Jul,2025-07,2025-07
South Sudan,2025-07-16,Gogrial West,percent_area_flooded,0.784768362,Unknown,2025,7,Jul,2025-07,2025-07
South Sudan,2025-07-16,Gogrial East,percent_area_flooded,1.643427185,Unknown,2025,7,Jul,2025-07,2025-07
South Sudan,2025-07-16,Ulang,percent_area_flooded,3.384322382,Unknown,2025,7,Jul,2025-07,2025-07
South Sudan,2025-07-16,Renk,percent_area_flooded,0.974359897,Unknown,2025,7,Jul,2025-07,2025-07
South Sudan,2025-07-16,Panyikang,percent_area_flooded,4.580709716,Unknown,2025,7,Jul,2025-07,2025-07
South Sudan,2025-07-16,Melut,percent_area_flooded,2.718366031,Unknown,2025,7,Jul,2025-07,2025-07
South Sudan,2025-07-16,Manyo,percent_area_flooded,3.841968277,Unknown,2025,7,Jul,2025-07,2025-07
South Sudan,2025-07-16,Malakal,percent_area_flooded,6.628017358,Unknown,2025,7,Jul,2025-07,2025-07
South Sudan,2025-07-16,Maiwut,percent_area_flooded,1.452482551,Unknown,2025,7,Jul,2025-07,2025-07
South Sudan,2025-07-16,Maban,percent_area_flooded,0.430969889,Unknown,2025,7,Jul,2025-07,2025-07
South Sudan,2025-07-16,Luakpiny/Nasir,percent_area_flooded,3.027140732,Unknown,2025,7,Jul,2025-07,2025-07
South Sudan,2025-07-16,Longochuk,percent_area_flooded,0.386743639,Unknown,2025,7,Jul,2025-07,2025-07
South Sudan,2025-07-16,Fashoda,percent_area_flooded,2.185138383,Unknown,2025,7,Jul,2025-07,2025-07
South Sudan,2025-07-16,Mundri East,percent_area_flooded,0.155222918,Unknown,2025,7,Jul,2025-07,2025-07
South Sudan,2025-07-16,Mundri West,percent_area_flooded,0.262134414,Unknown,2025,7,Jul,2025-07,2025-07
South Sudan,2025-07-16,Mvolo,percent_area_flooded,0.189852028,Unknown,2025,7,Jul,2025-07,2025-07
South Sudan,2025-07-16,Nagero,percent_area_flooded,0.380294469,Unknown,2025,7,Jul,2025-07,2025-07
South Sudan,2025-07-16,Uror,percent_area_flooded,2.785373538,Unknown,2025,7,Jul,2025-07,2025-07
South Sudan,2025-07-16,Awerial,percent_area_flooded,8.949654082,Unknown,2025,7,Jul,2025-07,2025-07
South Sudan,2025-07-16,Cueibet,percent_area_flooded,0.603343769,Unknown,2025,7,Jul,2025-07,2025-07
South Sudan,2025-07-16,Rumbek Centre,percent_area_flooded,0.312021727,Unknown,2025,7,Jul,2025-07,2025-07
South Sudan,2025-07-16,Rumbek East,percent_area_flooded,9.471062252,Unknown,2025,7,Jul,2025-07,2025-07
South Sudan,2025-07-16,Rumbek North,percent_area_flooded,0.192497264,Unknown,2025,7,Jul,2025-07,2025-07
South Sudan,2025-07-16,Wulu,percent_area_flooded,0.403522834,Unknown,2025,7,Jul,2025-07,2025-07
South Sudan,2025-07-16,Yirol East,percent_area_flooded,13.32043849,Unknown,2025,7,Jul,2025-07,2025-07
South Sudan,2025-07-16,Yirol West,percent_area_flooded,1.033340666,Unknown,2025,7,Jul,2025-07,2025-07
South Sudan,2025-07-16,Aweil Centre,percent_area_flooded,0.203000464,Unknown,2025,7,Jul,2025-07,2025-07
South Sudan,2025-07-16,Aweil East,percent_area_flooded,0.529209494,Unknown,2025,7,Jul,2025-07,2025-07
South Sudan,2025-07-16,Rubkona,percent_area_flooded,43.76618699,Unknown,2025,7,Jul,2025-07,2025-07
South Sudan,2025-07-16,Aweil North,percent_area_flooded,1.685080707,Unknown,2025,7,Jul,2025-07,2025-07
South Sudan,2025-07-16,Aweil West,percent_area_flooded,0.793955347,Unknown,2025,7,Jul,2025-07,2025-07
South Sudan,2025-07-16,Abiemnhom,percent_area_flooded,0.101725687,Unknown,2025,7,Jul,2025-07,2025-07
South Sudan,2025-07-16,Guit,percent_area_flooded,25.45974381,Unknown,2025,7,Jul,2025-07,2025-07
South Sudan,2025-07-16,Koch,percent_area_flooded,8.014261773,Unknown,2025,7,Jul,2025-07,2025-07
South Sudan,2025-07-16,Leer,percent_area_flooded,18.75443997,Unknown,2025,7,Jul,2025-07,2025-07
South Sudan,2025-07-16,Mayendit,percent_area_flooded,49.97061352,Unknown,2025,7,Jul,2025-07,2025-07
South Sudan,2025-07-16,Mayom,percent_area_flooded,12.23981431,Unknown,2025,7,Jul,2025-07,2025-07
South Sudan,2025-07-16,Panyijiar,percent_area_flooded,19.05837767,Unknown,2025,7,Jul,2025-07,2025-07
South Sudan,2025-07-16,Yambio,percent_area_flooded,0.371009727,Unknown,2025,7,Jul,2025-07,2025-07
South Sudan,2025-07-16,Tambura,percent_area_flooded,0.338110338,Unknown,2025,7,Jul,2025-07,2025-07
South Sudan,2025-07-16,Nzara,percent_area_flooded,0.720112053,Unknown,2025,7,Jul,2025-07,2025-07
South Sudan,2025-07-16,Aweil South,percent_area_flooded,0.391755281,Unknown,2025,7,Jul,2025-07,2025-07
South Sudan,2025-07-16,Tonj East,percent_area_flooded,1.070660016,Unknown,2025,7,Jul,2025-07,2025-07
South Sudan,2025-07-16,Mundri East,percent_area_flooded,0.155222918,Unknown,2025,7,Jul,2025-07,2025-07
South Sudan,2025-07-16,Nzara,percent_area_flooded,0.720112053,Unknown,2025,7,Jul,2025-07,2025-07
South Sudan,2025-07-16,Kapoeta East,percent_area_flooded,0.330713555,Unknown,2025,7,Jul,2025-07,2025-07
South Sudan,2025-07-16,Ikotos,percent_area_flooded,0.061589806,Unknown,2025,7,Jul,2025-07,2025-07
South Sudan,2025-07-16,Budi,percent_area_flooded,0.031661794,Unknown,2025,7,Jul,2025-07,2025-07
South Sudan,2025-07-16,Yei,percent_area_flooded,0.165592226,Unknown,2025,7,Jul,2025-07,2025-07
South Sudan,2025-07-16,Terekeka,percent_area_flooded,1.751532541,Unknown,2025,7,Jul,2025-07,2025-07
South Sudan,2025-07-16,Lainya,percent_area_flooded,0.077072325,Unknown,2025,7,Jul,2025-07,2025-07
South Sudan,2025-07-16,Juba,percent_area_flooded,0.631157623,Unknown,2025,7,Jul,2025-07,2025-07
South Sudan,2025-07-16,Juba,percent_area_flooded,0.631157623,Unknown,2025,7,Jul,2025-07,2025-07
South Sudan,2025-07-16,Lainya,percent_area_flooded,0.077072325,Unknown,2025,7,Jul,2025-07,2025-07
South Sudan,2025-07-16,Terekeka,percent_area_flooded,1.751532541,Unknown,2025,7,Jul,2025-07,2025-07
South Sudan,2025-07-16,Yei,percent_area_flooded,0.165592226,Unknown,2025,7,Jul,2025-07,2025-07
South Sudan,2025-07-16,Kapoeta North,percent_area_flooded,0.460717055,Unknown,2025,7,Jul,2025-07,2025-07
South Sudan,2025-07-16,Budi,percent_area_flooded,0.031661794,Unknown,2025,7,Jul,2025-07,2025-07
South Sudan,2025-07-16,Kapoeta East,percent_area_flooded,0.330713555,Unknown,2025,7,Jul,2025-07,2025-07
South Sudan,2025-07-16,Kapoeta North,percent_area_flooded,0.460717055,Unknown,2025,7,Jul,2025-07,2025-07
South Sudan,2025-07-16,Lafon,percent_area_flooded,0.150663455,Unknown,2025,7,Jul,2025-07,2025-07
South Sudan,2025-07-16,Magwi,percent_area_flooded,0.218141163,Unknown,2025,7,Jul,2025-07,2025-07
South Sudan,2025-07-16,Torit,percent_area_flooded,0.205909222,Unknown,2025,7,Jul,2025-07,2025-07
South Sudan,2025-07-16,Akobo,percent_area_flooded,1.820270109,Unknown,2025,7,Jul,2025-07,2025-07
South Sudan,2025-07-16,Ayod,percent_area_flooded,17.72606866,Unknown,2025,7,Jul,2025-07,2025-07
South Sudan,2025-07-16,Bor South,percent_area_flooded,3.016470131,Unknown,2025,7,Jul,2025-07,2025-07
South Sudan,2025-07-16,Canal/Pigi,percent_area_flooded,2.471443446,Unknown,2025,7,Jul,2025-07,2025-07
South Sudan,2025-07-16,Duk,percent_area_flooded,18.9072433,Unknown,2025,7,Jul,2025-07,2025-07
South Sudan,2025-07-16,Fangak,percent_area_flooded,26.46928098,Unknown,2025,7,Jul,2025-07,2025-07
South Sudan,2025-07-16,Ikotos,percent_area_flooded,0.061589806,Unknown,2025,7,Jul,2025-07,2025-07
South Sudan,2025-07-16,Nyirol,percent_area_flooded,0.672330065,Unknown,2025,7,Jul,2025-07,2025-07
South Sudan,2025-07-16,Lafon,percent_area_flooded,0.150663455,Unknown,2025,7,Jul,2025-07,2025-07
South Sudan,2025-07-16,Torit,percent_area_flooded,0.205909222,Unknown,2025,7,Jul,2025-07,2025-07
South Sudan,2025-07-16,Abiemnhom,percent_area_flooded,0.101725687,Unknown,2025,7,Jul,2025-07,2025-07
South Sudan,2025-07-16,Aweil West,percent_area_flooded,0.793955347,Unknown,2025,7,Jul,2025-07,2025-07
South Sudan,2025-07-16,Aweil South,percent_area_flooded,0.391755281,Unknown,2025,7,Jul,2025-07,2025-07
South Sudan,2025-07-16,Aweil North,percent_area_flooded,1.685080707,Unknown,2025,7,Jul,2025-07,2025-07
South Sudan,2025-07-16,Aweil East,percent_area_flooded,0.529209494,Unknown,2025,7,Jul,2025-07,2025-07
South Sudan,2025-07-16,Aweil Centre,percent_area_flooded,0.203000464,Unknown,2025,7,Jul,2025-07,2025-07
South Sudan,2025-07-16,Yirol West,percent_area_flooded,1.033340666,Unknown,2025,7,Jul,2025-07,2025-07
South Sudan,2025-07-16,Yirol East,percent_area_flooded,13.32043849,Unknown,2025,7,Jul,2025-07,2025-07
South Sudan,2025-07-16,Wulu,percent_area_flooded,0.403522834,Unknown,2025,7,Jul,2025-07,2025-07
South Sudan,2025-07-16,Rumbek North,percent_area_flooded,0.192497264,Unknown,2025,7,Jul,2025-07,2025-07
South Sudan,2025-07-16,Rumbek East,percent_area_flooded,9.471062252,Unknown,2025,7,Jul,2025-07,2025-07
South Sudan,2025-07-16,Magwi,percent_area_flooded,0.218141163,Unknown,2025,7,Jul,2025-07,2025-07
South Sudan,2025-07-16,Rumbek Centre,percent_area_flooded,0.312021727,Unknown,2025,7,Jul,2025-07,2025-07
South Sudan,2025-07-16,Awerial,percent_area_flooded,8.949654082,Unknown,2025,7,Jul,2025-07,2025-07
South Sudan,2025-07-16,Uror,percent_area_flooded,2.785373538,Unknown,2025,7,Jul,2025-07,2025-07
South Sudan,2025-07-16,Twic East,percent_area_flooded,13.9399869,Unknown,2025,7,Jul,2025-07,2025-07
South Sudan,2025-07-16,Pochalla,percent_area_flooded,3.086353482,Unknown,2025,7,Jul,2025-07,2025-07
South Sudan,2025-07-16,Nyirol,percent_area_flooded,0.672330065,Unknown,2025,7,Jul,2025-07,2025-07
South Sudan,2025-07-16,Fangak,percent_area_flooded,26.46928098,Unknown,2025,7,Jul,2025-07,2025-07
South Sudan,2025-07-16,Duk,percent_area_flooded,18.9072433,Unknown,2025,7,Jul,2025-07,2025-07
South Sudan,2025-07-16,Canal/Pigi,percent_area_flooded,2.471443446,Unknown,2025,7,Jul,2025-07,2025-07
South Sudan,2025-07-16,Bor South,percent_area_flooded,3.016470131,Unknown,2025,7,Jul,2025-07,2025-07
South Sudan,2025-07-16,Ayod,percent_area_flooded,17.72606866,Unknown,2025,7,Jul,2025-07,2025-07
South Sudan,2025-07-16,Akobo,percent_area_flooded,1.820270109,Unknown,2025,7,Jul,2025-07,2025-07
South Sudan,2025-07-16,Cueibet,percent_area_flooded,0.603343769,Unknown,2025,7,Jul,2025-07,2025-07
South Sudan,2025-07-16,Pibor,percent_area_flooded,0.207618528,Unknown,2025,7,Jul,2025-07,2025-07
South Sudan,2025-07-16,Pochalla,percent_area_flooded,3.086353482,Unknown,2025,7,Jul,2025-07,2025-07
South Sudan,2025-07-16,Twic East,percent_area_flooded,13.9399869,Unknown,2025,7,Jul,2025-07,2025-07
South Sudan,2025-07-16,Malakal,percent_area_flooded,6.628017358,Unknown,2025,7,Jul,2025-07,2025-07
South Sudan,2025-07-16,Manyo,percent_area_flooded,3.841968277,Unknown,2025,7,Jul,2025-07,2025-07
South Sudan,2025-07-16,Melut,percent_area_flooded,2.718366031,Unknown,2025,7,Jul,2025-07,2025-07
South Sudan,2025-07-16,Panyikang,percent_area_flooded,4.580709716,Unknown,2025,7,Jul,2025-07,2025-07
South Sudan,2025-07-16,Renk,percent_area_flooded,0.974359897,Unknown,2025,7,Jul,2025-07,2025-07
South Sudan,2025-07-16,Ulang,percent_area_flooded,3.384322382,Unknown,2025,7,Jul,2025-07,2025-07
South Sudan,2025-07-16,Gogrial East,percent_area_flooded,1.643427185,Unknown,2025,7,Jul,2025-07,2025-07
South Sudan,2025-07-16,Gogrial West,percent_area_flooded,0.784768362,Unknown,2025,7,Jul,2025-07,2025-07
South Sudan,2025-07-16,Tonj East,percent_area_flooded,1.070660016,Unknown,2025,7,Jul,2025-07,2025-07
South Sudan,2025-07-16,Tonj North,percent_area_flooded,11.53557322,Unknown,2025,7,Jul,2025-07,2025-07
South Sudan,2025-07-16,Tonj South,percent_area_flooded,0.819258526,Unknown,2025,7,Jul,2025-07,2025-07
South Sudan,2025-07-16,Maiwut,percent_area_flooded,1.452482551,Unknown,2025,7,Jul,2025-07,2025-07
South Sudan,2025-07-16,Twic,percent_area_flooded,2.676374052,Unknown,2025,7,Jul,2025-07,2025-07
South Sudan,2025-07-16,Raja,percent_area_flooded,0.305419315,Unknown,2025,7,Jul,2025-07,2025-07
South Sudan,2025-07-16,Wau,percent_area_flooded,0.312164614,Unknown,2025,7,Jul,2025-07,2025-07
South Sudan,2025-07-16,Ezo,percent_area_flooded,0.452706521,Unknown,2025,7,Jul,2025-07,2025-07
South Sudan,2025-07-16,Ibba,percent_area_flooded,0.221733433,Unknown,2025,7,Jul,2025-07,2025-07
South Sudan,2025-07-16,Maridi,percent_area_flooded,0.244391581,Unknown,2025,7,Jul,2025-07,2025-07
South Sudan,2025-07-16,Mundri East,percent_area_flooded,0.155222918,Unknown,2025,7,Jul,2025-07,2025-07
South Sudan,2025-07-16,Mundri West,percent_area_flooded,0.262134414,Unknown,2025,7,Jul,2025-07,2025-07
South Sudan,2025-07-16,Mvolo,percent_area_flooded,0.189852028,Unknown,2025,7,Jul,2025-07,2025-07
South Sudan,2025-07-16,Nagero,percent_area_flooded,0.380294469,Unknown,2025,7,Jul,2025-07,2025-07
South Sudan,2025-07-16,Tambura,percent_area_flooded,0.338110338,Unknown,2025,7,Jul,2025-07,2025-07
South Sudan,2025-07-16,Yambio,percent_area_flooded,0.371009727,Unknown,2025,7,Jul,2025-07,2025-07
South Sudan,2025-07-16,Jur River,percent_area_flooded,0.1860457,Unknown,2025,7,Jul,2025-07,2025-07
South Sudan,2025-07-16,Maban,percent_area_flooded,0.430969889,Unknown,2025,7,Jul,2025-07,2025-07
South Sudan,2025-07-16,Luakpiny/Nasir,percent_area_flooded,3.027140732,Unknown,2025,7,Jul,2025-07,2025-07
South Sudan,2025-07-16,Longochuk,percent_area_flooded,0.386743639,Unknown,2025,7,Jul,2025-07,2025-07
South Sudan,2025-07-16,Uror,percent_area_flooded,2.785373538,Unknown,2025,7,Jul,2025-07,2025-07
South Sudan,2025-07-16,Awerial,percent_area_flooded,8.949654082,Unknown,2025,7,Jul,2025-07,2025-07
South Sudan,2025-07-16,Cueibet,percent_area_flooded,0.603343769,Unknown,2025,7,Jul,2025-07,2025-07
South Sudan,2025-07-16,Rumbek Centre,percent_area_flooded,0.312021727,Unknown,2025,7,Jul,2025-07,2025-07
South Sudan,2025-07-16,Rumbek East,percent_area_flooded,9.471062252,Unknown,2025,7,Jul,2025-07,2025-07
South Sudan,2025-07-16,Rumbek North,percent_area_flooded,0.192497264,Unknown,2025,7,Jul,2025-07,2025-07
South Sudan,2025-07-16,Wulu,percent_area_flooded,0.403522834,Unknown,2025,7,Jul,2025-07,2025-07
South Sudan,2025-07-16,Yirol East,percent_area_flooded,13.32043849,Unknown,2025,7,Jul,2025-07,2025-07
South Sudan,2025-07-16,Yirol West,percent_area_flooded,1.033340666,Unknown,2025,7,Jul,2025-07,2025-07
South Sudan,2025-07-16,Aweil Centre,percent_area_flooded,0.203000464,Unknown,2025,7,Jul,2025-07,2025-07
South Sudan,2025-07-16,Aweil East,percent_area_flooded,0.529209494,Unknown,2025,7,Jul,2025-07,2025-07
South Sudan,2025-07-16,Aweil North,percent_area_flooded,1.685080707,Unknown,2025,7,Jul,2025-07,2025-07
South Sudan,2025-07-16,Aweil South,percent_area_flooded,0.391755281,Unknown,2025,7,Jul,2025-07,2025-07
South Sudan,2025-07-16,Aweil West,percent_area_flooded,0.793955347,Unknown,2025,7,Jul,2025-07,2025-07
South Sudan,2025-07-16,Abiemnhom,percent_area_flooded,0.101725687,Unknown,2025,7,Jul,2025-07,2025-07
South Sudan,2025-07-16,Guit,percent_area_flooded,25.45974381,Unknown,2025,7,Jul,2025-07,2025-07
South Sudan,2025-07-16,Koch,percent_area_flooded,8.014261773,Unknown,2025,7,Jul,2025-07,2025-07
South Sudan,2025-07-16,Leer,percent_area_flooded,18.75443997,Unknown,2025,7,Jul,2025-07,2025-07
South Sudan,2025-07-16,Mayendit,percent_area_flooded,49.97061352,Unknown,2025,7,Jul,2025-07,2025-07
South Sudan,2025-07-16,Mayom,percent_area_flooded,12.23981431,Unknown,2025,7,Jul,2025-07,2025-07
South Sudan,2025-07-16,Panyijiar,percent_area_flooded,19.05837767,Unknown,2025,7,Jul,2025-07,2025-07
South Sudan,2025-07-16,Pariang,percent_area_flooded,16.27596461,Unknown,2025,7,Jul,2025-07,2025-07
South Sudan,2025-07-16,Rubkona,percent_area_flooded,43.76618699,Unknown,2025,7,Jul,2025-07,2025-07
South Sudan,2025-07-16,Baliet,percent_area_flooded,0.954191023,Unknown,2025,7,Jul,2025-07,2025-07
South Sudan,2025-07-16,Fashoda,percent_area_flooded,2.185138383,Unknown,2025,7,Jul,2025-07,2025-07
South Sudan,2025-07-16,Guit,percent_area_flooded,25.45974381,Unknown,2025,7,Jul,2025-07,2025-07
South Sudan,2025-07-16,Koch,percent_area_flooded,8.014261773,Unknown,2025,7,Jul,2025-07,2025-07
South Sudan,2025-07-16,Pibor,percent_area_flooded,0.207618528,Unknown,2025,7,Jul,2025-07,2025-07
South Sudan,2025-07-16,Mayendit,percent_area_flooded,49.97061352,Unknown,2025,7,Jul,2025-07,2025-07
South Sudan,2025-07-16,Tonj North,percent_area_flooded,11.53557322,Unknown,2025,7,Jul,2025-07,2025-07
South Sudan,2025-07-16,Tonj South,percent_area_flooded,0.819258526,Unknown,2025,7,Jul,2025-07,2025-07
South Sudan,2025-07-16,Leer,percent_area_flooded,18.75443997,Unknown,2025,7,Jul,2025-07,2025-07
South Sudan,2025-07-16,Jur River,percent_area_flooded,0.1860457,Unknown,2025,7,Jul,2025-07,2025-07
South Sudan,2025-07-16,Raja,percent_area_flooded,0.305419315,Unknown,2025,7,Jul,2025-07,2025-07
South Sudan,2025-07-16,Wau,percent_area_flooded,0.312164614,Unknown,2025,7,Jul,2025-07,2025-07
South Sudan,2025-07-16,Ezo,percent_area_flooded,0.452706521,Unknown,2025,7,Jul,2025-07,2025-07
South Sudan,2025-07-16,Ibba,percent_area_flooded,0.221733433,Unknown,2025,7,Jul,2025-07,2025-07
South Sudan,2025-07-16,Maridi,percent_area_flooded,0.244391581,Unknown,2025,7,Jul,2025-07,2025-07
South Sudan,2025-07-16,Mundri West,percent_area_flooded,0.262134414,Unknown,2025,7,Jul,2025-07,2025-07
South Sudan,2025-07-16,Mvolo,percent_area_flooded,0.189852028,Unknown,2025,7,Jul,2025-07,2025-07
South Sudan,2025-07-16,Nagero,percent_area_flooded,0.380294469,Unknown,2025,7,Jul,2025-07,2025-07
South Sudan,2025-07-16,Nzara,percent_area_flooded,0.720112053,Unknown,2025,7,Jul,2025-07,2025-07
South Sudan,2025-07-16,Tambura,percent_area_flooded,0.338110338,Unknown,2025,7,Jul,2025-07,2025-07
South Sudan,2025-07-16,Yambio,percent_area_flooded,0.371009727,Unknown,2025,7,Jul,2025-07,2025-07
South Sudan,2025-07-16,Tonj East,percent_area_flooded,1.070660016,Unknown,2025,7,Jul,2025-07,2025-07
South Sudan,2025-07-16,Gogrial West,percent_area_flooded,0.784768362,Unknown,2025,7,Jul,2025-07,2025-07
South Sudan,2025-07-16,Twic,percent_area_flooded,2.676374052,Unknown,2025,7,Jul,2025-07,2025-07
South Sudan,2025-07-16,Gogrial East,percent_area_flooded,1.643427185,Unknown,2025,7,Jul,2025-07,2025-07
South Sudan,2025-07-16,Mayom,percent_area_flooded,12.23981431,Unknown,2025,7,Jul,2025-07,2025-07
South Sudan,2025-07-16,Panyijiar,percent_area_flooded,19.05837767,Unknown,2025,7,Jul,2025-07,2025-07
South Sudan,2025-07-16,Pariang,percent_area_flooded,16.27596461,Unknown,2025,7,Jul,2025-07,2025-07
South Sudan,2025-07-16,Rubkona,percent_area_flooded,43.76618699,Unknown,2025,7,Jul,2025-07,2025-07
South Sudan,2025-07-16,Fashoda,percent_area_flooded,2.185138383,Unknown,2025,7,Jul,2025-07,2025-07
South Sudan,2025-07-16,Longochuk,percent_area_flooded,0.386743639,Unknown,2025,7,Jul,2025-07,2025-07
South Sudan,2025-07-16,Luakpiny/Nasir,percent_area_flooded,3.027140732,Unknown,2025,7,Jul,2025-07,2025-07
South Sudan,2025-07-16,Baliet,percent_area_flooded,0.954191023,Unknown,2025,7,Jul,2025-07,2025-07
South Sudan,2025-07-16,Maiwut,percent_area_flooded,1.452482551,Unknown,2025,7,Jul,2025-07,2025-07
South Sudan,2025-07-16,Malakal,percent_area_flooded,6.628017358,Unknown,2025,7,Jul,2025-07,2025-07
South Sudan,2025-07-16,Manyo,percent_area_flooded,3.841968277,Unknown,2025,7,Jul,2025-07,2025-07
South Sudan,2025-07-16,Melut,percent_area_flooded,2.718366031,Unknown,2025,7,Jul,2025-07,2025-07
South Sudan,2025-07-16,Panyikang,percent_area_flooded,4.580709716,Unknown,2025,7,Jul,2025-07,2025-07
South Sudan,2025-07-16,Renk,percent_area_flooded,0.974359897,Unknown,2025,7,Jul,2025-07,2025-07
South Sudan,2025-07-16,Ulang,percent_area_flooded,3.384322382,Unknown,2025,7,Jul,2025-07,2025-07
South Sudan,2025-07-16,Maban,percent_area_flooded,0.430969889,Unknown,2025,7,Jul,2025-07,2025-07
South Sudan,2025-08-01,Kapoeta North,percent_area_flooded,0.526434953,Unknown,2025,8,Aug,2025-08,2025-08
South Sudan,2025-08-01,Kapoeta East,percent_area_flooded,0.301104906,Unknown,2025,8,Aug,2025-08,2025-08
South Sudan,2025-08-01,Ikotos,percent_area_flooded,0.020797767,Unknown,2025,8,Aug,2025-08,2025-08
South Sudan,2025-08-01,Budi,percent_area_flooded,0.0076545,Unknown,2025,8,Aug,2025-08,2025-08
South Sudan,2025-08-01,Morobo,percent_area_flooded,0.048594925,Unknown,2025,8,Aug,2025-08,2025-08
South Sudan,2025-08-01,Maridi,percent_area_flooded,0.14377491,Unknown,2025,8,Aug,2025-08,2025-08
South Sudan,2025-08-01,Terekeka,percent_area_flooded,1.237349419,Unknown,2025,8,Aug,2025-08,2025-08
South Sudan,2025-08-01,Ezo,percent_area_flooded,0.110144293,Unknown,2025,8,Aug,2025-08,2025-08
South Sudan,2025-08-01,Ibba,percent_area_flooded,0.115758652,Unknown,2025,8,Aug,2025-08,2025-08
South Sudan,2025-08-01,Yei,percent_area_flooded,0.102572725,Unknown,2025,8,Aug,2025-08,2025-08
South Sudan,2025-08-01,Lafon,percent_area_flooded,0.216522341,Unknown,2025,8,Aug,2025-08,2025-08
South Sudan,2025-08-01,Twic East,percent_area_flooded,13.5443651,Unknown,2025,8,Aug,2025-08,2025-08
South Sudan,2025-08-01,Torit,percent_area_flooded,0.097840971,Unknown,2025,8,Aug,2025-08,2025-08
South Sudan,2025-08-01,Akobo,percent_area_flooded,1.562833933,Unknown,2025,8,Aug,2025-08,2025-08
South Sudan,2025-08-01,Ayod,percent_area_flooded,15.46973378,Unknown,2025,8,Aug,2025-08,2025-08
South Sudan,2025-08-01,Bor South,percent_area_flooded,2.858598101,Unknown,2025,8,Aug,2025-08,2025-08
South Sudan,2025-08-01,Canal/Pigi,percent_area_flooded,3.708671592,Unknown,2025,8,Aug,2025-08,2025-08
South Sudan,2025-08-01,Duk,percent_area_flooded,15.88387536,Unknown,2025,8,Aug,2025-08,2025-08
South Sudan,2025-08-01,Fangak,percent_area_flooded,25.90671773,Unknown,2025,8,Aug,2025-08,2025-08
South Sudan,2025-08-01,Nyirol,percent_area_flooded,0.505150098,Unknown,2025,8,Aug,2025-08,2025-08
South Sudan,2025-08-01,Pibor,percent_area_flooded,0.324721353,Unknown,2025,8,Aug,2025-08,2025-08
South Sudan,2025-08-01,Pochalla,percent_area_flooded,3.552492865,Unknown,2025,8,Aug,2025-08,2025-08
South Sudan,2025-08-01,Wau,percent_area_flooded,0.261894022,Unknown,2025,8,Aug,2025-08,2025-08
South Sudan,2025-08-01,Uror,percent_area_flooded,1.337749552,Unknown,2025,8,Aug,2025-08,2025-08
South Sudan,2025-08-01,Magwi,percent_area_flooded,0.165618598,Unknown,2025,8,Aug,2025-08,2025-08
South Sudan,2025-08-01,Raja,percent_area_flooded,0.239190481,Unknown,2025,8,Aug,2025-08,2025-08
South Sudan,2025-08-01,Fashoda,percent_area_flooded,0.594887412,Unknown,2025,8,Aug,2025-08,2025-08
South Sudan,2025-08-01,Twic,percent_area_flooded,5.872994633,Unknown,2025,8,Aug,2025-08,2025-08
South Sudan,2025-08-01,Abiemnhom,percent_area_flooded,0.196127125,Unknown,2025,8,Aug,2025-08,2025-08
South Sudan,2025-08-01,Guit,percent_area_flooded,24.30740054,Unknown,2025,8,Aug,2025-08,2025-08
South Sudan,2025-08-01,Koch,percent_area_flooded,13.42056456,Unknown,2025,8,Aug,2025-08,2025-08
South Sudan,2025-08-01,Leer,percent_area_flooded,17.03414156,Unknown,2025,8,Aug,2025-08,2025-08
South Sudan,2025-08-01,Mayendit,percent_area_flooded,54.52557734,Unknown,2025,8,Aug,2025-08,2025-08
South Sudan,2025-08-01,Mayom,percent_area_flooded,13.15440894,Unknown,2025,8,Aug,2025-08,2025-08
South Sudan,2025-08-01,Panyijiar,percent_area_flooded,17.82048832,Unknown,2025,8,Aug,2025-08,2025-08
South Sudan,2025-08-01,Pariang,percent_area_flooded,11.38157572,Unknown,2025,8,Aug,2025-08,2025-08
South Sudan,2025-08-01,Rubkona,percent_area_flooded,40.73879619,Unknown,2025,8,Aug,2025-08,2025-08
South Sudan,2025-08-01,Baliet,percent_area_flooded,0.325506051,Unknown,2025,8,Aug,2025-08,2025-08
South Sudan,2025-08-01,Awerial,percent_area_flooded,8.884002068,Unknown,2025,8,Aug,2025-08,2025-08
South Sudan,2025-08-01,Longochuk,percent_area_flooded,0.30831905,Unknown,2025,8,Aug,2025-08,2025-08
South Sudan,2025-08-01,Jur River,percent_area_flooded,0.267016866,Unknown,2025,8,Aug,2025-08,2025-08
South Sudan,2025-08-01,Luakpiny/Nasir,percent_area_flooded,3.216100355,Unknown,2025,8,Aug,2025-08,2025-08
South Sudan,2025-08-01,Maiwut,percent_area_flooded,0.629000606,Unknown,2025,8,Aug,2025-08,2025-08
South Sudan,2025-08-01,Malakal,percent_area_flooded,4.607154057,Unknown,2025,8,Aug,2025-08,2025-08
South Sudan,2025-08-01,Manyo,percent_area_flooded,1.879083968,Unknown,2025,8,Aug,2025-08,2025-08
South Sudan,2025-08-01,Melut,percent_area_flooded,2.467721559,Unknown,2025,8,Aug,2025-08,2025-08
South Sudan,2025-08-01,Panyikang,percent_area_flooded,4.403089968,Unknown,2025,8,Aug,2025-08,2025-08
South Sudan,2025-08-01,Renk,percent_area_flooded,0.814030025,Unknown,2025,8,Aug,2025-08,2025-08
South Sudan,2025-08-01,Ulang,percent_area_flooded,2.554343115,Unknown,2025,8,Aug,2025-08,2025-08
South Sudan,2025-08-01,Gogrial East,percent_area_flooded,1.701985828,Unknown,2025,8,Aug,2025-08,2025-08
South Sudan,2025-08-01,Gogrial West,percent_area_flooded,0.801932223,Unknown,2025,8,Aug,2025-08,2025-08
South Sudan,2025-08-01,Tonj East,percent_area_flooded,1.799796226,Unknown,2025,8,Aug,2025-08,2025-08
South Sudan,2025-08-01,Tonj North,percent_area_flooded,12.94722763,Unknown,2025,8,Aug,2025-08,2025-08
South Sudan,2025-08-01,Tonj South,percent_area_flooded,0.742712319,Unknown,2025,8,Aug,2025-08,2025-08
South Sudan,2025-08-01,Maban,percent_area_flooded,0.563862622,Unknown,2025,8,Aug,2025-08,2025-08
South Sudan,2025-08-01,Cueibet,percent_area_flooded,0.318510329,Unknown,2025,8,Aug,2025-08,2025-08
South Sudan,2025-08-01,Panyijiar,percent_area_flooded,17.82048832,Unknown,2025,8,Aug,2025-08,2025-08
South Sudan,2025-08-01,Rumbek East,percent_area_flooded,7.804710838,Unknown,2025,8,Aug,2025-08,2025-08
South Sudan,2025-08-01,Gogrial West,percent_area_flooded,0.801932223,Unknown,2025,8,Aug,2025-08,2025-08
South Sudan,2025-08-01,Tonj East,percent_area_flooded,1.799796226,Unknown,2025,8,Aug,2025-08,2025-08
South Sudan,2025-08-01,Tonj North,percent_area_flooded,12.94722763,Unknown,2025,8,Aug,2025-08,2025-08
South Sudan,2025-08-01,Tonj South,percent_area_flooded,0.742712319,Unknown,2025,8,Aug,2025-08,2025-08
South Sudan,2025-08-01,Twic,percent_area_flooded,5.872994633,Unknown,2025,8,Aug,2025-08,2025-08
South Sudan,2025-08-01,Jur River,percent_area_flooded,0.267016866,Unknown,2025,8,Aug,2025-08,2025-08
South Sudan,2025-08-01,Raja,percent_area_flooded,0.239190481,Unknown,2025,8,Aug,2025-08,2025-08
South Sudan,2025-08-01,Wau,percent_area_flooded,0.261894022,Unknown,2025,8,Aug,2025-08,2025-08
South Sudan,2025-08-01,Ezo,percent_area_flooded,0.110144293,Unknown,2025,8,Aug,2025-08,2025-08
South Sudan,2025-08-01,Ibba,percent_area_flooded,0.115758652,Unknown,2025,8,Aug,2025-08,2025-08
South Sudan,2025-08-01,Maridi,percent_area_flooded,0.14377491,Unknown,2025,8,Aug,2025-08,2025-08
South Sudan,2025-08-01,Mundri East,percent_area_flooded,0.072060828,Unknown,2025,8,Aug,2025-08,2025-08
South Sudan,2025-08-01,Mundri West,percent_area_flooded,0.238715903,Unknown,2025,8,Aug,2025-08,2025-08
South Sudan,2025-08-01,Mvolo,percent_area_flooded,0.489356812,Unknown,2025,8,Aug,2025-08,2025-08
South Sudan,2025-08-01,Nagero,percent_area_flooded,0.15983289,Unknown,2025,8,Aug,2025-08,2025-08
South Sudan,2025-08-01,Nzara,percent_area_flooded,0.237990124,Unknown,2025,8,Aug,2025-08,2025-08
South Sudan,2025-08-01,Tambura,percent_area_flooded,0.225539111,Unknown,2025,8,Aug,2025-08,2025-08
South Sudan,2025-08-01,Yambio,percent_area_flooded,0.26409313,Unknown,2025,8,Aug,2025-08,2025-08
South Sudan,2025-08-01,Mundri East,percent_area_flooded,0.072060828,Unknown,2025,8,Aug,2025-08,2025-08
South Sudan,2025-08-01,Mundri West,percent_area_flooded,0.238715903,Unknown,2025,8,Aug,2025-08,2025-08
South Sudan,2025-08-01,Mvolo,percent_area_flooded,0.489356812,Unknown,2025,8,Aug,2025-08,2025-08
South Sudan,2025-08-01,Tambura,percent_area_flooded,0.225539111,Unknown,2025,8,Aug,2025-08,2025-08
South Sudan,2025-08-01,Nzara,percent_area_flooded,0.237990124,Unknown,2025,8,Aug,2025-08,2025-08
South Sudan,2025-08-01,Nagero,percent_area_flooded,0.15983289,Unknown,2025,8,Aug,2025-08,2025-08
South Sudan,2025-08-01,Aweil West,percent_area_flooded,2.611458138,Unknown,2025,8,Aug,2025-08,2025-08
South Sudan,2025-08-01,Gogrial East,percent_area_flooded,1.701985828,Unknown,2025,8,Aug,2025-08,2025-08
South Sudan,2025-08-01,Ulang,percent_area_flooded,2.554343115,Unknown,2025,8,Aug,2025-08,2025-08
South Sudan,2025-08-01,Renk,percent_area_flooded,0.814030025,Unknown,2025,8,Aug,2025-08,2025-08
South Sudan,2025-08-01,Panyikang,percent_area_flooded,4.403089968,Unknown,2025,8,Aug,2025-08,2025-08
South Sudan,2025-08-01,Rumbek North,percent_area_flooded,0.09432846,Unknown,2025,8,Aug,2025-08,2025-08
South Sudan,2025-08-01,Wulu,percent_area_flooded,0.130114845,Unknown,2025,8,Aug,2025-08,2025-08
South Sudan,2025-08-01,Yirol East,percent_area_flooded,13.39874607,Unknown,2025,8,Aug,2025-08,2025-08
South Sudan,2025-08-01,Yirol West,percent_area_flooded,1.213027554,Unknown,2025,8,Aug,2025-08,2025-08
South Sudan,2025-08-01,Aweil Centre,percent_area_flooded,0.342651392,Unknown,2025,8,Aug,2025-08,2025-08
South Sudan,2025-08-01,Aweil East,percent_area_flooded,2.227226728,Unknown,2025,8,Aug,2025-08,2025-08
South Sudan,2025-08-01,Aweil North,percent_area_flooded,0.792009578,Unknown,2025,8,Aug,2025-08,2025-08
South Sudan,2025-08-01,Aweil South,percent_area_flooded,0.977704359,Unknown,2025,8,Aug,2025-08,2025-08
South Sudan,2025-08-01,Aweil West,percent_area_flooded,2.611458138,Unknown,2025,8,Aug,2025-08,2025-08
South Sudan,2025-08-01,Abiemnhom,percent_area_flooded,0.196127125,Unknown,2025,8,Aug,2025-08,2025-08
South Sudan,2025-08-01,Guit,percent_area_flooded,24.30740054,Unknown,2025,8,Aug,2025-08,2025-08
South Sudan,2025-08-01,Koch,percent_area_flooded,13.42056456,Unknown,2025,8,Aug,2025-08,2025-08
South Sudan,2025-08-01,Rumbek Centre,percent_area_flooded,0.445708667,Unknown,2025,8,Aug,2025-08,2025-08
South Sudan,2025-08-01,Leer,percent_area_flooded,17.03414156,Unknown,2025,8,Aug,2025-08,2025-08
South Sudan,2025-08-01,Mayom,percent_area_flooded,13.15440894,Unknown,2025,8,Aug,2025-08,2025-08
South Sudan,2025-08-01,Pariang,percent_area_flooded,11.38157572,Unknown,2025,8,Aug,2025-08,2025-08
South Sudan,2025-08-01,Rubkona,percent_area_flooded,40.73879619,Unknown,2025,8,Aug,2025-08,2025-08
South Sudan,2025-08-01,Baliet,percent_area_flooded,0.325506051,Unknown,2025,8,Aug,2025-08,2025-08
South Sudan,2025-08-01,Fashoda,percent_area_flooded,0.594887412,Unknown,2025,8,Aug,2025-08,2025-08
South Sudan,2025-08-01,Longochuk,percent_area_flooded,0.30831905,Unknown,2025,8,Aug,2025-08,2025-08
South Sudan,2025-08-01,Luakpiny/Nasir,percent_area_flooded,3.216100355,Unknown,2025,8,Aug,2025-08,2025-08
South Sudan,2025-08-01,Maban,percent_area_flooded,0.563862622,Unknown,2025,8,Aug,2025-08,2025-08
South Sudan,2025-08-01,Maiwut,percent_area_flooded,0.629000606,Unknown,2025,8,Aug,2025-08,2025-08
South Sudan,2025-08-01,Malakal,percent_area_flooded,4.607154057,Unknown,2025,8,Aug,2025-08,2025-08
South Sudan,2025-08-01,Manyo,percent_area_flooded,1.879083968,Unknown,2025,8,Aug,2025-08,2025-08
South Sudan,2025-08-01,Melut,percent_area_flooded,2.467721559,Unknown,2025,8,Aug,2025-08,2025-08
South Sudan,2025-08-01,Mayendit,percent_area_flooded,54.52557734,Unknown,2025,8,Aug,2025-08,2025-08
South Sudan,2025-08-01,Aweil South,percent_area_flooded,0.977704359,Unknown,2025,8,Aug,2025-08,2025-08
South Sudan,2025-08-01,Juba,percent_area_flooded,0.476831526,Unknown,2025,8,Aug,2025-08,2025-08
South Sudan,2025-08-01,Aweil East,percent_area_flooded,2.227226728,Unknown,2025,8,Aug,2025-08,2025-08
South Sudan,2025-08-01,Longochuk,percent_area_flooded,0.30831905,Unknown,2025,8,Aug,2025-08,2025-08
South Sudan,2025-08-01,Fashoda,percent_area_flooded,0.594887412,Unknown,2025,8,Aug,2025-08,2025-08
South Sudan,2025-08-01,Baliet,percent_area_flooded,0.325506051,Unknown,2025,8,Aug,2025-08,2025-08
South Sudan,2025-08-01,Rubkona,percent_area_flooded,40.73879619,Unknown,2025,8,Aug,2025-08,2025-08
South Sudan,2025-08-01,Pariang,percent_area_flooded,11.38157572,Unknown,2025,8,Aug,2025-08,2025-08
South Sudan,2025-08-01,Panyijiar,percent_area_flooded,17.82048832,Unknown,2025,8,Aug,2025-08,2025-08
South Sudan,2025-08-01,Mayom,percent_area_flooded,13.15440894,Unknown,2025,8,Aug,2025-08,2025-08
South Sudan,2025-08-01,Mayendit,percent_area_flooded,54.52557734,Unknown,2025,8,Aug,2025-08,2025-08
South Sudan,2025-08-01,Leer,percent_area_flooded,17.03414156,Unknown,2025,8,Aug,2025-08,2025-08
South Sudan,2025-08-01,Koch,percent_area_flooded,13.42056456,Unknown,2025,8,Aug,2025-08,2025-08
South Sudan,2025-08-01,Guit,percent_area_flooded,24.30740054,Unknown,2025,8,Aug,2025-08,2025-08
South Sudan,2025-08-01,Luakpiny/Nasir,percent_area_flooded,3.216100355,Unknown,2025,8,Aug,2025-08,2025-08
South Sudan,2025-08-01,Abiemnhom,percent_area_flooded,0.196127125,Unknown,2025,8,Aug,2025-08,2025-08
South Sudan,2025-08-01,Aweil South,percent_area_flooded,0.977704359,Unknown,2025,8,Aug,2025-08,2025-08
South Sudan,2025-08-01,Aweil North,percent_area_flooded,0.792009578,Unknown,2025,8,Aug,2025-08,2025-08
South Sudan,2025-08-01,Aweil East,percent_area_flooded,2.227226728,Unknown,2025,8,Aug,2025-08,2025-08
South Sudan,2025-08-01,Aweil Centre,percent_area_flooded,0.342651392,Unknown,2025,8,Aug,2025-08,2025-08
South Sudan,2025-08-01,Yirol West,percent_area_flooded,1.213027554,Unknown,2025,8,Aug,2025-08,2025-08
South Sudan,2025-08-01,Yirol East,percent_area_flooded,13.39874607,Unknown,2025,8,Aug,2025-08,2025-08
South Sudan,2025-08-01,Wulu,percent_area_flooded,0.130114845,Unknown,2025,8,Aug,2025-08,2025-08
South Sudan,2025-08-01,Rumbek North,percent_area_flooded,0.09432846,Unknown,2025,8,Aug,2025-08,2025-08
South Sudan,2025-08-01,Rumbek East,percent_area_flooded,7.804710838,Unknown,2025,8,Aug,2025-08,2025-08
South Sudan,2025-08-01,Rumbek Centre,percent_area_flooded,0.445708667,Unknown,2025,8,Aug,2025-08,2025-08
South Sudan,2025-08-01,Cueibet,percent_area_flooded,0.318510329,Unknown,2025,8,Aug,2025-08,2025-08
South Sudan,2025-08-01,Aweil West,percent_area_flooded,2.611458138,Unknown,2025,8,Aug,2025-08,2025-08
South Sudan,2025-08-01,Maban,percent_area_flooded,0.563862622,Unknown,2025,8,Aug,2025-08,2025-08
South Sudan,2025-08-01,Maiwut,percent_area_flooded,0.629000606,Unknown,2025,8,Aug,2025-08,2025-08
South Sudan,2025-08-01,Malakal,percent_area_flooded,4.607154057,Unknown,2025,8,Aug,2025-08,2025-08
South Sudan,2025-08-01,Yambio,percent_area_flooded,0.26409313,Unknown,2025,8,Aug,2025-08,2025-08
South Sudan,2025-08-01,Yambio,percent_area_flooded,0.26409313,Unknown,2025,8,Aug,2025-08,2025-08
South Sudan,2025-08-01,Tambura,percent_area_flooded,0.225539111,Unknown,2025,8,Aug,2025-08,2025-08
South Sudan,2025-08-01,Nzara,percent_area_flooded,0.237990124,Unknown,2025,8,Aug,2025-08,2025-08
South Sudan,2025-08-01,Nagero,percent_area_flooded,0.15983289,Unknown,2025,8,Aug,2025-08,2025-08
South Sudan,2025-08-01,Mvolo,percent_area_flooded,0.489356812,Unknown,2025,8,Aug,2025-08,2025-08
South Sudan,2025-08-01,Mundri West,percent_area_flooded,0.238715903,Unknown,2025,8,Aug,2025-08,2025-08
South Sudan,2025-08-01,Mundri East,percent_area_flooded,0.072060828,Unknown,2025,8,Aug,2025-08,2025-08
South Sudan,2025-08-01,Maridi,percent_area_flooded,0.14377491,Unknown,2025,8,Aug,2025-08,2025-08
South Sudan,2025-08-01,Ibba,percent_area_flooded,0.115758652,Unknown,2025,8,Aug,2025-08,2025-08
South Sudan,2025-08-01,Ezo,percent_area_flooded,0.110144293,Unknown,2025,8,Aug,2025-08,2025-08
South Sudan,2025-08-01,Wau,percent_area_flooded,0.261894022,Unknown,2025,8,Aug,2025-08,2025-08
South Sudan,2025-08-01,Raja,percent_area_flooded,0.239190481,Unknown,2025,8,Aug,2025-08,2025-08
South Sudan,2025-08-01,Jur River,percent_area_flooded,0.267016866,Unknown,2025,8,Aug,2025-08,2025-08
South Sudan,2025-08-01,Twic,percent_area_flooded,5.872994633,Unknown,2025,8,Aug,2025-08,2025-08
South Sudan,2025-08-01,Tonj South,percent_area_flooded,0.742712319,Unknown,2025,8,Aug,2025-08,2025-08
South Sudan,2025-08-01,Aweil North,percent_area_flooded,0.792009578,Unknown,2025,8,Aug,2025-08,2025-08
South Sudan,2025-08-01,Tonj East,percent_area_flooded,1.799796226,Unknown,2025,8,Aug,2025-08,2025-08
South Sudan,2025-08-01,Gogrial West,percent_area_flooded,0.801932223,Unknown,2025,8,Aug,2025-08,2025-08
South Sudan,2025-08-01,Gogrial East,percent_area_flooded,1.701985828,Unknown,2025,8,Aug,2025-08,2025-08
South Sudan,2025-08-01,Ulang,percent_area_flooded,2.554343115,Unknown,2025,8,Aug,2025-08,2025-08
South Sudan,2025-08-01,Renk,percent_area_flooded,0.814030025,Unknown,2025,8,Aug,2025-08,2025-08
South Sudan,2025-08-01,Panyikang,percent_area_flooded,4.403089968,Unknown,2025,8,Aug,2025-08,2025-08
South Sudan,2025-08-01,Melut,percent_area_flooded,2.467721559,Unknown,2025,8,Aug,2025-08,2025-08
South Sudan,2025-08-01,Manyo,percent_area_flooded,1.879083968,Unknown,2025,8,Aug,2025-08,2025-08
South Sudan,2025-08-01,Awerial,percent_area_flooded,8.884002068,Unknown,2025,8,Aug,2025-08,2025-08
South Sudan,2025-08-01,Uror,percent_area_flooded,1.337749552,Unknown,2025,8,Aug,2025-08,2025-08
South Sudan,2025-08-01,Tonj North,percent_area_flooded,12.94722763,Unknown,2025,8,Aug,2025-08,2025-08
South Sudan,2025-08-01,Pochalla,percent_area_flooded,3.552492865,Unknown,2025,8,Aug,2025-08,2025-08
South Sudan,2025-08-01,Kapoeta North,percent_area_flooded,0.526434953,Unknown,2025,8,Aug,2025-08,2025-08
South Sudan,2025-08-01,Lafon,percent_area_flooded,0.216522341,Unknown,2025,8,Aug,2025-08,2025-08
South Sudan,2025-08-01,Magwi,percent_area_flooded,0.165618598,Unknown,2025,8,Aug,2025-08,2025-08
South Sudan,2025-08-01,Torit,percent_area_flooded,0.097840971,Unknown,2025,8,Aug,2025-08,2025-08
South Sudan,2025-08-01,Akobo,percent_area_flooded,1.562833933,Unknown,2025,8,Aug,2025-08,2025-08
South Sudan,2025-08-01,Ayod,percent_area_flooded,15.46973378,Unknown,2025,8,Aug,2025-08,2025-08
South Sudan,2025-08-01,Bor South,percent_area_flooded,2.858598101,Unknown,2025,8,Aug,2025-08,2025-08
South Sudan,2025-08-01,Canal/Pigi,percent_area_flooded,3.708671592,Unknown,2025,8,Aug,2025-08,2025-08
South Sudan,2025-08-01,Duk,percent_area_flooded,15.88387536,Unknown,2025,8,Aug,2025-08,2025-08
South Sudan,2025-08-01,Fangak,percent_area_flooded,25.90671773,Unknown,2025,8,Aug,2025-08,2025-08
South Sudan,2025-08-01,Nyirol,percent_area_flooded,0.505150098,Unknown,2025,8,Aug,2025-08,2025-08
South Sudan,2025-08-01,Kapoeta East,percent_area_flooded,0.301104906,Unknown,2025,8,Aug,2025-08,2025-08
South Sudan,2025-08-01,Pibor,percent_area_flooded,0.324721353,Unknown,2025,8,Aug,2025-08,2025-08
South Sudan,2025-08-01,Twic East,percent_area_flooded,13.5443651,Unknown,2025,8,Aug,2025-08,2025-08
South Sudan,2025-08-01,Uror,percent_area_flooded,1.337749552,Unknown,2025,8,Aug,2025-08,2025-08
South Sudan,2025-08-01,Awerial,percent_area_flooded,8.884002068,Unknown,2025,8,Aug,2025-08,2025-08
South Sudan,2025-08-01,Rumbek Centre,percent_area_flooded,0.445708667,Unknown,2025,8,Aug,2025-08,2025-08
South Sudan,2025-08-01,Rumbek East,percent_area_flooded,7.804710838,Unknown,2025,8,Aug,2025-08,2025-08
South Sudan,2025-08-01,Rumbek North,percent_area_flooded,0.09432846,Unknown,2025,8,Aug,2025-08,2025-08
South Sudan,2025-08-01,Wulu,percent_area_flooded,0.130114845,Unknown,2025,8,Aug,2025-08,2025-08
South Sudan,2025-08-01,Yirol East,percent_area_flooded,13.39874607,Unknown,2025,8,Aug,2025-08,2025-08
South Sudan,2025-08-01,Yirol West,percent_area_flooded,1.213027554,Unknown,2025,8,Aug,2025-08,2025-08
South Sudan,2025-08-01,Aweil Centre,percent_area_flooded,0.342651392,Unknown,2025,8,Aug,2025-08,2025-08
South Sudan,2025-08-01,Twic East,percent_area_flooded,13.5443651,Unknown,2025,8,Aug,2025-08,2025-08
South Sudan,2025-08-01,Pochalla,percent_area_flooded,3.552492865,Unknown,2025,8,Aug,2025-08,2025-08
South Sudan,2025-08-01,Ikotos,percent_area_flooded,0.020797767,Unknown,2025,8,Aug,2025-08,2025-08
South Sudan,2025-08-01,Cueibet,percent_area_flooded,0.318510329,Unknown,2025,8,Aug,2025-08,2025-08
South Sudan,2025-08-01,Yei,percent_area_flooded,0.102572725,Unknown,2025,8,Aug,2025-08,2025-08
South Sudan,2025-08-01,Pibor,percent_area_flooded,0.324721353,Unknown,2025,8,Aug,2025-08,2025-08
South Sudan,2025-08-01,Budi,percent_area_flooded,0.0076545,Unknown,2025,8,Aug,2025-08,2025-08
South Sudan,2025-08-01,Nyirol,percent_area_flooded,0.505150098,Unknown,2025,8,Aug,2025-08,2025-08
South Sudan,2025-08-01,Fangak,percent_area_flooded,25.90671773,Unknown,2025,8,Aug,2025-08,2025-08
South Sudan,2025-08-01,Duk,percent_area_flooded,15.88387536,Unknown,2025,8,Aug,2025-08,2025-08
South Sudan,2025-08-01,Bor South,percent_area_flooded,2.858598101,Unknown,2025,8,Aug,2025-08,2025-08
South Sudan,2025-08-01,Ayod,percent_area_flooded,15.46973378,Unknown,2025,8,Aug,2025-08,2025-08
South Sudan,2025-08-01,Akobo,percent_area_flooded,1.562833933,Unknown,2025,8,Aug,2025-08,2025-08
South Sudan,2025-08-01,Torit,percent_area_flooded,0.097840971,Unknown,2025,8,Aug,2025-08,2025-08
South Sudan,2025-08-01,Magwi,percent_area_flooded,0.165618598,Unknown,2025,8,Aug,2025-08,2025-08
South Sudan,2025-08-01,Lafon,percent_area_flooded,0.216522341,Unknown,2025,8,Aug,2025-08,2025-08
South Sudan,2025-08-01,Kapoeta North,percent_area_flooded,0.526434953,Unknown,2025,8,Aug,2025-08,2025-08
South Sudan,2025-08-01,Canal/Pigi,percent_area_flooded,3.708671592,Unknown,2025,8,Aug,2025-08,2025-08
South Sudan,2025-08-01,Ikotos,percent_area_flooded,0.020797767,Unknown,2025,8,Aug,2025-08,2025-08
South Sudan,2025-08-01,Kapoeta East,percent_area_flooded,0.301104906,Unknown,2025,8,Aug,2025-08,2025-08
South Sudan,2025-08-01,Terekeka,percent_area_flooded,1.237349419,Unknown,2025,8,Aug,2025-08,2025-08
South Sudan,2025-08-01,Lainya,percent_area_flooded,0.042219766,Unknown,2025,8,Aug,2025-08,2025-08
South Sudan,2025-08-01,Juba,percent_area_flooded,0.476831526,Unknown,2025,8,Aug,2025-08,2025-08
South Sudan,2025-08-01,Morobo,percent_area_flooded,0.048594925,Unknown,2025,8,Aug,2025-08,2025-08
South Sudan,2025-08-01,Juba,percent_area_flooded,0.476831526,Unknown,2025,8,Aug,2025-08,2025-08
South Sudan,2025-08-01,Lainya,percent_area_flooded,0.042219766,Unknown,2025,8,Aug,2025-08,2025-08
South Sudan,2025-08-01,Morobo,percent_area_flooded,0.048594925,Unknown,2025,8,Aug,2025-08,2025-08
South Sudan,2025-08-01,Terekeka,percent_area_flooded,1.237349419,Unknown,2025,8,Aug,2025-08,2025-08
South Sudan,2025-08-01,Yei,percent_area_flooded,0.102572725,Unknown,2025,8,Aug,2025-08,2025-08
South Sudan,2025-08-01,Budi,percent_area_flooded,0.0076545,Unknown,2025,8,Aug,2025-08,2025-08
South Sudan,2025-08-01,Lainya,percent_area_flooded,0.042219766,Unknown,2025,8,Aug,2025-08,2025-08
South Sudan,2025-08-16,Pochalla,percent_area_flooded,4.718796035,Unknown,2025,8,Aug,2025-08,2025-08
South Sudan,2025-08-16,Twic East,percent_area_flooded,13.3196104,Unknown,2025,8,Aug,2025-08,2025-08
South Sudan,2025-08-16,Pibor,percent_area_flooded,1.387100882,Unknown,2025,8,Aug,2025-08,2025-08
South Sudan,2025-08-16,Nyirol,percent_area_flooded,0.908242658,Unknown,2025,8,Aug,2025-08,2025-08
South Sudan,2025-08-16,Fangak,percent_area_flooded,32.49917258,Unknown,2025,8,Aug,2025-08,2025-08
South Sudan,2025-08-16,Duk,percent_area_flooded,15.51738051,Unknown,2025,8,Aug,2025-08,2025-08
South Sudan,2025-08-16,Canal/Pigi,percent_area_flooded,7.389719768,Unknown,2025,8,Aug,2025-08,2025-08
South Sudan,2025-08-16,Magwi,percent_area_flooded,0.333729143,Unknown,2025,8,Aug,2025-08,2025-08
South Sudan,2025-08-16,Ayod,percent_area_flooded,17.53390957,Unknown,2025,8,Aug,2025-08,2025-08
South Sudan,2025-08-16,Akobo,percent_area_flooded,3.573672262,Unknown,2025,8,Aug,2025-08,2025-08
South Sudan,2025-08-16,Torit,percent_area_flooded,0.195962446,Unknown,2025,8,Aug,2025-08,2025-08
South Sudan,2025-08-16,Lafon,percent_area_flooded,1.314893779,Unknown,2025,8,Aug,2025-08,2025-08
South Sudan,2025-08-16,Kapoeta South,percent_area_flooded,0.250741255,Unknown,2025,8,Aug,2025-08,2025-08
South Sudan,2025-08-16,Kapoeta North,percent_area_flooded,0.496037676,Unknown,2025,8,Aug,2025-08,2025-08
South Sudan,2025-08-16,Uror,percent_area_flooded,1.701739907,Unknown,2025,8,Aug,2025-08,2025-08
South Sudan,2025-08-16,Kapoeta East,percent_area_flooded,0.627870642,Unknown,2025,8,Aug,2025-08,2025-08
South Sudan,2025-08-16,Bor South,percent_area_flooded,4.079197008,Unknown,2025,8,Aug,2025-08,2025-08
South Sudan,2025-08-16,Awerial,percent_area_flooded,12.17847447,Unknown,2025,8,Aug,2025-08,2025-08
South Sudan,2025-08-16,Aweil West,percent_area_flooded,3.766067432,Unknown,2025,8,Aug,2025-08,2025-08
South Sudan,2025-08-16,Rumbek Centre,percent_area_flooded,2.300390445,Unknown,2025,8,Aug,2025-08,2025-08
South Sudan,2025-08-16,Ikotos,percent_area_flooded,0.014982502,Unknown,2025,8,Aug,2025-08,2025-08
South Sudan,2025-08-16,Mayom,percent_area_flooded,17.76745752,Unknown,2025,8,Aug,2025-08,2025-08
South Sudan,2025-08-16,Mayendit,percent_area_flooded,60.76937367,Unknown,2025,8,Aug,2025-08,2025-08
South Sudan,2025-08-16,Leer,percent_area_flooded,22.39303267,Unknown,2025,8,Aug,2025-08,2025-08
South Sudan,2025-08-16,Koch,percent_area_flooded,17.91605928,Unknown,2025,8,Aug,2025-08,2025-08
South Sudan,2025-08-16,Guit,percent_area_flooded,32.33319595,Unknown,2025,8,Aug,2025-08,2025-08
South Sudan,2025-08-16,Abiemnhom,percent_area_flooded,0.321860075,Unknown,2025,8,Aug,2025-08,2025-08
South Sudan,2025-08-16,Cueibet,percent_area_flooded,0.675769366,Unknown,2025,8,Aug,2025-08,2025-08
South Sudan,2025-08-16,Aweil South,percent_area_flooded,2.30181085,Unknown,2025,8,Aug,2025-08,2025-08
South Sudan,2025-08-16,Aweil East,percent_area_flooded,6.971136336,Unknown,2025,8,Aug,2025-08,2025-08
South Sudan,2025-08-16,Aweil Centre,percent_area_flooded,0.864778454,Unknown,2025,8,Aug,2025-08,2025-08
South Sudan,2025-08-16,Yirol West,percent_area_flooded,4.485437679,Unknown,2025,8,Aug,2025-08,2025-08
South Sudan,2025-08-16,Yirol East,percent_area_flooded,16.45150157,Unknown,2025,8,Aug,2025-08,2025-08
South Sudan,2025-08-16,Wulu,percent_area_flooded,0.344996959,Unknown,2025,8,Aug,2025-08,2025-08
South Sudan,2025-08-16,Rumbek North,percent_area_flooded,0.487243698,Unknown,2025,8,Aug,2025-08,2025-08
South Sudan,2025-08-16,Rumbek East,percent_area_flooded,10.62341221,Unknown,2025,8,Aug,2025-08,2025-08
South Sudan,2025-08-16,Aweil North,percent_area_flooded,2.353921108,Unknown,2025,8,Aug,2025-08,2025-08
South Sudan,2025-08-16,Budi,percent_area_flooded,0.012525545,Unknown,2025,8,Aug,2025-08,2025-08
South Sudan,2025-08-16,Panyikang,percent_area_flooded,6.469118374,Unknown,2025,8,Aug,2025-08,2025-08
South Sudan,2025-08-16,Terekeka,percent_area_flooded,2.11330838,Unknown,2025,8,Aug,2025-08,2025-08
South Sudan,2025-08-16,Gogrial West,percent_area_flooded,3.519282885,Unknown,2025,8,Aug,2025-08,2025-08
South Sudan,2025-08-16,Gogrial East,percent_area_flooded,2.706668476,Unknown,2025,8,Aug,2025-08,2025-08
South Sudan,2025-08-16,Ulang,percent_area_flooded,2.534830348,Unknown,2025,8,Aug,2025-08,2025-08
South Sudan,2025-08-16,Renk,percent_area_flooded,1.512441022,Unknown,2025,8,Aug,2025-08,2025-08
South Sudan,2025-08-16,Melut,percent_area_flooded,5.424622273,Unknown,2025,8,Aug,2025-08,2025-08
South Sudan,2025-08-16,Manyo,percent_area_flooded,6.05919154,Unknown,2025,8,Aug,2025-08,2025-08
South Sudan,2025-08-16,Malakal,percent_area_flooded,10.30159533,Unknown,2025,8,Aug,2025-08,2025-08
South Sudan,2025-08-16,Tonj East,percent_area_flooded,4.810453625,Unknown,2025,8,Aug,2025-08,2025-08
South Sudan,2025-08-16,Maiwut,percent_area_flooded,9.195770401,Unknown,2025,8,Aug,2025-08,2025-08
South Sudan,2025-08-16,Luakpiny/Nasir,percent_area_flooded,9.216609742,Unknown,2025,8,Aug,2025-08,2025-08
South Sudan,2025-08-16,Longochuk,percent_area_flooded,1.110543135,Unknown,2025,8,Aug,2025-08,2025-08
South Sudan,2025-08-16,Fashoda,percent_area_flooded,2.978768883,Unknown,2025,8,Aug,2025-08,2025-08
South Sudan,2025-08-16,Baliet,percent_area_flooded,0.652606897,Unknown,2025,8,Aug,2025-08,2025-08
South Sudan,2025-08-16,Rubkona,percent_area_flooded,43.66685159,Unknown,2025,8,Aug,2025-08,2025-08
South Sudan,2025-08-16,Pariang,percent_area_flooded,15.02176114,Unknown,2025,8,Aug,2025-08,2025-08
South Sudan,2025-08-16,Panyijiar,percent_area_flooded,22.00674056,Unknown,2025,8,Aug,2025-08,2025-08
South Sudan,2025-08-16,Maban,percent_area_flooded,1.36610417,Unknown,2025,8,Aug,2025-08,2025-08
South Sudan,2025-08-16,Yei,percent_area_flooded,0.059772595,Unknown,2025,8,Aug,2025-08,2025-08
South Sudan,2025-08-16,Tonj North,percent_area_flooded,17.33131739,Unknown,2025,8,Aug,2025-08,2025-08
South Sudan,2025-08-16,Twic,percent_area_flooded,9.670280413,Unknown,2025,8,Aug,2025-08,2025-08
South Sudan,2025-08-16,Morobo,percent_area_flooded,0.12528379,Unknown,2025,8,Aug,2025-08,2025-08
South Sudan,2025-08-16,Lainya,percent_area_flooded,0.063187972,Unknown,2025,8,Aug,2025-08,2025-08
South Sudan,2025-08-16,Juba,percent_area_flooded,1.018455217,Unknown,2025,8,Aug,2025-08,2025-08
South Sudan,2025-08-16,Yambio,percent_area_flooded,0.051698077,Unknown,2025,8,Aug,2025-08,2025-08
South Sudan,2025-08-16,Tambura,percent_area_flooded,0.151361271,Unknown,2025,8,Aug,2025-08,2025-08
South Sudan,2025-08-16,Nzara,percent_area_flooded,0.184250419,Unknown,2025,8,Aug,2025-08,2025-08
South Sudan,2025-08-16,Nagero,percent_area_flooded,0.255475002,Unknown,2025,8,Aug,2025-08,2025-08
South Sudan,2025-08-16,Tonj South,percent_area_flooded,0.81457022,Unknown,2025,8,Aug,2025-08,2025-08
South Sudan,2025-08-16,Mvolo,percent_area_flooded,0.879907846,Unknown,2025,8,Aug,2025-08,2025-08
South Sudan,2025-08-16,Mundri East,percent_area_flooded,0.240127883,Unknown,2025,8,Aug,2025-08,2025-08
South Sudan,2025-08-16,Maridi,percent_area_flooded,0.184227707,Unknown,2025,8,Aug,2025-08,2025-08
South Sudan,2025-08-16,Ibba,percent_area_flooded,0.089084728,Unknown,2025,8,Aug,2025-08,2025-08
South Sudan,2025-08-16,Ezo,percent_area_flooded,0.091276416,Unknown,2025,8,Aug,2025-08,2025-08
South Sudan,2025-08-16,Wau,percent_area_flooded,0.192588104,Unknown,2025,8,Aug,2025-08,2025-08
South Sudan,2025-08-16,Raja,percent_area_flooded,0.517265836,Unknown,2025,8,Aug,2025-08,2025-08
South Sudan,2025-08-16,Jur River,percent_area_flooded,0.369353726,Unknown,2025,8,Aug,2025-08,2025-08
South Sudan,2025-08-16,Mundri West,percent_area_flooded,0.102090909,Unknown,2025,8,Aug,2025-08,2025-08
South Sudan,2025-08-16,Maridi,percent_area_flooded,0.184227707,Unknown,2025,8,Aug,2025-08,2025-08
South Sudan,2025-08-16,Terekeka,percent_area_flooded,2.11330838,Unknown,2025,8,Aug,2025-08,2025-08
South Sudan,2025-08-16,Pariang,percent_area_flooded,15.02176114,Unknown,2025,8,Aug,2025-08,2025-08
South Sudan,2025-08-16,Raja,percent_area_flooded,0.517265836,Unknown,2025,8,Aug,2025-08,2025-08
South Sudan,2025-08-16,Wau,percent_area_flooded,0.192588104,Unknown,2025,8,Aug,2025-08,2025-08
South Sudan,2025-08-16,Ezo,percent_area_flooded,0.091276416,Unknown,2025,8,Aug,2025-08,2025-08
South Sudan,2025-08-16,Ibba,percent_area_flooded,0.089084728,Unknown,2025,8,Aug,2025-08,2025-08
South Sudan,2025-08-16,Mundri East,percent_area_flooded,0.240127883,Unknown,2025,8,Aug,2025-08,2025-08
South Sudan,2025-08-16,Mundri West,percent_area_flooded,0.102090909,Unknown,2025,8,Aug,2025-08,2025-08
South Sudan,2025-08-16,Mvolo,percent_area_flooded,0.879907846,Unknown,2025,8,Aug,2025-08,2025-08
South Sudan,2025-08-16,Nagero,percent_area_flooded,0.255475002,Unknown,2025,8,Aug,2025-08,2025-08
South Sudan,2025-08-16,Nzara,percent_area_flooded,0.184250419,Unknown,2025,8,Aug,2025-08,2025-08
South Sudan,2025-08-16,Tambura,percent_area_flooded,0.151361271,Unknown,2025,8,Aug,2025-08,2025-08
South Sudan,2025-08-16,Yambio,percent_area_flooded,0.051698077,Unknown,2025,8,Aug,2025-08,2025-08
South Sudan,2025-08-16,Juba,percent_area_flooded,1.018455217,Unknown,2025,8,Aug,2025-08,2025-08
South Sudan,2025-08-16,Lainya,percent_area_flooded,0.063187972,Unknown,2025,8,Aug,2025-08,2025-08
South Sudan,2025-08-16,Morobo,percent_area_flooded,0.12528379,Unknown,2025,8,Aug,2025-08,2025-08
South Sudan,2025-08-16,Panyijiar,percent_area_flooded,22.00674056,Unknown,2025,8,Aug,2025-08,2025-08
South Sudan,2025-08-16,Jur River,percent_area_flooded,0.369353726,Unknown,2025,8,Aug,2025-08,2025-08
South Sudan,2025-08-16,Yei,percent_area_flooded,0.059772595,Unknown,2025,8,Aug,2025-08,2025-08
South Sudan,2025-08-16,Twic,percent_area_flooded,9.670280413,Unknown,2025,8,Aug,2025-08,2025-08
South Sudan,2025-08-16,Tonj North,percent_area_flooded,17.33131739,Unknown,2025,8,Aug,2025-08,2025-08
South Sudan,2025-08-16,Baliet,percent_area_flooded,0.652606897,Unknown,2025,8,Aug,2025-08,2025-08
South Sudan,2025-08-16,Fashoda,percent_area_flooded,2.978768883,Unknown,2025,8,Aug,2025-08,2025-08
South Sudan,2025-08-16,Longochuk,percent_area_flooded,1.110543135,Unknown,2025,8,Aug,2025-08,2025-08
South Sudan,2025-08-16,Luakpiny/Nasir,percent_area_flooded,9.216609742,Unknown,2025,8,Aug,2025-08,2025-08
South Sudan,2025-08-16,Maban,percent_area_flooded,1.36610417,Unknown,2025,8,Aug,2025-08,2025-08
South Sudan,2025-08-16,Maiwut,percent_area_flooded,9.195770401,Unknown,2025,8,Aug,2025-08,2025-08
South Sudan,2025-08-16,Malakal,percent_area_flooded,10.30159533,Unknown,2025,8,Aug,2025-08,2025-08
South Sudan,2025-08-16,Manyo,percent_area_flooded,6.05919154,Unknown,2025,8,Aug,2025-08,2025-08
South Sudan,2025-08-16,Melut,percent_area_flooded,5.424622273,Unknown,2025,8,Aug,2025-08,2025-08
South Sudan,2025-08-16,Panyikang,percent_area_flooded,6.469118374,Unknown,2025,8,Aug,2025-08,2025-08
South Sudan,2025-08-16,Renk,percent_area_flooded,1.512441022,Unknown,2025,8,Aug,2025-08,2025-08
South Sudan,2025-08-16,Ulang,percent_area_flooded,2.534830348,Unknown,2025,8,Aug,2025-08,2025-08
South Sudan,2025-08-16,Gogrial East,percent_area_flooded,2.706668476,Unknown,2025,8,Aug,2025-08,2025-08
South Sudan,2025-08-16,Gogrial West,percent_area_flooded,3.519282885,Unknown,2025,8,Aug,2025-08,2025-08
South Sudan,2025-08-16,Tonj East,percent_area_flooded,4.810453625,Unknown,2025,8,Aug,2025-08,2025-08
South Sudan,2025-08-16,Tonj South,percent_area_flooded,0.81457022,Unknown,2025,8,Aug,2025-08,2025-08
South Sudan,2025-08-16,Budi,percent_area_flooded,0.012525545,Unknown,2025,8,Aug,2025-08,2025-08
South Sudan,2025-08-16,Ikotos,percent_area_flooded,0.014982502,Unknown,2025,8,Aug,2025-08,2025-08
South Sudan,2025-08-16,Kapoeta East,percent_area_flooded,0.627870642,Unknown,2025,8,Aug,2025-08,2025-08
South Sudan,2025-08-16,Rumbek North,percent_area_flooded,0.487243698,Unknown,2025,8,Aug,2025-08,2025-08
South Sudan,2025-08-16,Wulu,percent_area_flooded,0.344996959,Unknown,2025,8,Aug,2025-08,2025-08
South Sudan,2025-08-16,Yirol East,percent_area_flooded,16.45150157,Unknown,2025,8,Aug,2025-08,2025-08
South Sudan,2025-08-16,Yirol West,percent_area_flooded,4.485437679,Unknown,2025,8,Aug,2025-08,2025-08
South Sudan,2025-08-16,Aweil Centre,percent_area_flooded,0.864778454,Unknown,2025,8,Aug,2025-08,2025-08
South Sudan,2025-08-16,Aweil East,percent_area_flooded,6.971136336,Unknown,2025,8,Aug,2025-08,2025-08
South Sudan,2025-08-16,Aweil North,percent_area_flooded,2.353921108,Unknown,2025,8,Aug,2025-08,2025-08
South Sudan,2025-08-16,Aweil South,percent_area_flooded,2.30181085,Unknown,2025,8,Aug,2025-08,2025-08
South Sudan,2025-08-16,Aweil West,percent_area_flooded,3.766067432,Unknown,2025,8,Aug,2025-08,2025-08
South Sudan,2025-08-16,Abiemnhom,percent_area_flooded,0.321860075,Unknown,2025,8,Aug,2025-08,2025-08
South Sudan,2025-08-16,Guit,percent_area_flooded,32.33319595,Unknown,2025,8,Aug,2025-08,2025-08
South Sudan,2025-08-16,Koch,percent_area_flooded,17.91605928,Unknown,2025,8,Aug,2025-08,2025-08
South Sudan,2025-08-16,Leer,percent_area_flooded,22.39303267,Unknown,2025,8,Aug,2025-08,2025-08
South Sudan,2025-08-16,Mayendit,percent_area_flooded,60.76937367,Unknown,2025,8,Aug,2025-08,2025-08
South Sudan,2025-08-16,Mayom,percent_area_flooded,17.76745752,Unknown,2025,8,Aug,2025-08,2025-08
South Sudan,2025-08-16,Rumbek East,percent_area_flooded,10.62341221,Unknown,2025,8,Aug,2025-08,2025-08
South Sudan,2025-08-16,Rumbek Centre,percent_area_flooded,2.300390445,Unknown,2025,8,Aug,2025-08,2025-08
South Sudan,2025-08-16,Cueibet,percent_area_flooded,0.675769366,Unknown,2025,8,Aug,2025-08,2025-08
South Sudan,2025-08-16,Awerial,percent_area_flooded,12.17847447,Unknown,2025,8,Aug,2025-08,2025-08
South Sudan,2025-08-16,Kapoeta North,percent_area_flooded,0.496037676,Unknown,2025,8,Aug,2025-08,2025-08
South Sudan,2025-08-16,Kapoeta South,percent_area_flooded,0.250741255,Unknown,2025,8,Aug,2025-08,2025-08
South Sudan,2025-08-16,Lafon,percent_area_flooded,1.314893779,Unknown,2025,8,Aug,2025-08,2025-08
South Sudan,2025-08-16,Magwi,percent_area_flooded,0.333729143,Unknown,2025,8,Aug,2025-08,2025-08
South Sudan,2025-08-16,Torit,percent_area_flooded,0.195962446,Unknown,2025,8,Aug,2025-08,2025-08
South Sudan,2025-08-16,Akobo,percent_area_flooded,3.573672262,Unknown,2025,8,Aug,2025-08,2025-08
South Sudan,2025-08-16,Ayod,percent_area_flooded,17.53390957,Unknown,2025,8,Aug,2025-08,2025-08
South Sudan,2025-08-16,Rubkona,percent_area_flooded,43.66685159,Unknown,2025,8,Aug,2025-08,2025-08
South Sudan,2025-08-16,Bor South,percent_area_flooded,4.079197008,Unknown,2025,8,Aug,2025-08,2025-08
South Sudan,2025-08-16,Duk,percent_area_flooded,15.51738051,Unknown,2025,8,Aug,2025-08,2025-08
South Sudan,2025-08-16,Fangak,percent_area_flooded,32.49917258,Unknown,2025,8,Aug,2025-08,2025-08
South Sudan,2025-08-16,Nyirol,percent_area_flooded,0.908242658,Unknown,2025,8,Aug,2025-08,2025-08
South Sudan,2025-08-16,Pibor,percent_area_flooded,1.387100882,Unknown,2025,8,Aug,2025-08,2025-08
South Sudan,2025-08-16,Pochalla,percent_area_flooded,4.718796035,Unknown,2025,8,Aug,2025-08,2025-08
South Sudan,2025-08-16,Twic East,percent_area_flooded,13.3196104,Unknown,2025,8,Aug,2025-08,2025-08
South Sudan,2025-08-16,Uror,percent_area_flooded,1.701739907,Unknown,2025,8,Aug,2025-08,2025-08
South Sudan,2025-08-16,Canal/Pigi,percent_area_flooded,7.389719768,Unknown,2025,8,Aug,2025-08,2025-08
South Sudan,2025-08-16,Pariang,percent_area_flooded,15.02176114,Unknown,2025,8,Aug,2025-08,2025-08
South Sudan,2025-08-16,Terekeka,percent_area_flooded,2.11330838,Unknown,2025,8,Aug,2025-08,2025-08
South Sudan,2025-08-16,Mayom,percent_area_flooded,17.76745752,Unknown,2025,8,Aug,2025-08,2025-08
South Sudan,2025-08-16,Raja,percent_area_flooded,0.517265836,Unknown,2025,8,Aug,2025-08,2025-08
South Sudan,2025-08-16,Wau,percent_area_flooded,0.192588104,Unknown,2025,8,Aug,2025-08,2025-08
South Sudan,2025-08-16,Ezo,percent_area_flooded,0.091276416,Unknown,2025,8,Aug,2025-08,2025-08
South Sudan,2025-08-16,Ibba,percent_area_flooded,0.089084728,Unknown,2025,8,Aug,2025-08,2025-08
South Sudan,2025-08-16,Maridi,percent_area_flooded,0.184227707,Unknown,2025,8,Aug,2025-08,2025-08
South Sudan,2025-08-16,Mundri East,percent_area_flooded,0.240127883,Unknown,2025,8,Aug,2025-08,2025-08
South Sudan,2025-08-16,Mundri West,percent_area_flooded,0.102090909,Unknown,2025,8,Aug,2025-08,2025-08
South Sudan,2025-08-16,Mvolo,percent_area_flooded,0.879907846,Unknown,2025,8,Aug,2025-08,2025-08
South Sudan,2025-08-16,Nagero,percent_area_flooded,0.255475002,Unknown,2025,8,Aug,2025-08,2025-08
South Sudan,2025-08-16,Nzara,percent_area_flooded,0.184250419,Unknown,2025,8,Aug,2025-08,2025-08
South Sudan,2025-08-16,Tambura,percent_area_flooded,0.151361271,Unknown,2025,8,Aug,2025-08,2025-08
South Sudan,2025-08-16,Yambio,percent_area_flooded,0.051698077,Unknown,2025,8,Aug,2025-08,2025-08
South Sudan,2025-08-16,Juba,percent_area_flooded,1.018455217,Unknown,2025,8,Aug,2025-08,2025-08
South Sudan,2025-08-16,Lainya,percent_area_flooded,0.063187972,Unknown,2025,8,Aug,2025-08,2025-08
South Sudan,2025-08-16,Morobo,percent_area_flooded,0.12528379,Unknown,2025,8,Aug,2025-08,2025-08
South Sudan,2025-08-16,Jur River,percent_area_flooded,0.369353726,Unknown,2025,8,Aug,2025-08,2025-08
South Sudan,2025-08-16,Twic,percent_area_flooded,9.670280413,Unknown,2025,8,Aug,2025-08,2025-08
South Sudan,2025-08-16,Tonj South,percent_area_flooded,0.81457022,Unknown,2025,8,Aug,2025-08,2025-08
South Sudan,2025-08-16,Tonj North,percent_area_flooded,17.33131739,Unknown,2025,8,Aug,2025-08,2025-08
South Sudan,2025-08-16,Panyijiar,percent_area_flooded,22.00674056,Unknown,2025,8,Aug,2025-08,2025-08
South Sudan,2025-08-16,Baliet,percent_area_flooded,0.652606897,Unknown,2025,8,Aug,2025-08,2025-08
South Sudan,2025-08-16,Fashoda,percent_area_flooded,2.978768883,Unknown,2025,8,Aug,2025-08,2025-08
South Sudan,2025-08-16,Longochuk,percent_area_flooded,1.110543135,Unknown,2025,8,Aug,2025-08,2025-08
South Sudan,2025-08-16,Luakpiny/Nasir,percent_area_flooded,9.216609742,Unknown,2025,8,Aug,2025-08,2025-08
South Sudan,2025-08-16,Maban,percent_area_flooded,1.36610417,Unknown,2025,8,Aug,2025-08,2025-08
South Sudan,2025-08-16,Maiwut,percent_area_flooded,9.195770401,Unknown,2025,8,Aug,2025-08,2025-08
South Sudan,2025-08-16,Yei,percent_area_flooded,0.059772595,Unknown,2025,8,Aug,2025-08,2025-08
South Sudan,2025-08-16,Malakal,percent_area_flooded,10.30159533,Unknown,2025,8,Aug,2025-08,2025-08
South Sudan,2025-08-16,Melut,percent_area_flooded,5.424622273,Unknown,2025,8,Aug,2025-08,2025-08
South Sudan,2025-08-16,Panyikang,percent_area_flooded,6.469118374,Unknown,2025,8,Aug,2025-08,2025-08
South Sudan,2025-08-16,Renk,percent_area_flooded,1.512441022,Unknown,2025,8,Aug,2025-08,2025-08
South Sudan,2025-08-16,Ulang,percent_area_flooded,2.534830348,Unknown,2025,8,Aug,2025-08,2025-08
South Sudan,2025-08-16,Gogrial East,percent_area_flooded,2.706668476,Unknown,2025,8,Aug,2025-08,2025-08
South Sudan,2025-08-16,Gogrial West,percent_area_flooded,3.519282885,Unknown,2025,8,Aug,2025-08,2025-08
South Sudan,2025-08-16,Tonj East,percent_area_flooded,4.810453625,Unknown,2025,8,Aug,2025-08,2025-08
South Sudan,2025-08-16,Manyo,percent_area_flooded,6.05919154,Unknown,2025,8,Aug,2025-08,2025-08
South Sudan,2025-08-16,Budi,percent_area_flooded,0.012525545,Unknown,2025,8,Aug,2025-08,2025-08
South Sudan,2025-08-16,Rubkona,percent_area_flooded,43.66685159,Unknown,2025,8,Aug,2025-08,2025-08
South Sudan,2025-08-16,Kapoeta East,percent_area_flooded,0.627870642,Unknown,2025,8,Aug,2025-08,2025-08
South Sudan,2025-08-16,Rumbek Centre,percent_area_flooded,2.300390445,Unknown,2025,8,Aug,2025-08,2025-08
South Sudan,2025-08-16,Rumbek East,percent_area_flooded,10.62341221,Unknown,2025,8,Aug,2025-08,2025-08
South Sudan,2025-08-16,Rumbek North,percent_area_flooded,0.487243698,Unknown,2025,8,Aug,2025-08,2025-08
South Sudan,2025-08-16,Wulu,percent_area_flooded,0.344996959,Unknown,2025,8,Aug,2025-08,2025-08
South Sudan,2025-08-16,Yirol East,percent_area_flooded,16.45150157,Unknown,2025,8,Aug,2025-08,2025-08
South Sudan,2025-08-16,Yirol West,percent_area_flooded,4.485437679,Unknown,2025,8,Aug,2025-08,2025-08
South Sudan,2025-08-16,Aweil Centre,percent_area_flooded,0.864778454,Unknown,2025,8,Aug,2025-08,2025-08
South Sudan,2025-08-16,Cueibet,percent_area_flooded,0.675769366,Unknown,2025,8,Aug,2025-08,2025-08
South Sudan,2025-08-16,Aweil East,percent_area_flooded,6.971136336,Unknown,2025,8,Aug,2025-08,2025-08
South Sudan,2025-08-16,Aweil South,percent_area_flooded,2.30181085,Unknown,2025,8,Aug,2025-08,2025-08
South Sudan,2025-08-16,Aweil West,percent_area_flooded,3.766067432,Unknown,2025,8,Aug,2025-08,2025-08
South Sudan,2025-08-16,Abiemnhom,percent_area_flooded,0.321860075,Unknown,2025,8,Aug,2025-08,2025-08
South Sudan,2025-08-16,Guit,percent_area_flooded,32.33319595,Unknown,2025,8,Aug,2025-08,2025-08
South Sudan,2025-08-16,Koch,percent_area_flooded,17.91605928,Unknown,2025,8,Aug,2025-08,2025-08
South Sudan,2025-08-16,Leer,percent_area_flooded,22.39303267,Unknown,2025,8,Aug,2025-08,2025-08
South Sudan,2025-08-16,Ikotos,percent_area_flooded,0.014982502,Unknown,2025,8,Aug,2025-08,2025-08
South Sudan,2025-08-16,Aweil North,percent_area_flooded,2.353921108,Unknown,2025,8,Aug,2025-08,2025-08
South Sudan,2025-08-16,Awerial,percent_area_flooded,12.17847447,Unknown,2025,8,Aug,2025-08,2025-08
South Sudan,2025-08-16,Mayendit,percent_area_flooded,60.76937367,Unknown,2025,8,Aug,2025-08,2025-08
South Sudan,2025-08-16,Twic East,percent_area_flooded,13.3196104,Unknown,2025,8,Aug,2025-08,2025-08
South Sudan,2025-08-16,Uror,percent_area_flooded,1.701739907,Unknown,2025,8,Aug,2025-08,2025-08
South Sudan,2025-08-16,Kapoeta North,percent_area_flooded,0.496037676,Unknown,2025,8,Aug,2025-08,2025-08
South Sudan,2025-08-16,Kapoeta South,percent_area_flooded,0.250741255,Unknown,2025,8,Aug,2025-08,2025-08
South Sudan,2025-08-16,Lafon,percent_area_flooded,1.314893779,Unknown,2025,8,Aug,2025-08,2025-08
South Sudan,2025-08-16,Magwi,percent_area_flooded,0.333729143,Unknown,2025,8,Aug,2025-08,2025-08
South Sudan,2025-08-16,Akobo,percent_area_flooded,3.573672262,Unknown,2025,8,Aug,2025-08,2025-08
South Sudan,2025-08-16,Ayod,percent_area_flooded,17.53390957,Unknown,2025,8,Aug,2025-08,2025-08
South Sudan,2025-08-16,Torit,percent_area_flooded,0.195962446,Unknown,2025,8,Aug,2025-08,2025-08
South Sudan,2025-08-16,Canal/Pigi,percent_area_flooded,7.389719768,Unknown,2025,8,Aug,2025-08,2025-08
South Sudan,2025-08-16,Duk,percent_area_flooded,15.51738051,Unknown,2025,8,Aug,2025-08,2025-08
South Sudan,2025-08-16,Fangak,percent_area_flooded,32.49917258,Unknown,2025,8,Aug,2025-08,2025-08
South Sudan,2025-08-16,Nyirol,percent_area_flooded,0.908242658,Unknown,2025,8,Aug,2025-08,2025-08
South Sudan,2025-08-16,Pibor,percent_area_flooded,1.387100882,Unknown,2025,8,Aug,2025-08,2025-08
South Sudan,2025-08-16,Pochalla,percent_area_flooded,4.718796035,Unknown,2025,8,Aug,2025-08,2025-08
South Sudan,2025-08-16,Bor South,percent_area_flooded,4.079197008,Unknown,2025,8,Aug,2025-08,2025-08
South Sudan,2025-09-01,Baliet,percent_area_flooded,1.065910609,Unknown,2025,9,Sep,2025-09,2025-09
South Sudan,2025-09-01,Maiwut,percent_area_flooded,10.21066963,Unknown,2025,9,Sep,2025-09,2025-09
South Sudan,2025-09-01,Maban,percent_area_flooded,1.413763738,Unknown,2025,9,Sep,2025-09,2025-09
South Sudan,2025-09-01,Luakpiny/Nasir,percent_area_flooded,13.00299705,Unknown,2025,9,Sep,2025-09,2025-09
South Sudan,2025-09-01,Longochuk,percent_area_flooded,2.46400431,Unknown,2025,9,Sep,2025-09,2025-09
South Sudan,2025-09-01,Fashoda,percent_area_flooded,3.912611975,Unknown,2025,9,Sep,2025-09,2025-09
South Sudan,2025-09-01,Rubkona,percent_area_flooded,41.84772047,Unknown,2025,9,Sep,2025-09,2025-09
South Sudan,2025-09-01,Guit,percent_area_flooded,31.86379639,Unknown,2025,9,Sep,2025-09,2025-09
South Sudan,2025-09-01,Panyijiar,percent_area_flooded,20.0227296,Unknown,2025,9,Sep,2025-09,2025-09
South Sudan,2025-09-01,Mayom,percent_area_flooded,16.62669015,Unknown,2025,9,Sep,2025-09,2025-09
South Sudan,2025-09-01,Mayendit,percent_area_flooded,61.01678635,Unknown,2025,9,Sep,2025-09,2025-09
South Sudan,2025-09-01,Leer,percent_area_flooded,20.14311492,Unknown,2025,9,Sep,2025-09,2025-09
South Sudan,2025-09-01,Koch,percent_area_flooded,19.08786435,Unknown,2025,9,Sep,2025-09,2025-09
South Sudan,2025-09-01,Mundri West,percent_area_flooded,0.101606684,Unknown,2025,9,Sep,2025-09,2025-09
South Sudan,2025-09-01,Abiemnhom,percent_area_flooded,0.270590328,Unknown,2025,9,Sep,2025-09,2025-09
South Sudan,2025-09-01,Pariang,percent_area_flooded,14.77704915,Unknown,2025,9,Sep,2025-09,2025-09
South Sudan,2025-09-01,Malakal,percent_area_flooded,10.6300106,Unknown,2025,9,Sep,2025-09,2025-09
South Sudan,2025-09-01,Tonj East,percent_area_flooded,5.437028898,Unknown,2025,9,Sep,2025-09,2025-09
South Sudan,2025-09-01,Melut,percent_area_flooded,7.004104882,Unknown,2025,9,Sep,2025-09,2025-09
South Sudan,2025-09-01,Mundri East,percent_area_flooded,0.334011675,Unknown,2025,9,Sep,2025-09,2025-09
South Sudan,2025-09-01,Aweil West,percent_area_flooded,4.29695904,Unknown,2025,9,Sep,2025-09,2025-09
South Sudan,2025-09-01,Maridi,percent_area_flooded,0.158590425,Unknown,2025,9,Sep,2025-09,2025-09
South Sudan,2025-09-01,Ibba,percent_area_flooded,0.09722079,Unknown,2025,9,Sep,2025-09,2025-09
South Sudan,2025-09-01,Ezo,percent_area_flooded,0.079390204,Unknown,2025,9,Sep,2025-09,2025-09
South Sudan,2025-09-01,Wau,percent_area_flooded,0.594866136,Unknown,2025,9,Sep,2025-09,2025-09
South Sudan,2025-09-01,Raja,percent_area_flooded,0.645224532,Unknown,2025,9,Sep,2025-09,2025-09
South Sudan,2025-09-01,Manyo,percent_area_flooded,6.538908541,Unknown,2025,9,Sep,2025-09,2025-09
South Sudan,2025-09-01,Jur River,percent_area_flooded,0.619020377,Unknown,2025,9,Sep,2025-09,2025-09
South Sudan,2025-09-01,Tonj South,percent_area_flooded,0.78840089,Unknown,2025,9,Sep,2025-09,2025-09
South Sudan,2025-09-01,Tonj North,percent_area_flooded,16.58332269,Unknown,2025,9,Sep,2025-09,2025-09
South Sudan,2025-09-01,Gogrial West,percent_area_flooded,4.720226441,Unknown,2025,9,Sep,2025-09,2025-09
South Sudan,2025-09-01,Gogrial East,percent_area_flooded,2.418494253,Unknown,2025,9,Sep,2025-09,2025-09
South Sudan,2025-09-01,Ulang,percent_area_flooded,3.701734448,Unknown,2025,9,Sep,2025-09,2025-09
South Sudan,2025-09-01,Renk,percent_area_flooded,1.792864695,Unknown,2025,9,Sep,2025-09,2025-09
South Sudan,2025-09-01,Panyikang,percent_area_flooded,7.596190591,Unknown,2025,9,Sep,2025-09,2025-09
South Sudan,2025-09-01,Twic,percent_area_flooded,11.27965034,Unknown,2025,9,Sep,2025-09,2025-09
South Sudan,2025-09-01,Aweil South,percent_area_flooded,1.907569812,Unknown,2025,9,Sep,2025-09,2025-09
South Sudan,2025-09-01,Duk,percent_area_flooded,20.18278343,Unknown,2025,9,Sep,2025-09,2025-09
South Sudan,2025-09-01,Aweil East,percent_area_flooded,8.513840979,Unknown,2025,9,Sep,2025-09,2025-09
South Sudan,2025-09-01,Magwi,percent_area_flooded,0.339671477,Unknown,2025,9,Sep,2025-09,2025-09
South Sudan,2025-09-01,Lafon,percent_area_flooded,1.325917716,Unknown,2025,9,Sep,2025-09,2025-09
South Sudan,2025-09-01,Kapoeta South,percent_area_flooded,0.282187353,Unknown,2025,9,Sep,2025-09,2025-09
South Sudan,2025-09-01,Kapoeta North,percent_area_flooded,0.328678878,Unknown,2025,9,Sep,2025-09,2025-09
South Sudan,2025-09-01,Kapoeta East,percent_area_flooded,0.679091932,Unknown,2025,9,Sep,2025-09,2025-09
South Sudan,2025-09-01,Ikotos,percent_area_flooded,0.020512866,Unknown,2025,9,Sep,2025-09,2025-09
South Sudan,2025-09-01,Budi,percent_area_flooded,0.051493907,Unknown,2025,9,Sep,2025-09,2025-09
South Sudan,2025-09-01,Yei,percent_area_flooded,0.064347781,Unknown,2025,9,Sep,2025-09,2025-09
South Sudan,2025-09-01,Terekeka,percent_area_flooded,2.199548851,Unknown,2025,9,Sep,2025-09,2025-09
South Sudan,2025-09-01,Morobo,percent_area_flooded,0.074410979,Unknown,2025,9,Sep,2025-09,2025-09
South Sudan,2025-09-01,Lainya,percent_area_flooded,0.052420515,Unknown,2025,9,Sep,2025-09,2025-09
South Sudan,2025-09-01,Juba,percent_area_flooded,0.931832081,Unknown,2025,9,Sep,2025-09,2025-09
South Sudan,2025-09-01,Juba,percent_area_flooded,0.931832081,Unknown,2025,9,Sep,2025-09,2025-09
South Sudan,2025-09-01,Terekeka,percent_area_flooded,2.199548851,Unknown,2025,9,Sep,2025-09,2025-09
South Sudan,2025-09-01,Mvolo,percent_area_flooded,1.132373047,Unknown,2025,9,Sep,2025-09,2025-09
South Sudan,2025-09-01,Torit,percent_area_flooded,0.305599155,Unknown,2025,9,Sep,2025-09,2025-09
South Sudan,2025-09-01,Akobo,percent_area_flooded,2.696912348,Unknown,2025,9,Sep,2025-09,2025-09
South Sudan,2025-09-01,Ayod,percent_area_flooded,21.86402086,Unknown,2025,9,Sep,2025-09,2025-09
South Sudan,2025-09-01,Bor South,percent_area_flooded,4.338889166,Unknown,2025,9,Sep,2025-09,2025-09
South Sudan,2025-09-01,Aweil Centre,percent_area_flooded,1.020793548,Unknown,2025,9,Sep,2025-09,2025-09
South Sudan,2025-09-01,Yirol West,percent_area_flooded,5.480982076,Unknown,2025,9,Sep,2025-09,2025-09
South Sudan,2025-09-01,Yirol East,percent_area_flooded,15.95437245,Unknown,2025,9,Sep,2025-09,2025-09
South Sudan,2025-09-01,Wulu,percent_area_flooded,0.393031344,Unknown,2025,9,Sep,2025-09,2025-09
South Sudan,2025-09-01,Rumbek North,percent_area_flooded,0.433478876,Unknown,2025,9,Sep,2025-09,2025-09
South Sudan,2025-09-01,Rumbek East,percent_area_flooded,10.60649413,Unknown,2025,9,Sep,2025-09,2025-09
South Sudan,2025-09-01,Rumbek Centre,percent_area_flooded,2.042510646,Unknown,2025,9,Sep,2025-09,2025-09
South Sudan,2025-09-01,Aweil North,percent_area_flooded,1.933876208,Unknown,2025,9,Sep,2025-09,2025-09
South Sudan,2025-09-01,Cueibet,percent_area_flooded,0.812302774,Unknown,2025,9,Sep,2025-09,2025-09
South Sudan,2025-09-01,Uror,percent_area_flooded,2.269229267,Unknown,2025,9,Sep,2025-09,2025-09
South Sudan,2025-09-01,Twic East,percent_area_flooded,14.38869002,Unknown,2025,9,Sep,2025-09,2025-09
South Sudan,2025-09-01,Pochalla,percent_area_flooded,3.711236304,Unknown,2025,9,Sep,2025-09,2025-09
South Sudan,2025-09-01,Pibor,percent_area_flooded,1.418019613,Unknown,2025,9,Sep,2025-09,2025-09
South Sudan,2025-09-01,Nyirol,percent_area_flooded,1.919514831,Unknown,2025,9,Sep,2025-09,2025-09
South Sudan,2025-09-01,Fangak,percent_area_flooded,35.75993964,Unknown,2025,9,Sep,2025-09,2025-09
South Sudan,2025-09-01,Canal/Pigi,percent_area_flooded,8.7987932,Unknown,2025,9,Sep,2025-09,2025-09
South Sudan,2025-09-01,Awerial,percent_area_flooded,12.91811711,Unknown,2025,9,Sep,2025-09,2025-09
South Sudan,2025-09-01,Nagero,percent_area_flooded,0.44233517,Unknown,2025,9,Sep,2025-09,2025-09
South Sudan,2025-09-01,Guit,percent_area_flooded,31.86379639,Unknown,2025,9,Sep,2025-09,2025-09
South Sudan,2025-09-01,Tambura,percent_area_flooded,0.292885645,Unknown,2025,9,Sep,2025-09,2025-09
South Sudan,2025-09-01,Mvolo,percent_area_flooded,1.132373047,Unknown,2025,9,Sep,2025-09,2025-09
South Sudan,2025-09-01,Nagero,percent_area_flooded,0.44233517,Unknown,2025,9,Sep,2025-09,2025-09
South Sudan,2025-09-01,Nzara,percent_area_flooded,0.208356515,Unknown,2025,9,Sep,2025-09,2025-09
South Sudan,2025-09-01,Tambura,percent_area_flooded,0.292885645,Unknown,2025,9,Sep,2025-09,2025-09
South Sudan,2025-09-01,Yambio,percent_area_flooded,0.087515045,Unknown,2025,9,Sep,2025-09,2025-09
South Sudan,2025-09-01,Juba,percent_area_flooded,0.931832081,Unknown,2025,9,Sep,2025-09,2025-09
South Sudan,2025-09-01,Lainya,percent_area_flooded,0.052420515,Unknown,2025,9,Sep,2025-09,2025-09
South Sudan,2025-09-01,Morobo,percent_area_flooded,0.074410979,Unknown,2025,9,Sep,2025-09,2025-09
South Sudan,2025-09-01,Terekeka,percent_area_flooded,2.199548851,Unknown,2025,9,Sep,2025-09,2025-09
South Sudan,2025-09-01,Yei,percent_area_flooded,0.064347781,Unknown,2025,9,Sep,2025-09,2025-09
South Sudan,2025-09-01,Budi,percent_area_flooded,0.051493907,Unknown,2025,9,Sep,2025-09,2025-09
South Sudan,2025-09-01,Mundri West,percent_area_flooded,0.101606684,Unknown,2025,9,Sep,2025-09,2025-09
South Sudan,2025-09-01,Ikotos,percent_area_flooded,0.020512866,Unknown,2025,9,Sep,2025-09,2025-09
South Sudan,2025-09-01,Kapoeta North,percent_area_flooded,0.328678878,Unknown,2025,9,Sep,2025-09,2025-09
South Sudan,2025-09-01,Kapoeta South,percent_area_flooded,0.282187353,Unknown,2025,9,Sep,2025-09,2025-09
South Sudan,2025-09-01,Lafon,percent_area_flooded,1.325917716,Unknown,2025,9,Sep,2025-09,2025-09
South Sudan,2025-09-01,Magwi,percent_area_flooded,0.339671477,Unknown,2025,9,Sep,2025-09,2025-09
South Sudan,2025-09-01,Torit,percent_area_flooded,0.305599155,Unknown,2025,9,Sep,2025-09,2025-09
South Sudan,2025-09-01,Akobo,percent_area_flooded,2.696912348,Unknown,2025,9,Sep,2025-09,2025-09
South Sudan,2025-09-01,Ayod,percent_area_flooded,21.86402086,Unknown,2025,9,Sep,2025-09,2025-09
South Sudan,2025-09-01,Bor South,percent_area_flooded,4.338889166,Unknown,2025,9,Sep,2025-09,2025-09
South Sudan,2025-09-01,Canal/Pigi,percent_area_flooded,8.7987932,Unknown,2025,9,Sep,2025-09,2025-09
South Sudan,2025-09-01,Duk,percent_area_flooded,20.18278343,Unknown,2025,9,Sep,2025-09,2025-09
South Sudan,2025-09-01,Fangak,percent_area_flooded,35.75993964,Unknown,2025,9,Sep,2025-09,2025-09
South Sudan,2025-09-01,Kapoeta East,percent_area_flooded,0.679091932,Unknown,2025,9,Sep,2025-09,2025-09
South Sudan,2025-09-01,Mundri East,percent_area_flooded,0.334011675,Unknown,2025,9,Sep,2025-09,2025-09
South Sudan,2025-09-01,Maridi,percent_area_flooded,0.158590425,Unknown,2025,9,Sep,2025-09,2025-09
South Sudan,2025-09-01,Ibba,percent_area_flooded,0.09722079,Unknown,2025,9,Sep,2025-09,2025-09
South Sudan,2025-09-01,Panyijiar,percent_area_flooded,20.0227296,Unknown,2025,9,Sep,2025-09,2025-09
South Sudan,2025-09-01,Pariang,percent_area_flooded,14.77704915,Unknown,2025,9,Sep,2025-09,2025-09
South Sudan,2025-09-01,Rubkona,percent_area_flooded,41.84772047,Unknown,2025,9,Sep,2025-09,2025-09
South Sudan,2025-09-01,Baliet,percent_area_flooded,1.065910609,Unknown,2025,9,Sep,2025-09,2025-09
South Sudan,2025-09-01,Fashoda,percent_area_flooded,3.912611975,Unknown,2025,9,Sep,2025-09,2025-09
South Sudan,2025-09-01,Longochuk,percent_area_flooded,2.46400431,Unknown,2025,9,Sep,2025-09,2025-09
South Sudan,2025-09-01,Luakpiny/Nasir,percent_area_flooded,13.00299705,Unknown,2025,9,Sep,2025-09,2025-09
South Sudan,2025-09-01,Maban,percent_area_flooded,1.413763738,Unknown,2025,9,Sep,2025-09,2025-09
South Sudan,2025-09-01,Maiwut,percent_area_flooded,10.21066963,Unknown,2025,9,Sep,2025-09,2025-09
South Sudan,2025-09-01,Malakal,percent_area_flooded,10.6300106,Unknown,2025,9,Sep,2025-09,2025-09
South Sudan,2025-09-01,Manyo,percent_area_flooded,6.538908541,Unknown,2025,9,Sep,2025-09,2025-09
South Sudan,2025-09-01,Melut,percent_area_flooded,7.004104882,Unknown,2025,9,Sep,2025-09,2025-09
South Sudan,2025-09-01,Panyikang,percent_area_flooded,7.596190591,Unknown,2025,9,Sep,2025-09,2025-09
South Sudan,2025-09-01,Renk,percent_area_flooded,1.792864695,Unknown,2025,9,Sep,2025-09,2025-09
South Sudan,2025-09-01,Ulang,percent_area_flooded,3.701734448,Unknown,2025,9,Sep,2025-09,2025-09
South Sudan,2025-09-01,Gogrial East,percent_area_flooded,2.418494253,Unknown,2025,9,Sep,2025-09,2025-09
South Sudan,2025-09-01,Gogrial West,percent_area_flooded,4.720226441,Unknown,2025,9,Sep,2025-09,2025-09
South Sudan,2025-09-01,Tonj East,percent_area_flooded,5.437028898,Unknown,2025,9,Sep,2025-09,2025-09
South Sudan,2025-09-01,Tonj North,percent_area_flooded,16.58332269,Unknown,2025,9,Sep,2025-09,2025-09
South Sudan,2025-09-01,Tonj South,percent_area_flooded,0.78840089,Unknown,2025,9,Sep,2025-09,2025-09
South Sudan,2025-09-01,Twic,percent_area_flooded,11.27965034,Unknown,2025,9,Sep,2025-09,2025-09
South Sudan,2025-09-01,Jur River,percent_area_flooded,0.619020377,Unknown,2025,9,Sep,2025-09,2025-09
South Sudan,2025-09-01,Raja,percent_area_flooded,0.645224532,Unknown,2025,9,Sep,2025-09,2025-09
South Sudan,2025-09-01,Wau,percent_area_flooded,0.594866136,Unknown,2025,9,Sep,2025-09,2025-09
South Sudan,2025-09-01,Ezo,percent_area_flooded,0.079390204,Unknown,2025,9,Sep,2025-09,2025-09
South Sudan,2025-09-01,Nyirol,percent_area_flooded,1.919514831,Unknown,2025,9,Sep,2025-09,2025-09
South Sudan,2025-09-01,Pibor,percent_area_flooded,1.418019613,Unknown,2025,9,Sep,2025-09,2025-09
South Sudan,2025-09-01,Pochalla,percent_area_flooded,3.711236304,Unknown,2025,9,Sep,2025-09,2025-09
South Sudan,2025-09-01,Twic East,percent_area_flooded,14.38869002,Unknown,2025,9,Sep,2025-09,2025-09
South Sudan,2025-09-01,Malakal,percent_area_flooded,10.6300106,Unknown,2025,9,Sep,2025-09,2025-09
South Sudan,2025-09-01,Manyo,percent_area_flooded,6.538908541,Unknown,2025,9,Sep,2025-09,2025-09
South Sudan,2025-09-01,Melut,percent_area_flooded,7.004104882,Unknown,2025,9,Sep,2025-09,2025-09
South Sudan,2025-09-01,Panyikang,percent_area_flooded,7.596190591,Unknown,2025,9,Sep,2025-09,2025-09
South Sudan,2025-09-01,Renk,percent_area_flooded,1.792864695,Unknown,2025,9,Sep,2025-09,2025-09
South Sudan,2025-09-01,Ulang,percent_area_flooded,3.701734448,Unknown,2025,9,Sep,2025-09,2025-09
South Sudan,2025-09-01,Gogrial East,percent_area_flooded,2.418494253,Unknown,2025,9,Sep,2025-09,2025-09
South Sudan,2025-09-01,Gogrial West,percent_area_flooded,4.720226441,Unknown,2025,9,Sep,2025-09,2025-09
South Sudan,2025-09-01,Tonj East,percent_area_flooded,5.437028898,Unknown,2025,9,Sep,2025-09,2025-09
South Sudan,2025-09-01,Tonj North,percent_area_flooded,16.58332269,Unknown,2025,9,Sep,2025-09,2025-09
South Sudan,2025-09-01,Tonj South,percent_area_flooded,0.78840089,Unknown,2025,9,Sep,2025-09,2025-09
South Sudan,2025-09-01,Twic,percent_area_flooded,11.27965034,Unknown,2025,9,Sep,2025-09,2025-09
South Sudan,2025-09-01,Jur River,percent_area_flooded,0.619020377,Unknown,2025,9,Sep,2025-09,2025-09
South Sudan,2025-09-01,Raja,percent_area_flooded,0.645224532,Unknown,2025,9,Sep,2025-09,2025-09
South Sudan,2025-09-01,Wau,percent_area_flooded,0.594866136,Unknown,2025,9,Sep,2025-09,2025-09
South Sudan,2025-09-01,Ezo,percent_area_flooded,0.079390204,Unknown,2025,9,Sep,2025-09,2025-09
South Sudan,2025-09-01,Ibba,percent_area_flooded,0.09722079,Unknown,2025,9,Sep,2025-09,2025-09
South Sudan,2025-09-01,Maridi,percent_area_flooded,0.158590425,Unknown,2025,9,Sep,2025-09,2025-09
South Sudan,2025-09-01,Mundri East,percent_area_flooded,0.334011675,Unknown,2025,9,Sep,2025-09,2025-09
South Sudan,2025-09-01,Mundri West,percent_area_flooded,0.101606684,Unknown,2025,9,Sep,2025-09,2025-09
South Sudan,2025-09-01,Mvolo,percent_area_flooded,1.132373047,Unknown,2025,9,Sep,2025-09,2025-09
South Sudan,2025-09-01,Nagero,percent_area_flooded,0.44233517,Unknown,2025,9,Sep,2025-09,2025-09
South Sudan,2025-09-01,Nzara,percent_area_flooded,0.208356515,Unknown,2025,9,Sep,2025-09,2025-09
South Sudan,2025-09-01,Tambura,percent_area_flooded,0.292885645,Unknown,2025,9,Sep,2025-09,2025-09
South Sudan,2025-09-01,Yambio,percent_area_flooded,0.087515045,Unknown,2025,9,Sep,2025-09,2025-09
South Sudan,2025-09-01,Maiwut,percent_area_flooded,10.21066963,Unknown,2025,9,Sep,2025-09,2025-09
South Sudan,2025-09-01,Mayom,percent_area_flooded,16.62669015,Unknown,2025,9,Sep,2025-09,2025-09
South Sudan,2025-09-01,Maban,percent_area_flooded,1.413763738,Unknown,2025,9,Sep,2025-09,2025-09
South Sudan,2025-09-01,Longochuk,percent_area_flooded,2.46400431,Unknown,2025,9,Sep,2025-09,2025-09
South Sudan,2025-09-01,Uror,percent_area_flooded,2.269229267,Unknown,2025,9,Sep,2025-09,2025-09
South Sudan,2025-09-01,Awerial,percent_area_flooded,12.91811711,Unknown,2025,9,Sep,2025-09,2025-09
South Sudan,2025-09-01,Cueibet,percent_area_flooded,0.812302774,Unknown,2025,9,Sep,2025-09,2025-09
South Sudan,2025-09-01,Rumbek Centre,percent_area_flooded,2.042510646,Unknown,2025,9,Sep,2025-09,2025-09
South Sudan,2025-09-01,Rumbek East,percent_area_flooded,10.60649413,Unknown,2025,9,Sep,2025-09,2025-09
South Sudan,2025-09-01,Rumbek North,percent_area_flooded,0.433478876,Unknown,2025,9,Sep,2025-09,2025-09
South Sudan,2025-09-01,Wulu,percent_area_flooded,0.393031344,Unknown,2025,9,Sep,2025-09,2025-09
South Sudan,2025-09-01,Yirol East,percent_area_flooded,15.95437245,Unknown,2025,9,Sep,2025-09,2025-09
South Sudan,2025-09-01,Yirol West,percent_area_flooded,5.480982076,Unknown,2025,9,Sep,2025-09,2025-09
South Sudan,2025-09-01,Aweil Centre,percent_area_flooded,1.020793548,Unknown,2025,9,Sep,2025-09,2025-09
South Sudan,2025-09-01,Aweil East,percent_area_flooded,8.513840979,Unknown,2025,9,Sep,2025-09,2025-09
South Sudan,2025-09-01,Aweil North,percent_area_flooded,1.933876208,Unknown,2025,9,Sep,2025-09,2025-09
South Sudan,2025-09-01,Aweil South,percent_area_flooded,1.907569812,Unknown,2025,9,Sep,2025-09,2025-09
South Sudan,2025-09-01,Aweil West,percent_area_flooded,4.29695904,Unknown,2025,9,Sep,2025-09,2025-09
South Sudan,2025-09-01,Abiemnhom,percent_area_flooded,0.270590328,Unknown,2025,9,Sep,2025-09,2025-09
South Sudan,2025-09-01,Guit,percent_area_flooded,31.86379639,Unknown,2025,9,Sep,2025-09,2025-09
South Sudan,2025-09-01,Koch,percent_area_flooded,19.08786435,Unknown,2025,9,Sep,2025-09,2025-09
South Sudan,2025-09-01,Leer,percent_area_flooded,20.14311492,Unknown,2025,9,Sep,2025-09,2025-09
South Sudan,2025-09-01,Mayendit,percent_area_flooded,61.01678635,Unknown,2025,9,Sep,2025-09,2025-09
South Sudan,2025-09-01,Mayom,percent_area_flooded,16.62669015,Unknown,2025,9,Sep,2025-09,2025-09
South Sudan,2025-09-01,Panyijiar,percent_area_flooded,20.0227296,Unknown,2025,9,Sep,2025-09,2025-09
South Sudan,2025-09-01,Pariang,percent_area_flooded,14.77704915,Unknown,2025,9,Sep,2025-09,2025-09
South Sudan,2025-09-01,Rubkona,percent_area_flooded,41.84772047,Unknown,2025,9,Sep,2025-09,2025-09
South Sudan,2025-09-01,Baliet,percent_area_flooded,1.065910609,Unknown,2025,9,Sep,2025-09,2025-09
South Sudan,2025-09-01,Fashoda,percent_area_flooded,3.912611975,Unknown,2025,9,Sep,2025-09,2025-09
South Sudan,2025-09-01,Luakpiny/Nasir,percent_area_flooded,13.00299705,Unknown,2025,9,Sep,2025-09,2025-09
South Sudan,2025-09-01,Mayendit,percent_area_flooded,61.01678635,Unknown,2025,9,Sep,2025-09,2025-09
South Sudan,2025-09-01,Nzara,percent_area_flooded,0.208356515,Unknown,2025,9,Sep,2025-09,2025-09
South Sudan,2025-09-01,Koch,percent_area_flooded,19.08786435,Unknown,2025,9,Sep,2025-09,2025-09
South Sudan,2025-09-01,Duk,percent_area_flooded,20.18278343,Unknown,2025,9,Sep,2025-09,2025-09
South Sudan,2025-09-01,Canal/Pigi,percent_area_flooded,8.7987932,Unknown,2025,9,Sep,2025-09,2025-09
South Sudan,2025-09-01,Bor South,percent_area_flooded,4.338889166,Unknown,2025,9,Sep,2025-09,2025-09
South Sudan,2025-09-01,Ayod,percent_area_flooded,21.86402086,Unknown,2025,9,Sep,2025-09,2025-09
South Sudan,2025-09-01,Akobo,percent_area_flooded,2.696912348,Unknown,2025,9,Sep,2025-09,2025-09
South Sudan,2025-09-01,Torit,percent_area_flooded,0.305599155,Unknown,2025,9,Sep,2025-09,2025-09
South Sudan,2025-09-01,Magwi,percent_area_flooded,0.339671477,Unknown,2025,9,Sep,2025-09,2025-09
South Sudan,2025-09-01,Fangak,percent_area_flooded,35.75993964,Unknown,2025,9,Sep,2025-09,2025-09
South Sudan,2025-09-01,Lafon,percent_area_flooded,1.325917716,Unknown,2025,9,Sep,2025-09,2025-09
South Sudan,2025-09-01,Kapoeta North,percent_area_flooded,0.328678878,Unknown,2025,9,Sep,2025-09,2025-09
South Sudan,2025-09-01,Kapoeta East,percent_area_flooded,0.679091932,Unknown,2025,9,Sep,2025-09,2025-09
South Sudan,2025-09-01,Ikotos,percent_area_flooded,0.020512866,Unknown,2025,9,Sep,2025-09,2025-09
South Sudan,2025-09-01,Budi,percent_area_flooded,0.051493907,Unknown,2025,9,Sep,2025-09,2025-09
South Sudan,2025-09-01,Yei,percent_area_flooded,0.064347781,Unknown,2025,9,Sep,2025-09,2025-09
South Sudan,2025-09-01,Yambio,percent_area_flooded,0.087515045,Unknown,2025,9,Sep,2025-09,2025-09
South Sudan,2025-09-01,Leer,percent_area_flooded,20.14311492,Unknown,2025,9,Sep,2025-09,2025-09
South Sudan,2025-09-01,Kapoeta South,percent_area_flooded,0.282187353,Unknown,2025,9,Sep,2025-09,2025-09
South Sudan,2025-09-01,Nyirol,percent_area_flooded,1.919514831,Unknown,2025,9,Sep,2025-09,2025-09
South Sudan,2025-09-01,Morobo,percent_area_flooded,0.074410979,Unknown,2025,9,Sep,2025-09,2025-09
South Sudan,2025-09-01,Pochalla,percent_area_flooded,3.711236304,Unknown,2025,9,Sep,2025-09,2025-09
South Sudan,2025-09-01,Abiemnhom,percent_area_flooded,0.270590328,Unknown,2025,9,Sep,2025-09,2025-09
South Sudan,2025-09-01,Lainya,percent_area_flooded,0.052420515,Unknown,2025,9,Sep,2025-09,2025-09
South Sudan,2025-09-01,Aweil West,percent_area_flooded,4.29695904,Unknown,2025,9,Sep,2025-09,2025-09
South Sudan,2025-09-01,Aweil South,percent_area_flooded,1.907569812,Unknown,2025,9,Sep,2025-09,2025-09
South Sudan,2025-09-01,Aweil North,percent_area_flooded,1.933876208,Unknown,2025,9,Sep,2025-09,2025-09
South Sudan,2025-09-01,Aweil East,percent_area_flooded,8.513840979,Unknown,2025,9,Sep,2025-09,2025-09
South Sudan,2025-09-01,Aweil Centre,percent_area_flooded,1.020793548,Unknown,2025,9,Sep,2025-09,2025-09
South Sudan,2025-09-01,Yirol West,percent_area_flooded,5.480982076,Unknown,2025,9,Sep,2025-09,2025-09
South Sudan,2025-09-01,Pibor,percent_area_flooded,1.418019613,Unknown,2025,9,Sep,2025-09,2025-09
South Sudan,2025-09-01,Wulu,percent_area_flooded,0.393031344,Unknown,2025,9,Sep,2025-09,2025-09
South Sudan,2025-09-01,Rumbek North,percent_area_flooded,0.433478876,Unknown,2025,9,Sep,2025-09,2025-09
South Sudan,2025-09-01,Rumbek East,percent_area_flooded,10.60649413,Unknown,2025,9,Sep,2025-09,2025-09
South Sudan,2025-09-01,Rumbek Centre,percent_area_flooded,2.042510646,Unknown,2025,9,Sep,2025-09,2025-09
South Sudan,2025-09-01,Cueibet,percent_area_flooded,0.812302774,Unknown,2025,9,Sep,2025-09,2025-09
South Sudan,2025-09-01,Awerial,percent_area_flooded,12.91811711,Unknown,2025,9,Sep,2025-09,2025-09
South Sudan,2025-09-01,Yirol East,percent_area_flooded,15.95437245,Unknown,2025,9,Sep,2025-09,2025-09
South Sudan,2025-09-01,Uror,percent_area_flooded,2.269229267,Unknown,2025,9,Sep,2025-09,2025-09
South Sudan,2025-09-01,Twic East,percent_area_flooded,14.38869002,Unknown,2025,9,Sep,2025-09,2025-09
South Sudan,2025-09-16,Nzara,percent_area_flooded,0.13480989,Unknown,2025,9,Sep,2025-09,2025-09
South Sudan,2025-09-16,Nagero,percent_area_flooded,0.10123017,Unknown,2025,9,Sep,2025-09,2025-09
South Sudan,2025-09-16,Mvolo,percent_area_flooded,0.194496837,Unknown,2025,9,Sep,2025-09,2025-09
South Sudan,2025-09-16,Mundri East,percent_area_flooded,0.066802335,Unknown,2025,9,Sep,2025-09,2025-09
South Sudan,2025-09-16,Tambura,percent_area_flooded,0.10067152,Unknown,2025,9,Sep,2025-09,2025-09
South Sudan,2025-09-16,Maridi,percent_area_flooded,0.020870551,Unknown,2025,9,Sep,2025-09,2025-09
South Sudan,2025-09-16,Ibba,percent_area_flooded,0.037281701,Unknown,2025,9,Sep,2025-09,2025-09
South Sudan,2025-09-16,Ezo,percent_area_flooded,0.099362649,Unknown,2025,9,Sep,2025-09,2025-09
South Sudan,2025-09-16,Mundri West,percent_area_flooded,0.095352236,Unknown,2025,9,Sep,2025-09,2025-09
South Sudan,2025-09-16,Yambio,percent_area_flooded,0.136382422,Unknown,2025,9,Sep,2025-09,2025-09
South Sudan,2025-09-16,Kapoeta East,percent_area_flooded,0.646773339,Unknown,2025,9,Sep,2025-09,2025-09
South Sudan,2025-09-16,Budi,percent_area_flooded,0.030617999,Unknown,2025,9,Sep,2025-09,2025-09
South Sudan,2025-09-16,Ikotos,percent_area_flooded,0.02478638,Unknown,2025,9,Sep,2025-09,2025-09
South Sudan,2025-09-16,Kapoeta North,percent_area_flooded,0.096328603,Unknown,2025,9,Sep,2025-09,2025-09
South Sudan,2025-09-16,Kapoeta South,percent_area_flooded,0.043859031,Unknown,2025,9,Sep,2025-09,2025-09
South Sudan,2025-09-16,Lafon,percent_area_flooded,0.475506778,Unknown,2025,9,Sep,2025-09,2025-09
South Sudan,2025-09-16,Magwi,percent_area_flooded,0.273865182,Unknown,2025,9,Sep,2025-09,2025-09
South Sudan,2025-09-16,Wau,percent_area_flooded,0.216160575,Unknown,2025,9,Sep,2025-09,2025-09
South Sudan,2025-09-16,Akobo,percent_area_flooded,2.967715502,Unknown,2025,9,Sep,2025-09,2025-09
South Sudan,2025-09-16,Ayod,percent_area_flooded,16.90759045,Unknown,2025,9,Sep,2025-09,2025-09
South Sudan,2025-09-16,Bor South,percent_area_flooded,3.050613544,Unknown,2025,9,Sep,2025-09,2025-09
South Sudan,2025-09-16,Canal/Pigi,percent_area_flooded,7.442771899,Unknown,2025,9,Sep,2025-09,2025-09
South Sudan,2025-09-16,Duk,percent_area_flooded,18.28168437,Unknown,2025,9,Sep,2025-09,2025-09
South Sudan,2025-09-16,Yei,percent_area_flooded,0.055197409,Unknown,2025,9,Sep,2025-09,2025-09
South Sudan,2025-09-16,Torit,percent_area_flooded,0.087784147,Unknown,2025,9,Sep,2025-09,2025-09
South Sudan,2025-09-16,Ulang,percent_area_flooded,3.961498155,Unknown,2025,9,Sep,2025-09,2025-09
South Sudan,2025-09-16,Twic,percent_area_flooded,14.88912853,Unknown,2025,9,Sep,2025-09,2025-09
South Sudan,2025-09-16,Guit,percent_area_flooded,34.13642187,Unknown,2025,9,Sep,2025-09,2025-09
South Sudan,2025-09-16,Koch,percent_area_flooded,17.99449246,Unknown,2025,9,Sep,2025-09,2025-09
South Sudan,2025-09-16,Leer,percent_area_flooded,16.84852329,Unknown,2025,9,Sep,2025-09,2025-09
South Sudan,2025-09-16,Mayendit,percent_area_flooded,56.31883729,Unknown,2025,9,Sep,2025-09,2025-09
South Sudan,2025-09-16,Mayom,percent_area_flooded,17.33837422,Unknown,2025,9,Sep,2025-09,2025-09
South Sudan,2025-09-16,Panyijiar,percent_area_flooded,18.94593443,Unknown,2025,9,Sep,2025-09,2025-09
South Sudan,2025-09-16,Pariang,percent_area_flooded,13.95345274,Unknown,2025,9,Sep,2025-09,2025-09
South Sudan,2025-09-16,Rubkona,percent_area_flooded,40.06133426,Unknown,2025,9,Sep,2025-09,2025-09
South Sudan,2025-09-16,Baliet,percent_area_flooded,0.698855952,Unknown,2025,9,Sep,2025-09,2025-09
South Sudan,2025-09-16,Fashoda,percent_area_flooded,2.306311791,Unknown,2025,9,Sep,2025-09,2025-09
South Sudan,2025-09-16,Longochuk,percent_area_flooded,2.481557828,Unknown,2025,9,Sep,2025-09,2025-09
South Sudan,2025-09-16,Jur River,percent_area_flooded,0.161543243,Unknown,2025,9,Sep,2025-09,2025-09
South Sudan,2025-09-16,Luakpiny/Nasir,percent_area_flooded,13.23417912,Unknown,2025,9,Sep,2025-09,2025-09
South Sudan,2025-09-16,Maiwut,percent_area_flooded,9.930680748,Unknown,2025,9,Sep,2025-09,2025-09
South Sudan,2025-09-16,Malakal,percent_area_flooded,6.702008151,Unknown,2025,9,Sep,2025-09,2025-09
South Sudan,2025-09-16,Manyo,percent_area_flooded,4.002269279,Unknown,2025,9,Sep,2025-09,2025-09
South Sudan,2025-09-16,Melut,percent_area_flooded,6.084183344,Unknown,2025,9,Sep,2025-09,2025-09
South Sudan,2025-09-16,Renk,percent_area_flooded,1.836313354,Unknown,2025,9,Sep,2025-09,2025-09
South Sudan,2025-09-16,Fangak,percent_area_flooded,29.98872612,Unknown,2025,9,Sep,2025-09,2025-09
South Sudan,2025-09-16,Gogrial East,percent_area_flooded,2.92782983,Unknown,2025,9,Sep,2025-09,2025-09
South Sudan,2025-09-16,Gogrial West,percent_area_flooded,4.98807081,Unknown,2025,9,Sep,2025-09,2025-09
South Sudan,2025-09-16,Tonj East,percent_area_flooded,6.340525621,Unknown,2025,9,Sep,2025-09,2025-09
South Sudan,2025-09-16,Tonj North,percent_area_flooded,18.72276064,Unknown,2025,9,Sep,2025-09,2025-09
South Sudan,2025-09-16,Tonj South,percent_area_flooded,0.393794065,Unknown,2025,9,Sep,2025-09,2025-09
South Sudan,2025-09-16,Maban,percent_area_flooded,1.266827917,Unknown,2025,9,Sep,2025-09,2025-09
South Sudan,2025-09-16,Nyirol,percent_area_flooded,0.787023297,Unknown,2025,9,Sep,2025-09,2025-09
South Sudan,2025-09-16,Rumbek East,percent_area_flooded,12.11626182,Unknown,2025,9,Sep,2025-09,2025-09
South Sudan,2025-09-16,Pochalla,percent_area_flooded,1.633516606,Unknown,2025,9,Sep,2025-09,2025-09
South Sudan,2025-09-16,Malakal,percent_area_flooded,6.702008151,Unknown,2025,9,Sep,2025-09,2025-09
South Sudan,2025-09-16,Manyo,percent_area_flooded,4.002269279,Unknown,2025,9,Sep,2025-09,2025-09
South Sudan,2025-09-16,Melut,percent_area_flooded,6.084183344,Unknown,2025,9,Sep,2025-09,2025-09
South Sudan,2025-09-16,Panyikang,percent_area_flooded,7.536179558,Unknown,2025,9,Sep,2025-09,2025-09
South Sudan,2025-09-16,Renk,percent_area_flooded,1.836313354,Unknown,2025,9,Sep,2025-09,2025-09
South Sudan,2025-09-16,Ulang,percent_area_flooded,3.961498155,Unknown,2025,9,Sep,2025-09,2025-09
South Sudan,2025-09-16,Gogrial East,percent_area_flooded,2.92782983,Unknown,2025,9,Sep,2025-09,2025-09
South Sudan,2025-09-16,Gogrial West,percent_area_flooded,4.98807081,Unknown,2025,9,Sep,2025-09,2025-09
South Sudan,2025-09-16,Tonj East,percent_area_flooded,6.340525621,Unknown,2025,9,Sep,2025-09,2025-09
South Sudan,2025-09-16,Tonj North,percent_area_flooded,18.72276064,Unknown,2025,9,Sep,2025-09,2025-09
South Sudan,2025-09-16,Tonj South,percent_area_flooded,0.393794065,Unknown,2025,9,Sep,2025-09,2025-09
South Sudan,2025-09-16,Twic,percent_area_flooded,14.88912853,Unknown,2025,9,Sep,2025-09,2025-09
South Sudan,2025-09-16,Jur River,percent_area_flooded,0.161543243,Unknown,2025,9,Sep,2025-09,2025-09
South Sudan,2025-09-16,Raja,percent_area_flooded,0.308886612,Unknown,2025,9,Sep,2025-09,2025-09
South Sudan,2025-09-16,Wau,percent_area_flooded,0.216160575,Unknown,2025,9,Sep,2025-09,2025-09
South Sudan,2025-09-16,Ezo,percent_area_flooded,0.099362649,Unknown,2025,9,Sep,2025-09,2025-09
South Sudan,2025-09-16,Ibba,percent_area_flooded,0.037281701,Unknown,2025,9,Sep,2025-09,2025-09
South Sudan,2025-09-16,Maridi,percent_area_flooded,0.020870551,Unknown,2025,9,Sep,2025-09,2025-09
South Sudan,2025-09-16,Mundri East,percent_area_flooded,0.066802335,Unknown,2025,9,Sep,2025-09,2025-09
South Sudan,2025-09-16,Mundri West,percent_area_flooded,0.095352236,Unknown,2025,9,Sep,2025-09,2025-09
South Sudan,2025-09-16,Mvolo,percent_area_flooded,0.194496837,Unknown,2025,9,Sep,2025-09,2025-09
South Sudan,2025-09-16,Nagero,percent_area_flooded,0.10123017,Unknown,2025,9,Sep,2025-09,2025-09
South Sudan,2025-09-16,Nzara,percent_area_flooded,0.13480989,Unknown,2025,9,Sep,2025-09,2025-09
South Sudan,2025-09-16,Tambura,percent_area_flooded,0.10067152,Unknown,2025,9,Sep,2025-09,2025-09
South Sudan,2025-09-16,Yambio,percent_area_flooded,0.136382422,Unknown,2025,9,Sep,2025-09,2025-09
South Sudan,2025-09-16,Maiwut,percent_area_flooded,9.930680748,Unknown,2025,9,Sep,2025-09,2025-09
South Sudan,2025-09-16,Maban,percent_area_flooded,1.266827917,Unknown,2025,9,Sep,2025-09,2025-09
South Sudan,2025-09-16,Luakpiny/Nasir,percent_area_flooded,13.23417912,Unknown,2025,9,Sep,2025-09,2025-09
South Sudan,2025-09-16,Longochuk,percent_area_flooded,2.481557828,Unknown,2025,9,Sep,2025-09,2025-09
South Sudan,2025-09-16,Twic East,percent_area_flooded,13.38993161,Unknown,2025,9,Sep,2025-09,2025-09
South Sudan,2025-09-16,Uror,percent_area_flooded,1.860017204,Unknown,2025,9,Sep,2025-09,2025-09
South Sudan,2025-09-16,Awerial,percent_area_flooded,9.174098869,Unknown,2025,9,Sep,2025-09,2025-09
South Sudan,2025-09-16,Cueibet,percent_area_flooded,0.5485206,Unknown,2025,9,Sep,2025-09,2025-09
South Sudan,2025-09-16,Rumbek Centre,percent_area_flooded,2.333748031,Unknown,2025,9,Sep,2025-09,2025-09
South Sudan,2025-09-16,Abiemnhom,percent_area_flooded,0.079372813,Unknown,2025,9,Sep,2025-09,2025-09
South Sudan,2025-09-16,Rumbek North,percent_area_flooded,1.18738649,Unknown,2025,9,Sep,2025-09,2025-09
South Sudan,2025-09-16,Wulu,percent_area_flooded,0.189552354,Unknown,2025,9,Sep,2025-09,2025-09
South Sudan,2025-09-16,Yirol East,percent_area_flooded,14.67859667,Unknown,2025,9,Sep,2025-09,2025-09
South Sudan,2025-09-16,Yirol West,percent_area_flooded,10.50085458,Unknown,2025,9,Sep,2025-09,2025-09
South Sudan,2025-09-16,Aweil Centre,percent_area_flooded,0.324677392,Unknown,2025,9,Sep,2025-09,2025-09
South Sudan,2025-09-16,Aweil East,percent_area_flooded,7.459102426,Unknown,2025,9,Sep,2025-09,2025-09
South Sudan,2025-09-16,Pibor,percent_area_flooded,1.03788353,Unknown,2025,9,Sep,2025-09,2025-09
South Sudan,2025-09-16,Aweil North,percent_area_flooded,1.039058437,Unknown,2025,9,Sep,2025-09,2025-09
South Sudan,2025-09-16,Aweil West,percent_area_flooded,3.600923024,Unknown,2025,9,Sep,2025-09,2025-09
South Sudan,2025-09-16,Abiemnhom,percent_area_flooded,0.079372813,Unknown,2025,9,Sep,2025-09,2025-09
South Sudan,2025-09-16,Guit,percent_area_flooded,34.13642187,Unknown,2025,9,Sep,2025-09,2025-09
South Sudan,2025-09-16,Koch,percent_area_flooded,17.99449246,Unknown,2025,9,Sep,2025-09,2025-09
South Sudan,2025-09-16,Leer,percent_area_flooded,16.84852329,Unknown,2025,9,Sep,2025-09,2025-09
South Sudan,2025-09-16,Mayendit,percent_area_flooded,56.31883729,Unknown,2025,9,Sep,2025-09,2025-09
South Sudan,2025-09-16,Mayom,percent_area_flooded,17.33837422,Unknown,2025,9,Sep,2025-09,2025-09
South Sudan,2025-09-16,Panyijiar,percent_area_flooded,18.94593443,Unknown,2025,9,Sep,2025-09,2025-09
South Sudan,2025-09-16,Pariang,percent_area_flooded,13.95345274,Unknown,2025,9,Sep,2025-09,2025-09
South Sudan,2025-09-16,Rubkona,percent_area_flooded,40.06133426,Unknown,2025,9,Sep,2025-09,2025-09
South Sudan,2025-09-16,Baliet,percent_area_flooded,0.698855952,Unknown,2025,9,Sep,2025-09,2025-09
South Sudan,2025-09-16,Fashoda,percent_area_flooded,2.306311791,Unknown,2025,9,Sep,2025-09,2025-09
South Sudan,2025-09-16,Aweil South,percent_area_flooded,1.459798214,Unknown,2025,9,Sep,2025-09,2025-09
South Sudan,2025-09-16,Aweil West,percent_area_flooded,3.600923024,Unknown,2025,9,Sep,2025-09,2025-09
South Sudan,2025-09-16,Raja,percent_area_flooded,0.308886612,Unknown,2025,9,Sep,2025-09,2025-09
South Sudan,2025-09-16,Aweil North,percent_area_flooded,1.039058437,Unknown,2025,9,Sep,2025-09,2025-09
South Sudan,2025-09-16,Maban,percent_area_flooded,1.266827917,Unknown,2025,9,Sep,2025-09,2025-09
South Sudan,2025-09-16,Luakpiny/Nasir,percent_area_flooded,13.23417912,Unknown,2025,9,Sep,2025-09,2025-09
South Sudan,2025-09-16,Longochuk,percent_area_flooded,2.481557828,Unknown,2025,9,Sep,2025-09,2025-09
South Sudan,2025-09-16,Fashoda,percent_area_flooded,2.306311791,Unknown,2025,9,Sep,2025-09,2025-09
South Sudan,2025-09-16,Baliet,percent_area_flooded,0.698855952,Unknown,2025,9,Sep,2025-09,2025-09
South Sudan,2025-09-16,Rubkona,percent_area_flooded,40.06133426,Unknown,2025,9,Sep,2025-09,2025-09
South Sudan,2025-09-16,Pariang,percent_area_flooded,13.95345274,Unknown,2025,9,Sep,2025-09,2025-09
South Sudan,2025-09-16,Panyijiar,percent_area_flooded,18.94593443,Unknown,2025,9,Sep,2025-09,2025-09
South Sudan,2025-09-16,Mayom,percent_area_flooded,17.33837422,Unknown,2025,9,Sep,2025-09,2025-09
South Sudan,2025-09-16,Mayendit,percent_area_flooded,56.31883729,Unknown,2025,9,Sep,2025-09,2025-09
South Sudan,2025-09-16,Leer,percent_area_flooded,16.84852329,Unknown,2025,9,Sep,2025-09,2025-09
South Sudan,2025-09-16,Koch,percent_area_flooded,17.99449246,Unknown,2025,9,Sep,2025-09,2025-09
South Sudan,2025-09-16,Guit,percent_area_flooded,34.13642187,Unknown,2025,9,Sep,2025-09,2025-09
South Sudan,2025-09-16,Abiemnhom,percent_area_flooded,0.079372813,Unknown,2025,9,Sep,2025-09,2025-09
South Sudan,2025-09-16,Aweil West,percent_area_flooded,3.600923024,Unknown,2025,9,Sep,2025-09,2025-09
South Sudan,2025-09-16,Aweil South,percent_area_flooded,1.459798214,Unknown,2025,9,Sep,2025-09,2025-09
South Sudan,2025-09-16,Aweil North,percent_area_flooded,1.039058437,Unknown,2025,9,Sep,2025-09,2025-09
South Sudan,2025-09-16,Aweil East,percent_area_flooded,7.459102426,Unknown,2025,9,Sep,2025-09,2025-09
South Sudan,2025-09-16,Aweil Centre,percent_area_flooded,0.324677392,Unknown,2025,9,Sep,2025-09,2025-09
South Sudan,2025-09-16,Yirol West,percent_area_flooded,10.50085458,Unknown,2025,9,Sep,2025-09,2025-09
South Sudan,2025-09-16,Yirol East,percent_area_flooded,14.67859667,Unknown,2025,9,Sep,2025-09,2025-09
South Sudan,2025-09-16,Wulu,percent_area_flooded,0.189552354,Unknown,2025,9,Sep,2025-09,2025-09
South Sudan,2025-09-16,Rumbek North,percent_area_flooded,1.18738649,Unknown,2025,9,Sep,2025-09,2025-09
South Sudan,2025-09-16,Rumbek East,percent_area_flooded,12.11626182,Unknown,2025,9,Sep,2025-09,2025-09
South Sudan,2025-09-16,Rumbek Centre,percent_area_flooded,2.333748031,Unknown,2025,9,Sep,2025-09,2025-09
South Sudan,2025-09-16,Maiwut,percent_area_flooded,9.930680748,Unknown,2025,9,Sep,2025-09,2025-09
South Sudan,2025-09-16,Cueibet,percent_area_flooded,0.5485206,Unknown,2025,9,Sep,2025-09,2025-09
South Sudan,2025-09-16,Malakal,percent_area_flooded,6.702008151,Unknown,2025,9,Sep,2025-09,2025-09
South Sudan,2025-09-16,Melut,percent_area_flooded,6.084183344,Unknown,2025,9,Sep,2025-09,2025-09
South Sudan,2025-09-16,Juba,percent_area_flooded,0.444058118,Unknown,2025,9,Sep,2025-09,2025-09
South Sudan,2025-09-16,Lainya,percent_area_flooded,0.043636537,Unknown,2025,9,Sep,2025-09,2025-09
South Sudan,2025-09-16,Terekeka,percent_area_flooded,1.326091227,Unknown,2025,9,Sep,2025-09,2025-09
South Sudan,2025-09-16,Yambio,percent_area_flooded,0.136382422,Unknown,2025,9,Sep,2025-09,2025-09
South Sudan,2025-09-16,Tambura,percent_area_flooded,0.10067152,Unknown,2025,9,Sep,2025-09,2025-09
South Sudan,2025-09-16,Nzara,percent_area_flooded,0.13480989,Unknown,2025,9,Sep,2025-09,2025-09
South Sudan,2025-09-16,Nagero,percent_area_flooded,0.10123017,Unknown,2025,9,Sep,2025-09,2025-09
South Sudan,2025-09-16,Mvolo,percent_area_flooded,0.194496837,Unknown,2025,9,Sep,2025-09,2025-09
South Sudan,2025-09-16,Mundri West,percent_area_flooded,0.095352236,Unknown,2025,9,Sep,2025-09,2025-09
South Sudan,2025-09-16,Mundri East,percent_area_flooded,0.066802335,Unknown,2025,9,Sep,2025-09,2025-09
South Sudan,2025-09-16,Maridi,percent_area_flooded,0.020870551,Unknown,2025,9,Sep,2025-09,2025-09
South Sudan,2025-09-16,Ibba,percent_area_flooded,0.037281701,Unknown,2025,9,Sep,2025-09,2025-09
South Sudan,2025-09-16,Ezo,percent_area_flooded,0.099362649,Unknown,2025,9,Sep,2025-09,2025-09
South Sudan,2025-09-16,Wau,percent_area_flooded,0.216160575,Unknown,2025,9,Sep,2025-09,2025-09
South Sudan,2025-09-16,Raja,percent_area_flooded,0.308886612,Unknown,2025,9,Sep,2025-09,2025-09
South Sudan,2025-09-16,Jur River,percent_area_flooded,0.161543243,Unknown,2025,9,Sep,2025-09,2025-09
South Sudan,2025-09-16,Twic,percent_area_flooded,14.88912853,Unknown,2025,9,Sep,2025-09,2025-09
South Sudan,2025-09-16,Tonj South,percent_area_flooded,0.393794065,Unknown,2025,9,Sep,2025-09,2025-09
South Sudan,2025-09-16,Aweil South,percent_area_flooded,1.459798214,Unknown,2025,9,Sep,2025-09,2025-09
South Sudan,2025-09-16,Tonj East,percent_area_flooded,6.340525621,Unknown,2025,9,Sep,2025-09,2025-09
South Sudan,2025-09-16,Gogrial West,percent_area_flooded,4.98807081,Unknown,2025,9,Sep,2025-09,2025-09
South Sudan,2025-09-16,Gogrial East,percent_area_flooded,2.92782983,Unknown,2025,9,Sep,2025-09,2025-09
South Sudan,2025-09-16,Ulang,percent_area_flooded,3.961498155,Unknown,2025,9,Sep,2025-09,2025-09
South Sudan,2025-09-16,Renk,percent_area_flooded,1.836313354,Unknown,2025,9,Sep,2025-09,2025-09
South Sudan,2025-09-16,Panyikang,percent_area_flooded,7.536179558,Unknown,2025,9,Sep,2025-09,2025-09
South Sudan,2025-09-16,Manyo,percent_area_flooded,4.002269279,Unknown,2025,9,Sep,2025-09,2025-09
South Sudan,2025-09-16,Awerial,percent_area_flooded,9.174098869,Unknown,2025,9,Sep,2025-09,2025-09
South Sudan,2025-09-16,Tonj North,percent_area_flooded,18.72276064,Unknown,2025,9,Sep,2025-09,2025-09
South Sudan,2025-09-16,Twic East,percent_area_flooded,13.38993161,Unknown,2025,9,Sep,2025-09,2025-09
South Sudan,2025-09-16,Lafon,percent_area_flooded,0.475506778,Unknown,2025,9,Sep,2025-09,2025-09
South Sudan,2025-09-16,Magwi,percent_area_flooded,0.273865182,Unknown,2025,9,Sep,2025-09,2025-09
South Sudan,2025-09-16,Torit,percent_area_flooded,0.087784147,Unknown,2025,9,Sep,2025-09,2025-09
South Sudan,2025-09-16,Akobo,percent_area_flooded,2.967715502,Unknown,2025,9,Sep,2025-09,2025-09
South Sudan,2025-09-16,Ayod,percent_area_flooded,16.90759045,Unknown,2025,9,Sep,2025-09,2025-09
South Sudan,2025-09-16,Bor South,percent_area_flooded,3.050613544,Unknown,2025,9,Sep,2025-09,2025-09
South Sudan,2025-09-16,Canal/Pigi,percent_area_flooded,7.442771899,Unknown,2025,9,Sep,2025-09,2025-09
South Sudan,2025-09-16,Duk,percent_area_flooded,18.28168437,Unknown,2025,9,Sep,2025-09,2025-09
South Sudan,2025-09-16,Fangak,percent_area_flooded,29.98872612,Unknown,2025,9,Sep,2025-09,2025-09
South Sudan,2025-09-16,Nyirol,percent_area_flooded,0.787023297,Unknown,2025,9,Sep,2025-09,2025-09
South Sudan,2025-09-16,Pibor,percent_area_flooded,1.03788353,Unknown,2025,9,Sep,2025-09,2025-09
South Sudan,2025-09-16,Pochalla,percent_area_flooded,1.633516606,Unknown,2025,9,Sep,2025-09,2025-09
South Sudan,2025-09-16,Twic East,percent_area_flooded,13.38993161,Unknown,2025,9,Sep,2025-09,2025-09
South Sudan,2025-09-16,Uror,percent_area_flooded,1.860017204,Unknown,2025,9,Sep,2025-09,2025-09
South Sudan,2025-09-16,Awerial,percent_area_flooded,9.174098869,Unknown,2025,9,Sep,2025-09,2025-09
South Sudan,2025-09-16,Cueibet,percent_area_flooded,0.5485206,Unknown,2025,9,Sep,2025-09,2025-09
South Sudan,2025-09-16,Rumbek Centre,percent_area_flooded,2.333748031,Unknown,2025,9,Sep,2025-09,2025-09
South Sudan,2025-09-16,Rumbek East,percent_area_flooded,12.11626182,Unknown,2025,9,Sep,2025-09,2025-09
South Sudan,2025-09-16,Rumbek North,percent_area_flooded,1.18738649,Unknown,2025,9,Sep,2025-09,2025-09
South Sudan,2025-09-16,Wulu,percent_area_flooded,0.189552354,Unknown,2025,9,Sep,2025-09,2025-09
South Sudan,2025-09-16,Yirol East,percent_area_flooded,14.67859667,Unknown,2025,9,Sep,2025-09,2025-09
South Sudan,2025-09-16,Yirol West,percent_area_flooded,10.50085458,Unknown,2025,9,Sep,2025-09,2025-09
South Sudan,2025-09-16,Aweil Centre,percent_area_flooded,0.324677392,Unknown,2025,9,Sep,2025-09,2025-09
South Sudan,2025-09-16,Aweil East,percent_area_flooded,7.459102426,Unknown,2025,9,Sep,2025-09,2025-09
South Sudan,2025-09-16,Uror,percent_area_flooded,1.860017204,Unknown,2025,9,Sep,2025-09,2025-09
South Sudan,2025-09-16,Kapoeta South,percent_area_flooded,0.043859031,Unknown,2025,9,Sep,2025-09,2025-09
South Sudan,2025-09-16,Kapoeta North,percent_area_flooded,0.096328603,Unknown,2025,9,Sep,2025-09,2025-09
South Sudan,2025-09-16,Panyikang,percent_area_flooded,7.536179558,Unknown,2025,9,Sep,2025-09,2025-09
South Sudan,2025-09-16,Ikotos,percent_area_flooded,0.02478638,Unknown,2025,9,Sep,2025-09,2025-09
South Sudan,2025-09-16,Kapoeta East,percent_area_flooded,0.646773339,Unknown,2025,9,Sep,2025-09,2025-09
South Sudan,2025-09-16,Pochalla,percent_area_flooded,1.633516606,Unknown,2025,9,Sep,2025-09,2025-09
South Sudan,2025-09-16,Pibor,percent_area_flooded,1.03788353,Unknown,2025,9,Sep,2025-09,2025-09
South Sudan,2025-09-16,Nyirol,percent_area_flooded,0.787023297,Unknown,2025,9,Sep,2025-09,2025-09
South Sudan,2025-09-16,Fangak,percent_area_flooded,29.98872612,Unknown,2025,9,Sep,2025-09,2025-09
South Sudan,2025-09-16,Duk,percent_area_flooded,18.28168437,Unknown,2025,9,Sep,2025-09,2025-09
South Sudan,2025-09-16,Bor South,percent_area_flooded,3.050613544,Unknown,2025,9,Sep,2025-09,2025-09
South Sudan,2025-09-16,Ayod,percent_area_flooded,16.90759045,Unknown,2025,9,Sep,2025-09,2025-09
South Sudan,2025-09-16,Akobo,percent_area_flooded,2.967715502,Unknown,2025,9,Sep,2025-09,2025-09
South Sudan,2025-09-16,Torit,percent_area_flooded,0.087784147,Unknown,2025,9,Sep,2025-09,2025-09
South Sudan,2025-09-16,Magwi,percent_area_flooded,0.273865182,Unknown,2025,9,Sep,2025-09,2025-09
South Sudan,2025-09-16,Lafon,percent_area_flooded,0.475506778,Unknown,2025,9,Sep,2025-09,2025-09
South Sudan,2025-09-16,Kapoeta South,percent_area_flooded,0.043859031,Unknown,2025,9,Sep,2025-09,2025-09
South Sudan,2025-09-16,Canal/Pigi,percent_area_flooded,7.442771899,Unknown,2025,9,Sep,2025-09,2025-09
South Sudan,2025-09-16,Kapoeta East,percent_area_flooded,0.646773339,Unknown,2025,9,Sep,2025-09,2025-09
South Sudan,2025-09-16,Yei,percent_area_flooded,0.055197409,Unknown,2025,9,Sep,2025-09,2025-09
South Sudan,2025-09-16,Budi,percent_area_flooded,0.030617999,Unknown,2025,9,Sep,2025-09,2025-09
South Sudan,2025-09-16,Kapoeta North,percent_area_flooded,0.096328603,Unknown,2025,9,Sep,2025-09,2025-09
South Sudan,2025-09-16,Terekeka,percent_area_flooded,1.326091227,Unknown,2025,9,Sep,2025-09,2025-09
South Sudan,2025-09-16,Juba,percent_area_flooded,0.444058118,Unknown,2025,9,Sep,2025-09,2025-09
South Sudan,2025-09-16,Juba,percent_area_flooded,0.444058118,Unknown,2025,9,Sep,2025-09,2025-09
South Sudan,2025-09-16,Lainya,percent_area_flooded,0.043636537,Unknown,2025,9,Sep,2025-09,2025-09
South Sudan,2025-09-16,Lainya,percent_area_flooded,0.043636537,Unknown,2025,9,Sep,2025-09,2025-09
South Sudan,2025-09-16,Terekeka,percent_area_flooded,1.326091227,Unknown,2025,9,Sep,2025-09,2025-09
South Sudan,2025-09-16,Yei,percent_area_flooded,0.055197409,Unknown,2025,9,Sep,2025-09,2025-09
South Sudan,2025-09-16,Budi,percent_area_flooded,0.030617999,Unknown,2025,9,Sep,2025-09,2025-09
South Sudan,2025-09-16,Ikotos,percent_area_flooded,0.02478638,Unknown,2025,9,Sep,2025-09,2025-09
South Sudan,2025-10-01,Malakal,percent_area_flooded,10.20943136,Unknown,2025,10,Oct,2025-10,2025-10
South Sudan,2025-10-01,Panyikang,percent_area_flooded,8.409698677,Unknown,2025,10,Oct,2025-10,2025-10
South Sudan,2025-10-01,Melut,percent_area_flooded,4.064664794,Unknown,2025,10,Oct,2025-10,2025-10
South Sudan,2025-10-01,Manyo,percent_area_flooded,3.7040043,Unknown,2025,10,Oct,2025-10,2025-10
South Sudan,2025-10-01,Renk,percent_area_flooded,1.587188268,Unknown,2025,10,Oct,2025-10,2025-10
South Sudan,2025-10-01,Maiwut,percent_area_flooded,6.475923196,Unknown,2025,10,Oct,2025-10,2025-10
South Sudan,2025-10-01,Baliet,percent_area_flooded,0.547518301,Unknown,2025,10,Oct,2025-10,2025-10
South Sudan,2025-10-01,Luakpiny/Nasir,percent_area_flooded,14.98184127,Unknown,2025,10,Oct,2025-10,2025-10
South Sudan,2025-10-01,Longochuk,percent_area_flooded,1.826273676,Unknown,2025,10,Oct,2025-10,2025-10
South Sudan,2025-10-01,Fashoda,percent_area_flooded,1.559775735,Unknown,2025,10,Oct,2025-10,2025-10
South Sudan,2025-10-01,Rubkona,percent_area_flooded,41.28555364,Unknown,2025,10,Oct,2025-10,2025-10
South Sudan,2025-10-01,Pariang,percent_area_flooded,13.75000034,Unknown,2025,10,Oct,2025-10,2025-10
South Sudan,2025-10-01,Panyijiar,percent_area_flooded,15.79028269,Unknown,2025,10,Oct,2025-10,2025-10
South Sudan,2025-10-01,Ulang,percent_area_flooded,4.387730152,Unknown,2025,10,Oct,2025-10,2025-10
South Sudan,2025-10-01,Maban,percent_area_flooded,0.32713968,Unknown,2025,10,Oct,2025-10,2025-10
South Sudan,2025-10-01,Gogrial East,percent_area_flooded,6.758693405,Unknown,2025,10,Oct,2025-10,2025-10
South Sudan,2025-10-01,Mundri West,percent_area_flooded,0.088444495,Unknown,2025,10,Oct,2025-10,2025-10
South Sudan,2025-10-01,Tonj East,percent_area_flooded,1.71821022,Unknown,2025,10,Oct,2025-10,2025-10
South Sudan,2025-10-01,Yambio,percent_area_flooded,0.092020324,Unknown,2025,10,Oct,2025-10,2025-10
South Sudan,2025-10-01,Tambura,percent_area_flooded,0.075999461,Unknown,2025,10,Oct,2025-10,2025-10
South Sudan,2025-10-01,Nzara,percent_area_flooded,0.099648768,Unknown,2025,10,Oct,2025-10,2025-10
South Sudan,2025-10-01,Nagero,percent_area_flooded,0.165862939,Unknown,2025,10,Oct,2025-10,2025-10
South Sudan,2025-10-01,Mvolo,percent_area_flooded,0.248139204,Unknown,2025,10,Oct,2025-10,2025-10
South Sudan,2025-10-01,Mayom,percent_area_flooded,19.94880373,Unknown,2025,10,Oct,2025-10,2025-10
South Sudan,2025-10-01,Mundri East,percent_area_flooded,0.047131677,Unknown,2025,10,Oct,2025-10,2025-10
South Sudan,2025-10-01,Gogrial West,percent_area_flooded,7.11541186,Unknown,2025,10,Oct,2025-10,2025-10
South Sudan,2025-10-01,Maridi,percent_area_flooded,0.097009415,Unknown,2025,10,Oct,2025-10,2025-10
South Sudan,2025-10-01,Ezo,percent_area_flooded,0.091395372,Unknown,2025,10,Oct,2025-10,2025-10
South Sudan,2025-10-01,Wau,percent_area_flooded,0.144036104,Unknown,2025,10,Oct,2025-10,2025-10
South Sudan,2025-10-01,Raja,percent_area_flooded,0.327720775,Unknown,2025,10,Oct,2025-10,2025-10
South Sudan,2025-10-01,Jur River,percent_area_flooded,0.094592979,Unknown,2025,10,Oct,2025-10,2025-10
South Sudan,2025-10-01,Twic,percent_area_flooded,18.06526436,Unknown,2025,10,Oct,2025-10,2025-10
South Sudan,2025-10-01,Tonj South,percent_area_flooded,0.20878307,Unknown,2025,10,Oct,2025-10,2025-10
South Sudan,2025-10-01,Tonj North,percent_area_flooded,17.77772281,Unknown,2025,10,Oct,2025-10,2025-10
South Sudan,2025-10-01,Ibba,percent_area_flooded,0.069002044,Unknown,2025,10,Oct,2025-10,2025-10
South Sudan,2025-10-01,Mayendit,percent_area_flooded,48.16225176,Unknown,2025,10,Oct,2025-10,2025-10
South Sudan,2025-10-01,Rumbek East,percent_area_flooded,10.93323513,Unknown,2025,10,Oct,2025-10,2025-10
South Sudan,2025-10-01,Koch,percent_area_flooded,16.05265683,Unknown,2025,10,Oct,2025-10,2025-10
South Sudan,2025-10-01,Duk,percent_area_flooded,13.8517029,Unknown,2025,10,Oct,2025-10,2025-10
South Sudan,2025-10-01,Canal/Pigi,percent_area_flooded,7.631106965,Unknown,2025,10,Oct,2025-10,2025-10
South Sudan,2025-10-01,Bor South,percent_area_flooded,1.983287642,Unknown,2025,10,Oct,2025-10,2025-10
South Sudan,2025-10-01,Ayod,percent_area_flooded,15.03844853,Unknown,2025,10,Oct,2025-10,2025-10
South Sudan,2025-10-01,Akobo,percent_area_flooded,1.245511122,Unknown,2025,10,Oct,2025-10,2025-10
South Sudan,2025-10-01,Magwi,percent_area_flooded,0.093160462,Unknown,2025,10,Oct,2025-10,2025-10
South Sudan,2025-10-01,Lafon,percent_area_flooded,0.125563033,Unknown,2025,10,Oct,2025-10,2025-10
South Sudan,2025-10-01,Kapoeta North,percent_area_flooded,0.078861478,Unknown,2025,10,Oct,2025-10,2025-10
South Sudan,2025-10-01,Kapoeta East,percent_area_flooded,0.443025685,Unknown,2025,10,Oct,2025-10,2025-10
South Sudan,2025-10-01,Ikotos,percent_area_flooded,0.033872667,Unknown,2025,10,Oct,2025-10,2025-10
South Sudan,2025-10-01,Budi,percent_area_flooded,0.056689313,Unknown,2025,10,Oct,2025-10,2025-10
South Sudan,2025-10-01,Yei,percent_area_flooded,0.056378102,Unknown,2025,10,Oct,2025-10,2025-10
South Sudan,2025-10-01,Terekeka,percent_area_flooded,1.215948722,Unknown,2025,10,Oct,2025-10,2025-10
South Sudan,2025-10-01,Lainya,percent_area_flooded,0.154144649,Unknown,2025,10,Oct,2025-10,2025-10
South Sudan,2025-10-01,Juba,percent_area_flooded,0.414842349,Unknown,2025,10,Oct,2025-10,2025-10
South Sudan,2025-10-01,Fangak,percent_area_flooded,29.17329403,Unknown,2025,10,Oct,2025-10,2025-10
South Sudan,2025-10-01,Nyirol,percent_area_flooded,0.597904432,Unknown,2025,10,Oct,2025-10,2025-10
South Sudan,2025-10-01,Pibor,percent_area_flooded,0.487612609,Unknown,2025,10,Oct,2025-10,2025-10
South Sudan,2025-10-01,Pochalla,percent_area_flooded,0.650522513,Unknown,2025,10,Oct,2025-10,2025-10
South Sudan,2025-10-01,Guit,percent_area_flooded,43.8165891,Unknown,2025,10,Oct,2025-10,2025-10
South Sudan,2025-10-01,Abiemnhom,percent_area_flooded,0.078532231,Unknown,2025,10,Oct,2025-10,2025-10
South Sudan,2025-10-01,Aweil West,percent_area_flooded,5.216839926,Unknown,2025,10,Oct,2025-10,2025-10
South Sudan,2025-10-01,Aweil South,percent_area_flooded,3.339402825,Unknown,2025,10,Oct,2025-10,2025-10
South Sudan,2025-10-01,Aweil North,percent_area_flooded,1.613547524,Unknown,2025,10,Oct,2025-10,2025-10
South Sudan,2025-10-01,Aweil East,percent_area_flooded,10.03280004,Unknown,2025,10,Oct,2025-10,2025-10
South Sudan,2025-10-01,Aweil Centre,percent_area_flooded,0.40634385,Unknown,2025,10,Oct,2025-10,2025-10
South Sudan,2025-10-01,Leer,percent_area_flooded,12.93837125,Unknown,2025,10,Oct,2025-10,2025-10
South Sudan,2025-10-01,Yirol West,percent_area_flooded,6.25880399,Unknown,2025,10,Oct,2025-10,2025-10
South Sudan,2025-10-01,Wulu,percent_area_flooded,0.09114858,Unknown,2025,10,Oct,2025-10,2025-10
South Sudan,2025-10-01,Rumbek North,percent_area_flooded,0.364112655,Unknown,2025,10,Oct,2025-10,2025-10
South Sudan,2025-10-01,Rumbek Centre,percent_area_flooded,3.357312725,Unknown,2025,10,Oct,2025-10,2025-10
South Sudan,2025-10-01,Cueibet,percent_area_flooded,0.716828215,Unknown,2025,10,Oct,2025-10,2025-10
South Sudan,2025-10-01,Awerial,percent_area_flooded,8.301712794,Unknown,2025,10,Oct,2025-10,2025-10
South Sudan,2025-10-01,Uror,percent_area_flooded,0.911206543,Unknown,2025,10,Oct,2025-10,2025-10
South Sudan,2025-10-01,Twic East,percent_area_flooded,10.24735094,Unknown,2025,10,Oct,2025-10,2025-10
South Sudan,2025-10-01,Yirol East,percent_area_flooded,11.94952431,Unknown,2025,10,Oct,2025-10,2025-10
South Sudan,2025-10-01,Torit,percent_area_flooded,0.010227279,Unknown,2025,10,Oct,2025-10,2025-10
South Sudan,2025-10-01,Tambura,percent_area_flooded,0.075999461,Unknown,2025,10,Oct,2025-10,2025-10
South Sudan,2025-10-01,Fashoda,percent_area_flooded,1.559775735,Unknown,2025,10,Oct,2025-10,2025-10
South Sudan,2025-10-01,Maridi,percent_area_flooded,0.097009415,Unknown,2025,10,Oct,2025-10,2025-10
South Sudan,2025-10-01,Mundri East,percent_area_flooded,0.047131677,Unknown,2025,10,Oct,2025-10,2025-10
South Sudan,2025-10-01,Mundri West,percent_area_flooded,0.088444495,Unknown,2025,10,Oct,2025-10,2025-10
South Sudan,2025-10-01,Mvolo,percent_area_flooded,0.248139204,Unknown,2025,10,Oct,2025-10,2025-10
South Sudan,2025-10-01,Nagero,percent_area_flooded,0.165862939,Unknown,2025,10,Oct,2025-10,2025-10
South Sudan,2025-10-01,Nzara,percent_area_flooded,0.099648768,Unknown,2025,10,Oct,2025-10,2025-10
South Sudan,2025-10-01,Tambura,percent_area_flooded,0.075999461,Unknown,2025,10,Oct,2025-10,2025-10
South Sudan,2025-10-01,Yambio,percent_area_flooded,0.092020324,Unknown,2025,10,Oct,2025-10,2025-10
South Sudan,2025-10-01,Juba,percent_area_flooded,0.414842349,Unknown,2025,10,Oct,2025-10,2025-10
South Sudan,2025-10-01,Lainya,percent_area_flooded,0.154144649,Unknown,2025,10,Oct,2025-10,2025-10
South Sudan,2025-10-01,Terekeka,percent_area_flooded,1.215948722,Unknown,2025,10,Oct,2025-10,2025-10
South Sudan,2025-10-01,Ibba,percent_area_flooded,0.069002044,Unknown,2025,10,Oct,2025-10,2025-10
South Sudan,2025-10-01,Yei,percent_area_flooded,0.056378102,Unknown,2025,10,Oct,2025-10,2025-10
South Sudan,2025-10-01,Ikotos,percent_area_flooded,0.033872667,Unknown,2025,10,Oct,2025-10,2025-10
South Sudan,2025-10-01,Kapoeta East,percent_area_flooded,0.443025685,Unknown,2025,10,Oct,2025-10,2025-10
South Sudan,2025-10-01,Kapoeta North,percent_area_flooded,0.078861478,Unknown,2025,10,Oct,2025-10,2025-10
South Sudan,2025-10-01,Lafon,percent_area_flooded,0.125563033,Unknown,2025,10,Oct,2025-10,2025-10
South Sudan,2025-10-01,Magwi,percent_area_flooded,0.093160462,Unknown,2025,10,Oct,2025-10,2025-10
South Sudan,2025-10-01,Torit,percent_area_flooded,0.010227279,Unknown,2025,10,Oct,2025-10,2025-10
South Sudan,2025-10-01,Akobo,percent_area_flooded,1.245511122,Unknown,2025,10,Oct,2025-10,2025-10
South Sudan,2025-10-01,Ayod,percent_area_flooded,15.03844853,Unknown,2025,10,Oct,2025-10,2025-10
South Sudan,2025-10-01,Bor South,percent_area_flooded,1.983287642,Unknown,2025,10,Oct,2025-10,2025-10
South Sudan,2025-10-01,Canal/Pigi,percent_area_flooded,7.631106965,Unknown,2025,10,Oct,2025-10,2025-10
South Sudan,2025-10-01,Duk,percent_area_flooded,13.8517029,Unknown,2025,10,Oct,2025-10,2025-10
South Sudan,2025-10-01,Budi,percent_area_flooded,0.056689313,Unknown,2025,10,Oct,2025-10,2025-10
South Sudan,2025-10-01,Fangak,percent_area_flooded,29.17329403,Unknown,2025,10,Oct,2025-10,2025-10
South Sudan,2025-10-01,Ezo,percent_area_flooded,0.091395372,Unknown,2025,10,Oct,2025-10,2025-10
South Sudan,2025-10-01,Raja,percent_area_flooded,0.327720775,Unknown,2025,10,Oct,2025-10,2025-10
South Sudan,2025-10-01,Leer,percent_area_flooded,12.93837125,Unknown,2025,10,Oct,2025-10,2025-10
South Sudan,2025-10-01,Mayendit,percent_area_flooded,48.16225176,Unknown,2025,10,Oct,2025-10,2025-10
South Sudan,2025-10-01,Mayom,percent_area_flooded,19.94880373,Unknown,2025,10,Oct,2025-10,2025-10
South Sudan,2025-10-01,Panyijiar,percent_area_flooded,15.79028269,Unknown,2025,10,Oct,2025-10,2025-10
South Sudan,2025-10-01,Pariang,percent_area_flooded,13.75000034,Unknown,2025,10,Oct,2025-10,2025-10
South Sudan,2025-10-01,Rubkona,percent_area_flooded,41.28555364,Unknown,2025,10,Oct,2025-10,2025-10
South Sudan,2025-10-01,Baliet,percent_area_flooded,0.547518301,Unknown,2025,10,Oct,2025-10,2025-10
South Sudan,2025-10-01,Fashoda,percent_area_flooded,1.559775735,Unknown,2025,10,Oct,2025-10,2025-10
South Sudan,2025-10-01,Longochuk,percent_area_flooded,1.826273676,Unknown,2025,10,Oct,2025-10,2025-10
South Sudan,2025-10-01,Luakpiny/Nasir,percent_area_flooded,14.98184127,Unknown,2025,10,Oct,2025-10,2025-10
South Sudan,2025-10-01,Maban,percent_area_flooded,0.32713968,Unknown,2025,10,Oct,2025-10,2025-10
South Sudan,2025-10-01,Wau,percent_area_flooded,0.144036104,Unknown,2025,10,Oct,2025-10,2025-10
South Sudan,2025-10-01,Maiwut,percent_area_flooded,6.475923196,Unknown,2025,10,Oct,2025-10,2025-10
South Sudan,2025-10-01,Manyo,percent_area_flooded,3.7040043,Unknown,2025,10,Oct,2025-10,2025-10
South Sudan,2025-10-01,Melut,percent_area_flooded,4.064664794,Unknown,2025,10,Oct,2025-10,2025-10
South Sudan,2025-10-01,Panyikang,percent_area_flooded,8.409698677,Unknown,2025,10,Oct,2025-10,2025-10
South Sudan,2025-10-01,Ulang,percent_area_flooded,4.387730152,Unknown,2025,10,Oct,2025-10,2025-10
South Sudan,2025-10-01,Gogrial East,percent_area_flooded,6.758693405,Unknown,2025,10,Oct,2025-10,2025-10
South Sudan,2025-10-01,Gogrial West,percent_area_flooded,7.11541186,Unknown,2025,10,Oct,2025-10,2025-10
South Sudan,2025-10-01,Tonj East,percent_area_flooded,1.71821022,Unknown,2025,10,Oct,2025-10,2025-10
South Sudan,2025-10-01,Tonj North,percent_area_flooded,17.77772281,Unknown,2025,10,Oct,2025-10,2025-10
South Sudan,2025-10-01,Tonj South,percent_area_flooded,0.20878307,Unknown,2025,10,Oct,2025-10,2025-10
South Sudan,2025-10-01,Twic,percent_area_flooded,18.06526436,Unknown,2025,10,Oct,2025-10,2025-10
South Sudan,2025-10-01,Jur River,percent_area_flooded,0.094592979,Unknown,2025,10,Oct,2025-10,2025-10
South Sudan,2025-10-01,Malakal,percent_area_flooded,10.20943136,Unknown,2025,10,Oct,2025-10,2025-10
South Sudan,2025-10-01,Nyirol,percent_area_flooded,0.597904432,Unknown,2025,10,Oct,2025-10,2025-10
South Sudan,2025-10-01,Pibor,percent_area_flooded,0.487612609,Unknown,2025,10,Oct,2025-10,2025-10
South Sudan,2025-10-01,Pochalla,percent_area_flooded,0.650522513,Unknown,2025,10,Oct,2025-10,2025-10
South Sudan,2025-10-01,Maiwut,percent_area_flooded,6.475923196,Unknown,2025,10,Oct,2025-10,2025-10
South Sudan,2025-10-01,Malakal,percent_area_flooded,10.20943136,Unknown,2025,10,Oct,2025-10,2025-10
South Sudan,2025-10-01,Manyo,percent_area_flooded,3.7040043,Unknown,2025,10,Oct,2025-10,2025-10
South Sudan,2025-10-01,Melut,percent_area_flooded,4.064664794,Unknown,2025,10,Oct,2025-10,2025-10
South Sudan,2025-10-01,Panyikang,percent_area_flooded,8.409698677,Unknown,2025,10,Oct,2025-10,2025-10
South Sudan,2025-10-01,Renk,percent_area_flooded,1.587188268,Unknown,2025,10,Oct,2025-10,2025-10
South Sudan,2025-10-01,Ulang,percent_area_flooded,4.387730152,Unknown,2025,10,Oct,2025-10,2025-10
South Sudan,2025-10-01,Gogrial East,percent_area_flooded,6.758693405,Unknown,2025,10,Oct,2025-10,2025-10
South Sudan,2025-10-01,Gogrial West,percent_area_flooded,7.11541186,Unknown,2025,10,Oct,2025-10,2025-10
South Sudan,2025-10-01,Tonj East,percent_area_flooded,1.71821022,Unknown,2025,10,Oct,2025-10,2025-10
South Sudan,2025-10-01,Tonj North,percent_area_flooded,17.77772281,Unknown,2025,10,Oct,2025-10,2025-10
South Sudan,2025-10-01,Maban,percent_area_flooded,0.32713968,Unknown,2025,10,Oct,2025-10,2025-10
South Sudan,2025-10-01,Tonj South,percent_area_flooded,0.20878307,Unknown,2025,10,Oct,2025-10,2025-10
South Sudan,2025-10-01,Jur River,percent_area_flooded,0.094592979,Unknown,2025,10,Oct,2025-10,2025-10
South Sudan,2025-10-01,Raja,percent_area_flooded,0.327720775,Unknown,2025,10,Oct,2025-10,2025-10
South Sudan,2025-10-01,Wau,percent_area_flooded,0.144036104,Unknown,2025,10,Oct,2025-10,2025-10
South Sudan,2025-10-01,Ezo,percent_area_flooded,0.091395372,Unknown,2025,10,Oct,2025-10,2025-10
South Sudan,2025-10-01,Ibba,percent_area_flooded,0.069002044,Unknown,2025,10,Oct,2025-10,2025-10
South Sudan,2025-10-01,Maridi,percent_area_flooded,0.097009415,Unknown,2025,10,Oct,2025-10,2025-10
South Sudan,2025-10-01,Mundri East,percent_area_flooded,0.047131677,Unknown,2025,10,Oct,2025-10,2025-10
South Sudan,2025-10-01,Mundri West,percent_area_flooded,0.088444495,Unknown,2025,10,Oct,2025-10,2025-10
South Sudan,2025-10-01,Mvolo,percent_area_flooded,0.248139204,Unknown,2025,10,Oct,2025-10,2025-10
South Sudan,2025-10-01,Nagero,percent_area_flooded,0.165862939,Unknown,2025,10,Oct,2025-10,2025-10
South Sudan,2025-10-01,Nzara,percent_area_flooded,0.099648768,Unknown,2025,10,Oct,2025-10,2025-10
South Sudan,2025-10-01,Twic,percent_area_flooded,18.06526436,Unknown,2025,10,Oct,2025-10,2025-10
South Sudan,2025-10-01,Luakpiny/Nasir,percent_area_flooded,14.98184127,Unknown,2025,10,Oct,2025-10,2025-10
South Sudan,2025-10-01,Longochuk,percent_area_flooded,1.826273676,Unknown,2025,10,Oct,2025-10,2025-10
South Sudan,2025-10-01,Fashoda,percent_area_flooded,1.559775735,Unknown,2025,10,Oct,2025-10,2025-10
South Sudan,2025-10-01,Twic East,percent_area_flooded,10.24735094,Unknown,2025,10,Oct,2025-10,2025-10
South Sudan,2025-10-01,Uror,percent_area_flooded,0.911206543,Unknown,2025,10,Oct,2025-10,2025-10
South Sudan,2025-10-01,Awerial,percent_area_flooded,8.301712794,Unknown,2025,10,Oct,2025-10,2025-10
South Sudan,2025-10-01,Cueibet,percent_area_flooded,0.716828215,Unknown,2025,10,Oct,2025-10,2025-10
South Sudan,2025-10-01,Rumbek Centre,percent_area_flooded,3.357312725,Unknown,2025,10,Oct,2025-10,2025-10
South Sudan,2025-10-01,Rumbek East,percent_area_flooded,10.93323513,Unknown,2025,10,Oct,2025-10,2025-10
South Sudan,2025-10-01,Rumbek North,percent_area_flooded,0.364112655,Unknown,2025,10,Oct,2025-10,2025-10
South Sudan,2025-10-01,Wulu,percent_area_flooded,0.09114858,Unknown,2025,10,Oct,2025-10,2025-10
South Sudan,2025-10-01,Yirol East,percent_area_flooded,11.94952431,Unknown,2025,10,Oct,2025-10,2025-10
South Sudan,2025-10-01,Yirol West,percent_area_flooded,6.25880399,Unknown,2025,10,Oct,2025-10,2025-10
South Sudan,2025-10-01,Aweil Centre,percent_area_flooded,0.40634385,Unknown,2025,10,Oct,2025-10,2025-10
South Sudan,2025-10-01,Aweil East,percent_area_flooded,10.03280004,Unknown,2025,10,Oct,2025-10,2025-10
South Sudan,2025-10-01,Aweil North,percent_area_flooded,1.613547524,Unknown,2025,10,Oct,2025-10,2025-10
South Sudan,2025-10-01,Aweil South,percent_area_flooded,3.339402825,Unknown,2025,10,Oct,2025-10,2025-10
South Sudan,2025-10-01,Aweil West,percent_area_flooded,5.216839926,Unknown,2025,10,Oct,2025-10,2025-10
South Sudan,2025-10-01,Abiemnhom,percent_area_flooded,0.078532231,Unknown,2025,10,Oct,2025-10,2025-10
South Sudan,2025-10-01,Guit,percent_area_flooded,43.8165891,Unknown,2025,10,Oct,2025-10,2025-10
South Sudan,2025-10-01,Koch,percent_area_flooded,16.05265683,Unknown,2025,10,Oct,2025-10,2025-10
South Sudan,2025-10-01,Leer,percent_area_flooded,12.93837125,Unknown,2025,10,Oct,2025-10,2025-10
South Sudan,2025-10-01,Mayendit,percent_area_flooded,48.16225176,Unknown,2025,10,Oct,2025-10,2025-10
South Sudan,2025-10-01,Mayom,percent_area_flooded,19.94880373,Unknown,2025,10,Oct,2025-10,2025-10
South Sudan,2025-10-01,Panyijiar,percent_area_flooded,15.79028269,Unknown,2025,10,Oct,2025-10,2025-10
South Sudan,2025-10-01,Pariang,percent_area_flooded,13.75000034,Unknown,2025,10,Oct,2025-10,2025-10
South Sudan,2025-10-01,Rubkona,percent_area_flooded,41.28555364,Unknown,2025,10,Oct,2025-10,2025-10
South Sudan,2025-10-01,Baliet,percent_area_flooded,0.547518301,Unknown,2025,10,Oct,2025-10,2025-10
South Sudan,2025-10-01,Koch,percent_area_flooded,16.05265683,Unknown,2025,10,Oct,2025-10,2025-10
South Sudan,2025-10-01,Guit,percent_area_flooded,43.8165891,Unknown,2025,10,Oct,2025-10,2025-10
South Sudan,2025-10-01,Renk,percent_area_flooded,1.587188268,Unknown,2025,10,Oct,2025-10,2025-10
South Sudan,2025-10-01,Aweil West,percent_area_flooded,5.216839926,Unknown,2025,10,Oct,2025-10,2025-10
South Sudan,2025-10-01,Juba,percent_area_flooded,0.414842349,Unknown,2025,10,Oct,2025-10,2025-10
South Sudan,2025-10-01,Lainya,percent_area_flooded,0.154144649,Unknown,2025,10,Oct,2025-10,2025-10
South Sudan,2025-10-01,Terekeka,percent_area_flooded,1.215948722,Unknown,2025,10,Oct,2025-10,2025-10
South Sudan,2025-10-01,Yei,percent_area_flooded,0.056378102,Unknown,2025,10,Oct,2025-10,2025-10
South Sudan,2025-10-01,Budi,percent_area_flooded,0.056689313,Unknown,2025,10,Oct,2025-10,2025-10
South Sudan,2025-10-01,Ikotos,percent_area_flooded,0.033872667,Unknown,2025,10,Oct,2025-10,2025-10
South Sudan,2025-10-01,Kapoeta East,percent_area_flooded,0.443025685,Unknown,2025,10,Oct,2025-10,2025-10
South Sudan,2025-10-01,Abiemnhom,percent_area_flooded,0.078532231,Unknown,2025,10,Oct,2025-10,2025-10
South Sudan,2025-10-01,Lafon,percent_area_flooded,0.125563033,Unknown,2025,10,Oct,2025-10,2025-10
South Sudan,2025-10-01,Magwi,percent_area_flooded,0.093160462,Unknown,2025,10,Oct,2025-10,2025-10
South Sudan,2025-10-01,Torit,percent_area_flooded,0.010227279,Unknown,2025,10,Oct,2025-10,2025-10
South Sudan,2025-10-01,Yambio,percent_area_flooded,0.092020324,Unknown,2025,10,Oct,2025-10,2025-10
South Sudan,2025-10-01,Akobo,percent_area_flooded,1.245511122,Unknown,2025,10,Oct,2025-10,2025-10
South Sudan,2025-10-01,Bor South,percent_area_flooded,1.983287642,Unknown,2025,10,Oct,2025-10,2025-10
South Sudan,2025-10-01,Canal/Pigi,percent_area_flooded,7.631106965,Unknown,2025,10,Oct,2025-10,2025-10
South Sudan,2025-10-01,Duk,percent_area_flooded,13.8517029,Unknown,2025,10,Oct,2025-10,2025-10
South Sudan,2025-10-01,Fangak,percent_area_flooded,29.17329403,Unknown,2025,10,Oct,2025-10,2025-10
South Sudan,2025-10-01,Nyirol,percent_area_flooded,0.597904432,Unknown,2025,10,Oct,2025-10,2025-10
South Sudan,2025-10-01,Pibor,percent_area_flooded,0.487612609,Unknown,2025,10,Oct,2025-10,2025-10
South Sudan,2025-10-01,Pochalla,percent_area_flooded,0.650522513,Unknown,2025,10,Oct,2025-10,2025-10
South Sudan,2025-10-01,Twic East,percent_area_flooded,10.24735094,Unknown,2025,10,Oct,2025-10,2025-10
South Sudan,2025-10-01,Uror,percent_area_flooded,0.911206543,Unknown,2025,10,Oct,2025-10,2025-10
South Sudan,2025-10-01,Awerial,percent_area_flooded,8.301712794,Unknown,2025,10,Oct,2025-10,2025-10
South Sudan,2025-10-01,Cueibet,percent_area_flooded,0.716828215,Unknown,2025,10,Oct,2025-10,2025-10
South Sudan,2025-10-01,Ayod,percent_area_flooded,15.03844853,Unknown,2025,10,Oct,2025-10,2025-10
South Sudan,2025-10-01,Tambura,percent_area_flooded,0.075999461,Unknown,2025,10,Oct,2025-10,2025-10
South Sudan,2025-10-01,Nzara,percent_area_flooded,0.099648768,Unknown,2025,10,Oct,2025-10,2025-10
South Sudan,2025-10-01,Nagero,percent_area_flooded,0.165862939,Unknown,2025,10,Oct,2025-10,2025-10
South Sudan,2025-10-01,Longochuk,percent_area_flooded,1.826273676,Unknown,2025,10,Oct,2025-10,2025-10
South Sudan,2025-10-01,Luakpiny/Nasir,percent_area_flooded,14.98184127,Unknown,2025,10,Oct,2025-10,2025-10
South Sudan,2025-10-01,Maban,percent_area_flooded,0.32713968,Unknown,2025,10,Oct,2025-10,2025-10
South Sudan,2025-10-01,Maiwut,percent_area_flooded,6.475923196,Unknown,2025,10,Oct,2025-10,2025-10
South Sudan,2025-10-01,Malakal,percent_area_flooded,10.20943136,Unknown,2025,10,Oct,2025-10,2025-10
South Sudan,2025-10-01,Manyo,percent_area_flooded,3.7040043,Unknown,2025,10,Oct,2025-10,2025-10
South Sudan,2025-10-01,Melut,percent_area_flooded,4.064664794,Unknown,2025,10,Oct,2025-10,2025-10
South Sudan,2025-10-01,Panyikang,percent_area_flooded,8.409698677,Unknown,2025,10,Oct,2025-10,2025-10
South Sudan,2025-10-01,Renk,percent_area_flooded,1.587188268,Unknown,2025,10,Oct,2025-10,2025-10
South Sudan,2025-10-01,Ulang,percent_area_flooded,4.387730152,Unknown,2025,10,Oct,2025-10,2025-10
South Sudan,2025-10-01,Gogrial East,percent_area_flooded,6.758693405,Unknown,2025,10,Oct,2025-10,2025-10
South Sudan,2025-10-01,Gogrial West,percent_area_flooded,7.11541186,Unknown,2025,10,Oct,2025-10,2025-10
South Sudan,2025-10-01,Tonj East,percent_area_flooded,1.71821022,Unknown,2025,10,Oct,2025-10,2025-10
South Sudan,2025-10-01,Tonj North,percent_area_flooded,17.77772281,Unknown,2025,10,Oct,2025-10,2025-10
South Sudan,2025-10-01,Tonj South,percent_area_flooded,0.20878307,Unknown,2025,10,Oct,2025-10,2025-10
South Sudan,2025-10-01,Twic,percent_area_flooded,18.06526436,Unknown,2025,10,Oct,2025-10,2025-10
South Sudan,2025-10-01,Jur River,percent_area_flooded,0.094592979,Unknown,2025,10,Oct,2025-10,2025-10
South Sudan,2025-10-01,Raja,percent_area_flooded,0.327720775,Unknown,2025,10,Oct,2025-10,2025-10
South Sudan,2025-10-01,Wau,percent_area_flooded,0.144036104,Unknown,2025,10,Oct,2025-10,2025-10
South Sudan,2025-10-01,Ezo,percent_area_flooded,0.091395372,Unknown,2025,10,Oct,2025-10,2025-10
South Sudan,2025-10-01,Ibba,percent_area_flooded,0.069002044,Unknown,2025,10,Oct,2025-10,2025-10
South Sudan,2025-10-01,Maridi,percent_area_flooded,0.097009415,Unknown,2025,10,Oct,2025-10,2025-10
South Sudan,2025-10-01,Mundri East,percent_area_flooded,0.047131677,Unknown,2025,10,Oct,2025-10,2025-10
South Sudan,2025-10-01,Mundri West,percent_area_flooded,0.088444495,Unknown,2025,10,Oct,2025-10,2025-10
South Sudan,2025-10-01,Mvolo,percent_area_flooded,0.248139204,Unknown,2025,10,Oct,2025-10,2025-10
South Sudan,2025-10-01,Rumbek Centre,percent_area_flooded,3.357312725,Unknown,2025,10,Oct,2025-10,2025-10
South Sudan,2025-10-01,Rumbek East,percent_area_flooded,10.93323513,Unknown,2025,10,Oct,2025-10,2025-10
South Sudan,2025-10-01,Kapoeta North,percent_area_flooded,0.078861478,Unknown,2025,10,Oct,2025-10,2025-10
South Sudan,2025-10-01,Wulu,percent_area_flooded,0.09114858,Unknown,2025,10,Oct,2025-10,2025-10
South Sudan,2025-10-01,Torit,percent_area_flooded,0.010227279,Unknown,2025,10,Oct,2025-10,2025-10
South Sudan,2025-10-01,Akobo,percent_area_flooded,1.245511122,Unknown,2025,10,Oct,2025-10,2025-10
South Sudan,2025-10-01,Ayod,percent_area_flooded,15.03844853,Unknown,2025,10,Oct,2025-10,2025-10
South Sudan,2025-10-01,Bor South,percent_area_flooded,1.983287642,Unknown,2025,10,Oct,2025-10,2025-10
South Sudan,2025-10-01,Canal/Pigi,percent_area_flooded,7.631106965,Unknown,2025,10,Oct,2025-10,2025-10
South Sudan,2025-10-01,Duk,percent_area_flooded,13.8517029,Unknown,2025,10,Oct,2025-10,2025-10
South Sudan,2025-10-01,Fangak,percent_area_flooded,29.17329403,Unknown,2025,10,Oct,2025-10,2025-10
South Sudan,2025-10-01,Nyirol,percent_area_flooded,0.597904432,Unknown,2025,10,Oct,2025-10,2025-10
South Sudan,2025-10-01,Pibor,percent_area_flooded,0.487612609,Unknown,2025,10,Oct,2025-10,2025-10
South Sudan,2025-10-01,Pochalla,percent_area_flooded,0.650522513,Unknown,2025,10,Oct,2025-10,2025-10
South Sudan,2025-10-01,Twic East,percent_area_flooded,10.24735094,Unknown,2025,10,Oct,2025-10,2025-10
South Sudan,2025-10-01,Magwi,percent_area_flooded,0.093160462,Unknown,2025,10,Oct,2025-10,2025-10
South Sudan,2025-10-01,Uror,percent_area_flooded,0.911206543,Unknown,2025,10,Oct,2025-10,2025-10
South Sudan,2025-10-01,Cueibet,percent_area_flooded,0.716828215,Unknown,2025,10,Oct,2025-10,2025-10
South Sudan,2025-10-01,Rumbek Centre,percent_area_flooded,3.357312725,Unknown,2025,10,Oct,2025-10,2025-10
South Sudan,2025-10-01,Rumbek North,percent_area_flooded,0.364112655,Unknown,2025,10,Oct,2025-10,2025-10
South Sudan,2025-10-01,Rumbek North,percent_area_flooded,0.364112655,Unknown,2025,10,Oct,2025-10,2025-10
South Sudan,2025-10-01,Wulu,percent_area_flooded,0.09114858,Unknown,2025,10,Oct,2025-10,2025-10
South Sudan,2025-10-01,Yirol East,percent_area_flooded,11.94952431,Unknown,2025,10,Oct,2025-10,2025-10
South Sudan,2025-10-01,Yirol West,percent_area_flooded,6.25880399,Unknown,2025,10,Oct,2025-10,2025-10
South Sudan,2025-10-01,Aweil Centre,percent_area_flooded,0.40634385,Unknown,2025,10,Oct,2025-10,2025-10
South Sudan,2025-10-01,Aweil East,percent_area_flooded,10.03280004,Unknown,2025,10,Oct,2025-10,2025-10
South Sudan,2025-10-01,Aweil North,percent_area_flooded,1.613547524,Unknown,2025,10,Oct,2025-10,2025-10
South Sudan,2025-10-01,Aweil South,percent_area_flooded,3.339402825,Unknown,2025,10,Oct,2025-10,2025-10
South Sudan,2025-10-01,Awerial,percent_area_flooded,8.301712794,Unknown,2025,10,Oct,2025-10,2025-10
South Sudan,2025-10-01,Lafon,percent_area_flooded,0.125563033,Unknown,2025,10,Oct,2025-10,2025-10
South Sudan,2025-10-01,Rumbek East,percent_area_flooded,10.93323513,Unknown,2025,10,Oct,2025-10,2025-10
South Sudan,2025-10-01,Kapoeta East,percent_area_flooded,0.443025685,Unknown,2025,10,Oct,2025-10,2025-10
South Sudan,2025-10-01,Kapoeta North,percent_area_flooded,0.078861478,Unknown,2025,10,Oct,2025-10,2025-10
South Sudan,2025-10-01,Yirol East,percent_area_flooded,11.94952431,Unknown,2025,10,Oct,2025-10,2025-10
South Sudan,2025-10-01,Yirol West,percent_area_flooded,6.25880399,Unknown,2025,10,Oct,2025-10,2025-10
South Sudan,2025-10-01,Aweil Centre,percent_area_flooded,0.40634385,Unknown,2025,10,Oct,2025-10,2025-10
South Sudan,2025-10-01,Aweil East,percent_area_flooded,10.03280004,Unknown,2025,10,Oct,2025-10,2025-10
South Sudan,2025-10-01,Aweil South,percent_area_flooded,3.339402825,Unknown,2025,10,Oct,2025-10,2025-10
South Sudan,2025-10-01,Aweil West,percent_area_flooded,5.216839926,Unknown,2025,10,Oct,2025-10,2025-10
South Sudan,2025-10-01,Abiemnhom,percent_area_flooded,0.078532231,Unknown,2025,10,Oct,2025-10,2025-10
South Sudan,2025-10-01,Guit,percent_area_flooded,43.8165891,Unknown,2025,10,Oct,2025-10,2025-10
South Sudan,2025-10-01,Koch,percent_area_flooded,16.05265683,Unknown,2025,10,Oct,2025-10,2025-10
South Sudan,2025-10-01,Leer,percent_area_flooded,12.93837125,Unknown,2025,10,Oct,2025-10,2025-10
South Sudan,2025-10-01,Mayendit,percent_area_flooded,48.16225176,Unknown,2025,10,Oct,2025-10,2025-10
South Sudan,2025-10-01,Aweil North,percent_area_flooded,1.613547524,Unknown,2025,10,Oct,2025-10,2025-10
South Sudan,2025-10-01,Panyijiar,percent_area_flooded,15.79028269,Unknown,2025,10,Oct,2025-10,2025-10
South Sudan,2025-10-01,Ikotos,percent_area_flooded,0.033872667,Unknown,2025,10,Oct,2025-10,2025-10
South Sudan,2025-10-01,Mayom,percent_area_flooded,19.94880373,Unknown,2025,10,Oct,2025-10,2025-10
South Sudan,2025-10-01,Budi,percent_area_flooded,0.056689313,Unknown,2025,10,Oct,2025-10,2025-10
South Sudan,2025-10-01,Yei,percent_area_flooded,0.056378102,Unknown,2025,10,Oct,2025-10,2025-10
South Sudan,2025-10-01,Lainya,percent_area_flooded,0.154144649,Unknown,2025,10,Oct,2025-10,2025-10
South Sudan,2025-10-01,Terekeka,percent_area_flooded,1.215948722,Unknown,2025,10,Oct,2025-10,2025-10
South Sudan,2025-10-01,Yambio,percent_area_flooded,0.092020324,Unknown,2025,10,Oct,2025-10,2025-10
South Sudan,2025-10-01,Baliet,percent_area_flooded,0.547518301,Unknown,2025,10,Oct,2025-10,2025-10
South Sudan,2025-10-01,Rubkona,percent_area_flooded,41.28555364,Unknown,2025,10,Oct,2025-10,2025-10
South Sudan,2025-10-01,Pariang,percent_area_flooded,13.75000034,Unknown,2025,10,Oct,2025-10,2025-10
South Sudan,2025-10-01,Juba,percent_area_flooded,0.414842349,Unknown,2025,10,Oct,2025-10,2025-10
South Sudan,2025-10-16,Panyikang,percent_area_flooded,9.746419553,Unknown,2025,10,Oct,2025-10,2025-10
South Sudan,2025-10-16,Maban,percent_area_flooded,0.275115687,Unknown,2025,10,Oct,2025-10,2025-10
South Sudan,2025-10-16,Renk,percent_area_flooded,2.516717413,Unknown,2025,10,Oct,2025-10,2025-10
South Sudan,2025-10-16,Melut,percent_area_flooded,3.68912052,Unknown,2025,10,Oct,2025-10,2025-10
South Sudan,2025-10-16,Manyo,percent_area_flooded,3.715391803,Unknown,2025,10,Oct,2025-10,2025-10
South Sudan,2025-10-16,Malakal,percent_area_flooded,9.252743386,Unknown,2025,10,Oct,2025-10,2025-10
South Sudan,2025-10-16,Maiwut,percent_area_flooded,1.170039162,Unknown,2025,10,Oct,2025-10,2025-10
South Sudan,2025-10-16,Luakpiny/Nasir,percent_area_flooded,10.471839,Unknown,2025,10,Oct,2025-10,2025-10
South Sudan,2025-10-16,Pariang,percent_area_flooded,14.27944629,Unknown,2025,10,Oct,2025-10,2025-10
South Sudan,2025-10-16,Fashoda,percent_area_flooded,3.235261836,Unknown,2025,10,Oct,2025-10,2025-10
South Sudan,2025-10-16,Baliet,percent_area_flooded,0.942257793,Unknown,2025,10,Oct,2025-10,2025-10
South Sudan,2025-10-16,Rubkona,percent_area_flooded,43.68363679,Unknown,2025,10,Oct,2025-10,2025-10
South Sudan,2025-10-16,Panyijiar,percent_area_flooded,13.13686405,Unknown,2025,10,Oct,2025-10,2025-10
South Sudan,2025-10-16,Mayom,percent_area_flooded,21.33969695,Unknown,2025,10,Oct,2025-10,2025-10
South Sudan,2025-10-16,Ulang,percent_area_flooded,2.478731144,Unknown,2025,10,Oct,2025-10,2025-10
South Sudan,2025-10-16,Mayendit,percent_area_flooded,38.83956042,Unknown,2025,10,Oct,2025-10,2025-10
South Sudan,2025-10-16,Longochuk,percent_area_flooded,1.60444817,Unknown,2025,10,Oct,2025-10,2025-10
South Sudan,2025-10-16,Gogrial East,percent_area_flooded,8.723530553,Unknown,2025,10,Oct,2025-10,2025-10
South Sudan,2025-10-16,Mundri West,percent_area_flooded,0.068734474,Unknown,2025,10,Oct,2025-10,2025-10
South Sudan,2025-10-16,Tonj East,percent_area_flooded,2.766345203,Unknown,2025,10,Oct,2025-10,2025-10
South Sudan,2025-10-16,Leer,percent_area_flooded,12.74478728,Unknown,2025,10,Oct,2025-10,2025-10
South Sudan,2025-10-16,Yambio,percent_area_flooded,0.088303469,Unknown,2025,10,Oct,2025-10,2025-10
South Sudan,2025-10-16,Tambura,percent_area_flooded,0.128992823,Unknown,2025,10,Oct,2025-10,2025-10
South Sudan,2025-10-16,Nzara,percent_area_flooded,0.11423526,Unknown,2025,10,Oct,2025-10,2025-10
South Sudan,2025-10-16,Nagero,percent_area_flooded,0.106591041,Unknown,2025,10,Oct,2025-10,2025-10
South Sudan,2025-10-16,Mvolo,percent_area_flooded,0.16354845,Unknown,2025,10,Oct,2025-10,2025-10
South Sudan,2025-10-16,Mundri East,percent_area_flooded,0.022981561,Unknown,2025,10,Oct,2025-10,2025-10
South Sudan,2025-10-16,Gogrial West,percent_area_flooded,9.588137731,Unknown,2025,10,Oct,2025-10,2025-10
South Sudan,2025-10-16,Maridi,percent_area_flooded,0.05475299,Unknown,2025,10,Oct,2025-10,2025-10
South Sudan,2025-10-16,Ezo,percent_area_flooded,0.092501603,Unknown,2025,10,Oct,2025-10,2025-10
South Sudan,2025-10-16,Wau,percent_area_flooded,0.122405418,Unknown,2025,10,Oct,2025-10,2025-10
South Sudan,2025-10-16,Raja,percent_area_flooded,0.169412427,Unknown,2025,10,Oct,2025-10,2025-10
South Sudan,2025-10-16,Jur River,percent_area_flooded,0.177227053,Unknown,2025,10,Oct,2025-10,2025-10
South Sudan,2025-10-16,Twic,percent_area_flooded,21.76169468,Unknown,2025,10,Oct,2025-10,2025-10
South Sudan,2025-10-16,Tonj South,percent_area_flooded,0.402159756,Unknown,2025,10,Oct,2025-10,2025-10
South Sudan,2025-10-16,Tonj North,percent_area_flooded,16.50742759,Unknown,2025,10,Oct,2025-10,2025-10
South Sudan,2025-10-16,Ibba,percent_area_flooded,0.060351041,Unknown,2025,10,Oct,2025-10,2025-10
South Sudan,2025-10-16,Koch,percent_area_flooded,17.60701916,Unknown,2025,10,Oct,2025-10,2025-10
South Sudan,2025-10-16,Pibor,percent_area_flooded,0.171890218,Unknown,2025,10,Oct,2025-10,2025-10
South Sudan,2025-10-16,Abiemnhom,percent_area_flooded,0.083008161,Unknown,2025,10,Oct,2025-10,2025-10
South Sudan,2025-10-16,Canal/Pigi,percent_area_flooded,7.411161671,Unknown,2025,10,Oct,2025-10,2025-10
South Sudan,2025-10-16,Bor South,percent_area_flooded,1.884113278,Unknown,2025,10,Oct,2025-10,2025-10
South Sudan,2025-10-16,Ayod,percent_area_flooded,14.78835723,Unknown,2025,10,Oct,2025-10,2025-10
South Sudan,2025-10-16,Akobo,percent_area_flooded,0.721039457,Unknown,2025,10,Oct,2025-10,2025-10
South Sudan,2025-10-16,Torit,percent_area_flooded,0.045170483,Unknown,2025,10,Oct,2025-10,2025-10
South Sudan,2025-10-16,Magwi,percent_area_flooded,0.104470065,Unknown,2025,10,Oct,2025-10,2025-10
South Sudan,2025-10-16,Lafon,percent_area_flooded,0.079870517,Unknown,2025,10,Oct,2025-10,2025-10
South Sudan,2025-10-16,Kapoeta North,percent_area_flooded,0.105148637,Unknown,2025,10,Oct,2025-10,2025-10
South Sudan,2025-10-16,Kapoeta East,percent_area_flooded,0.366779232,Unknown,2025,10,Oct,2025-10,2025-10
South Sudan,2025-10-16,Ikotos,percent_area_flooded,0.032294519,Unknown,2025,10,Oct,2025-10,2025-10
South Sudan,2025-10-16,Budi,percent_area_flooded,0.013047443,Unknown,2025,10,Oct,2025-10,2025-10
South Sudan,2025-10-16,Yei,percent_area_flooded,0.07585954,Unknown,2025,10,Oct,2025-10,2025-10
South Sudan,2025-10-16,Terekeka,percent_area_flooded,1.105146842,Unknown,2025,10,Oct,2025-10,2025-10
South Sudan,2025-10-16,Morobo,percent_area_flooded,0.185268151,Unknown,2025,10,Oct,2025-10,2025-10
South Sudan,2025-10-16,Lainya,percent_area_flooded,0.101157426,Unknown,2025,10,Oct,2025-10,2025-10
South Sudan,2025-10-16,Duk,percent_area_flooded,12.83289872,Unknown,2025,10,Oct,2025-10,2025-10
South Sudan,2025-10-16,Fangak,percent_area_flooded,30.52551165,Unknown,2025,10,Oct,2025-10,2025-10
South Sudan,2025-10-16,Juba,percent_area_flooded,0.387189786,Unknown,2025,10,Oct,2025-10,2025-10
South Sudan,2025-10-16,Guit,percent_area_flooded,47.48063178,Unknown,2025,10,Oct,2025-10,2025-10
South Sudan,2025-10-16,Nyirol,percent_area_flooded,0.603042022,Unknown,2025,10,Oct,2025-10,2025-10
South Sudan,2025-10-16,Aweil West,percent_area_flooded,10.27001044,Unknown,2025,10,Oct,2025-10,2025-10
South Sudan,2025-10-16,Aweil South,percent_area_flooded,5.121411535,Unknown,2025,10,Oct,2025-10,2025-10
South Sudan,2025-10-16,Aweil North,percent_area_flooded,3.764166182,Unknown,2025,10,Oct,2025-10,2025-10
South Sudan,2025-10-16,Aweil East,percent_area_flooded,10.55938207,Unknown,2025,10,Oct,2025-10,2025-10
South Sudan,2025-10-16,Yirol West,percent_area_flooded,4.920612841,Unknown,2025,10,Oct,2025-10,2025-10
South Sudan,2025-10-16,Yirol East,percent_area_flooded,10.12843013,Unknown,2025,10,Oct,2025-10,2025-10
South Sudan,2025-10-16,Wulu,percent_area_flooded,0.144770298,Unknown,2025,10,Oct,2025-10,2025-10
South Sudan,2025-10-16,Aweil Centre,percent_area_flooded,1.003775204,Unknown,2025,10,Oct,2025-10,2025-10
South Sudan,2025-10-16,Rumbek East,percent_area_flooded,12.17794956,Unknown,2025,10,Oct,2025-10,2025-10
South Sudan,2025-10-16,Rumbek Centre,percent_area_flooded,4.130438928,Unknown,2025,10,Oct,2025-10,2025-10
South Sudan,2025-10-16,Cueibet,percent_area_flooded,0.881891346,Unknown,2025,10,Oct,2025-10,2025-10
South Sudan,2025-10-16,Awerial,percent_area_flooded,6.444234009,Unknown,2025,10,Oct,2025-10,2025-10
South Sudan,2025-10-16,Uror,percent_area_flooded,0.475858746,Unknown,2025,10,Oct,2025-10,2025-10
South Sudan,2025-10-16,Twic East,percent_area_flooded,9.815235726,Unknown,2025,10,Oct,2025-10,2025-10
South Sudan,2025-10-16,Pochalla,percent_area_flooded,0.674271179,Unknown,2025,10,Oct,2025-10,2025-10
South Sudan,2025-10-16,Rumbek North,percent_area_flooded,0.189555543,Unknown,2025,10,Oct,2025-10,2025-10
South Sudan,2025-11-01,Maban,percent_area_flooded,0.102505422,Unknown,2025,11,Nov,2025-11,2025-11
South Sudan,2025-11-01,Panyikang,percent_area_flooded,8.858724875,Unknown,2025,11,Nov,2025-11,2025-11
South Sudan,2025-11-01,Melut,percent_area_flooded,4.419368965,Unknown,2025,11,Nov,2025-11,2025-11
South Sudan,2025-11-01,Manyo,percent_area_flooded,3.514650566,Unknown,2025,11,Nov,2025-11,2025-11
South Sudan,2025-11-01,Malakal,percent_area_flooded,7.439319914,Unknown,2025,11,Nov,2025-11,2025-11
South Sudan,2025-11-01,Maiwut,percent_area_flooded,0.870329552,Unknown,2025,11,Nov,2025-11,2025-11
South Sudan,2025-11-01,Luakpiny/Nasir,percent_area_flooded,13.48418728,Unknown,2025,11,Nov,2025-11,2025-11
South Sudan,2025-11-01,Mayendit,percent_area_flooded,32.0877649,Unknown,2025,11,Nov,2025-11,2025-11
South Sudan,2025-11-01,Fashoda,percent_area_flooded,4.412512713,Unknown,2025,11,Nov,2025-11,2025-11
South Sudan,2025-11-01,Baliet,percent_area_flooded,0.943348952,Unknown,2025,11,Nov,2025-11,2025-11
South Sudan,2025-11-01,Rubkona,percent_area_flooded,42.45886707,Unknown,2025,11,Nov,2025-11,2025-11
South Sudan,2025-11-01,Pariang,percent_area_flooded,12.22316764,Unknown,2025,11,Nov,2025-11,2025-11
South Sudan,2025-11-01,Panyijiar,percent_area_flooded,11.67456105,Unknown,2025,11,Nov,2025-11,2025-11
South Sudan,2025-11-01,Mayom,percent_area_flooded,17.62304784,Unknown,2025,11,Nov,2025-11,2025-11
South Sudan,2025-11-01,Renk,percent_area_flooded,1.699260537,Unknown,2025,11,Nov,2025-11,2025-11
South Sudan,2025-11-01,Longochuk,percent_area_flooded,1.483838514,Unknown,2025,11,Nov,2025-11,2025-11
South Sudan,2025-11-01,Ulang,percent_area_flooded,2.458811861,Unknown,2025,11,Nov,2025-11,2025-11
South Sudan,2025-11-01,Wau,percent_area_flooded,0.102124262,Unknown,2025,11,Nov,2025-11,2025-11
South Sudan,2025-11-01,Gogrial West,percent_area_flooded,10.6510022,Unknown,2025,11,Nov,2025-11,2025-11
South Sudan,2025-11-01,Leer,percent_area_flooded,8.946999445,Unknown,2025,11,Nov,2025-11,2025-11
South Sudan,2025-11-01,Tambura,percent_area_flooded,0.036651097,Unknown,2025,11,Nov,2025-11,2025-11
South Sudan,2025-11-01,Nzara,percent_area_flooded,0.042377596,Unknown,2025,11,Nov,2025-11,2025-11
South Sudan,2025-11-01,Nagero,percent_area_flooded,0.052708392,Unknown,2025,11,Nov,2025-11,2025-11
South Sudan,2025-11-01,Mvolo,percent_area_flooded,0.166983495,Unknown,2025,11,Nov,2025-11,2025-11
South Sudan,2025-11-01,Mundri West,percent_area_flooded,0.041282981,Unknown,2025,11,Nov,2025-11,2025-11
South Sudan,2025-11-01,Mundri East,percent_area_flooded,0.027461018,Unknown,2025,11,Nov,2025-11,2025-11
South Sudan,2025-11-01,Gogrial East,percent_area_flooded,7.933510147,Unknown,2025,11,Nov,2025-11,2025-11
South Sudan,2025-11-01,Maridi,percent_area_flooded,0.004628058,Unknown,2025,11,Nov,2025-11,2025-11
South Sudan,2025-11-01,Ezo,percent_area_flooded,0.048027322,Unknown,2025,11,Nov,2025-11,2025-11
South Sudan,2025-11-01,Raja,percent_area_flooded,0.280248864,Unknown,2025,11,Nov,2025-11,2025-11
South Sudan,2025-11-01,Jur River,percent_area_flooded,0.724690047,Unknown,2025,11,Nov,2025-11,2025-11
South Sudan,2025-11-01,Twic,percent_area_flooded,17.5332165,Unknown,2025,11,Nov,2025-11,2025-11
South Sudan,2025-11-01,Tonj South,percent_area_flooded,0.198320292,Unknown,2025,11,Nov,2025-11,2025-11
South Sudan,2025-11-01,Tonj North,percent_area_flooded,14.07748086,Unknown,2025,11,Nov,2025-11,2025-11
South Sudan,2025-11-01,Tonj East,percent_area_flooded,1.282416112,Unknown,2025,11,Nov,2025-11,2025-11
South Sudan,2025-11-01,Ibba,percent_area_flooded,0.030175521,Unknown,2025,11,Nov,2025-11,2025-11
South Sudan,2025-11-01,Koch,percent_area_flooded,10.81126483,Unknown,2025,11,Nov,2025-11,2025-11
South Sudan,2025-11-01,Yambio,percent_area_flooded,0.011263198,Unknown,2025,11,Nov,2025-11,2025-11
South Sudan,2025-11-01,Abiemnhom,percent_area_flooded,0.156657558,Unknown,2025,11,Nov,2025-11,2025-11
South Sudan,2025-11-01,Canal/Pigi,percent_area_flooded,4.988668732,Unknown,2025,11,Nov,2025-11,2025-11
South Sudan,2025-11-01,Bor South,percent_area_flooded,1.863816808,Unknown,2025,11,Nov,2025-11,2025-11
South Sudan,2025-11-01,Ayod,percent_area_flooded,13.08933004,Unknown,2025,11,Nov,2025-11,2025-11
South Sudan,2025-11-01,Akobo,percent_area_flooded,0.350484081,Unknown,2025,11,Nov,2025-11,2025-11
South Sudan,2025-11-01,Torit,percent_area_flooded,0.017727284,Unknown,2025,11,Nov,2025-11,2025-11
South Sudan,2025-11-01,Magwi,percent_area_flooded,0.115012915,Unknown,2025,11,Nov,2025-11,2025-11
South Sudan,2025-11-01,Lafon,percent_area_flooded,0.072864331,Unknown,2025,11,Nov,2025-11,2025-11
South Sudan,2025-11-01,Duk,percent_area_flooded,12.20147473,Unknown,2025,11,Nov,2025-11,2025-11
South Sudan,2025-11-01,Kapoeta South,percent_area_flooded,0.034956465,Unknown,2025,11,Nov,2025-11,2025-11
South Sudan,2025-11-01,Kapoeta East,percent_area_flooded,0.315591398,Unknown,2025,11,Nov,2025-11,2025-11
South Sudan,2025-11-01,Ikotos,percent_area_flooded,0.032294519,Unknown,2025,11,Nov,2025-11,2025-11
South Sudan,2025-11-01,Budi,percent_area_flooded,0.006575105,Unknown,2025,11,Nov,2025-11,2025-11
South Sudan,2025-11-01,Yei,percent_area_flooded,0.010773826,Unknown,2025,11,Nov,2025-11,2025-11
South Sudan,2025-11-01,Terekeka,percent_area_flooded,1.088521502,Unknown,2025,11,Nov,2025-11,2025-11
South Sudan,2025-11-01,Lainya,percent_area_flooded,0.066021513,Unknown,2025,11,Nov,2025-11,2025-11
South Sudan,2025-11-01,Juba,percent_area_flooded,0.408966853,Unknown,2025,11,Nov,2025-11,2025-11
South Sudan,2025-11-01,Kapoeta North,percent_area_flooded,0.200266648,Unknown,2025,11,Nov,2025-11,2025-11
South Sudan,2025-11-01,Fangak,percent_area_flooded,25.38721287,Unknown,2025,11,Nov,2025-11,2025-11
South Sudan,2025-11-01,Guit,percent_area_flooded,43.08650666,Unknown,2025,11,Nov,2025-11,2025-11
South Sudan,2025-11-01,Pibor,percent_area_flooded,0.117461303,Unknown,2025,11,Nov,2025-11,2025-11
South Sudan,2025-11-01,Nyirol,percent_area_flooded,0.387540936,Unknown,2025,11,Nov,2025-11,2025-11
South Sudan,2025-11-01,Aweil West,percent_area_flooded,5.041895621,Unknown,2025,11,Nov,2025-11,2025-11
South Sudan,2025-11-01,Aweil South,percent_area_flooded,4.164811768,Unknown,2025,11,Nov,2025-11,2025-11
South Sudan,2025-11-01,Aweil North,percent_area_flooded,2.169767414,Unknown,2025,11,Nov,2025-11,2025-11
South Sudan,2025-11-01,Aweil East,percent_area_flooded,8.460384639,Unknown,2025,11,Nov,2025-11,2025-11
South Sudan,2025-11-01,Yirol West,percent_area_flooded,3.731869521,Unknown,2025,11,Nov,2025-11,2025-11
South Sudan,2025-11-01,Yirol East,percent_area_flooded,9.122478893,Unknown,2025,11,Nov,2025-11,2025-11
South Sudan,2025-11-01,Wulu,percent_area_flooded,0.142602079,Unknown,2025,11,Nov,2025-11,2025-11
South Sudan,2025-11-01,Aweil Centre,percent_area_flooded,0.262290902,Unknown,2025,11,Nov,2025-11,2025-11
South Sudan,2025-11-01,Rumbek East,percent_area_flooded,9.751046915,Unknown,2025,11,Nov,2025-11,2025-11
South Sudan,2025-11-01,Rumbek Centre,percent_area_flooded,3.446865013,Unknown,2025,11,Nov,2025-11,2025-11
South Sudan,2025-11-01,Cueibet,percent_area_flooded,0.538178807,Unknown,2025,11,Nov,2025-11,2025-11
South Sudan,2025-11-01,Awerial,percent_area_flooded,4.67096791,Unknown,2025,11,Nov,2025-11,2025-11
South Sudan,2025-11-01,Uror,percent_area_flooded,0.265079496,Unknown,2025,11,Nov,2025-11,2025-11
South Sudan,2025-11-01,Twic East,percent_area_flooded,9.930189984,Unknown,2025,11,Nov,2025-11,2025-11
South Sudan,2025-11-01,Pochalla,percent_area_flooded,0.323411486,Unknown,2025,11,Nov,2025-11,2025-11
South Sudan,2025-11-01,Rumbek North,percent_area_flooded,0.245061978,Unknown,2025,11,Nov,2025-11,2025-11
South Sudan,2025-11-16,Ezo,percent_area_flooded,0.024626255,Unknown,2025,11,Nov,2025-11,2025-11
South Sudan,2025-11-16,Nagero,percent_area_flooded,0.213850469,Unknown,2025,11,Nov,2025-11,2025-11
South Sudan,2025-11-16,Mvolo,percent_area_flooded,0.146827009,Unknown,2025,11,Nov,2025-11,2025-11
South Sudan,2025-11-16,Mundri West,percent_area_flooded,0.009604612,Unknown,2025,11,Nov,2025-11,2025-11
South Sudan,2025-11-16,Maridi,percent_area_flooded,0.009791123,Unknown,2025,11,Nov,2025-11,2025-11
South Sudan,2025-11-16,Ibba,percent_area_flooded,0.02636496,Unknown,2025,11,Nov,2025-11,2025-11
South Sudan,2025-11-16,Wau,percent_area_flooded,0.120487138,Unknown,2025,11,Nov,2025-11,2025-11
South Sudan,2025-11-16,Gogrial East,percent_area_flooded,9.622128805,Unknown,2025,11,Nov,2025-11,2025-11
South Sudan,2025-11-16,Jur River,percent_area_flooded,1.094925987,Unknown,2025,11,Nov,2025-11,2025-11
South Sudan,2025-11-16,Twic,percent_area_flooded,18.32042922,Unknown,2025,11,Nov,2025-11,2025-11
South Sudan,2025-11-16,Tonj South,percent_area_flooded,0.663000647,Unknown,2025,11,Nov,2025-11,2025-11
South Sudan,2025-11-16,Tonj North,percent_area_flooded,12.96188238,Unknown,2025,11,Nov,2025-11,2025-11
South Sudan,2025-11-16,Tonj East,percent_area_flooded,1.565069272,Unknown,2025,11,Nov,2025-11,2025-11
South Sudan,2025-11-16,Gogrial West,percent_area_flooded,15.3505306,Unknown,2025,11,Nov,2025-11,2025-11
South Sudan,2025-11-16,Nzara,percent_area_flooded,0.006755849,Unknown,2025,11,Nov,2025-11,2025-11
South Sudan,2025-11-16,Raja,percent_area_flooded,0.225114824,Unknown,2025,11,Nov,2025-11,2025-11
South Sudan,2025-11-16,Tambura,percent_area_flooded,0.03855505,Unknown,2025,11,Nov,2025-11,2025-11
South Sudan,2025-11-16,Kapoeta East,percent_area_flooded,0.307127004,Unknown,2025,11,Nov,2025-11,2025-11
South Sudan,2025-11-16,Juba,percent_area_flooded,0.489714494,Unknown,2025,11,Nov,2025-11,2025-11
South Sudan,2025-11-16,Ulang,percent_area_flooded,1.923002032,Unknown,2025,11,Nov,2025-11,2025-11
South Sudan,2025-11-16,Duk,percent_area_flooded,12.52634194,Unknown,2025,11,Nov,2025-11,2025-11
South Sudan,2025-11-16,Canal/Pigi,percent_area_flooded,4.137890913,Unknown,2025,11,Nov,2025-11,2025-11
South Sudan,2025-11-16,Bor South,percent_area_flooded,2.099727051,Unknown,2025,11,Nov,2025-11,2025-11
South Sudan,2025-11-16,Ayod,percent_area_flooded,12.75509518,Unknown,2025,11,Nov,2025-11,2025-11
South Sudan,2025-11-16,Akobo,percent_area_flooded,0.08028518,Unknown,2025,11,Nov,2025-11,2025-11
South Sudan,2025-11-16,Torit,percent_area_flooded,0.017727284,Unknown,2025,11,Nov,2025-11,2025-11
South Sudan,2025-11-16,Yambio,percent_area_flooded,0.006757919,Unknown,2025,11,Nov,2025-11,2025-11
South Sudan,2025-11-16,Magwi,percent_area_flooded,0.152583801,Unknown,2025,11,Nov,2025-11,2025-11
South Sudan,2025-11-16,Kapoeta North,percent_area_flooded,0.005361197,Unknown,2025,11,Nov,2025-11,2025-11
South Sudan,2025-11-16,Ikotos,percent_area_flooded,0.194302428,Unknown,2025,11,Nov,2025-11,2025-11
South Sudan,2025-11-16,Budi,percent_area_flooded,0.391978525,Unknown,2025,11,Nov,2025-11,2025-11
South Sudan,2025-11-16,Yei,percent_area_flooded,0.006493813,Unknown,2025,11,Nov,2025-11,2025-11
South Sudan,2025-11-16,Terekeka,percent_area_flooded,1.67985145,Unknown,2025,11,Nov,2025-11,2025-11
South Sudan,2025-11-16,Morobo,percent_area_flooded,0.094152667,Unknown,2025,11,Nov,2025-11,2025-11
South Sudan,2025-11-16,Lainya,percent_area_flooded,0.00529393,Unknown,2025,11,Nov,2025-11,2025-11
South Sudan,2025-11-16,Lafon,percent_area_flooded,0.075650906,Unknown,2025,11,Nov,2025-11,2025-11
South Sudan,2025-11-16,Fangak,percent_area_flooded,24.30184996,Unknown,2025,11,Nov,2025-11,2025-11
South Sudan,2025-11-16,Panyikang,percent_area_flooded,9.704796877,Unknown,2025,11,Nov,2025-11,2025-11
South Sudan,2025-11-16,Melut,percent_area_flooded,4.695218696,Unknown,2025,11,Nov,2025-11,2025-11
South Sudan,2025-11-16,Aweil East,percent_area_flooded,7.577188144,Unknown,2025,11,Nov,2025-11,2025-11
South Sudan,2025-11-16,Aweil Centre,percent_area_flooded,0.058151175,Unknown,2025,11,Nov,2025-11,2025-11
South Sudan,2025-11-16,Yirol West,percent_area_flooded,3.067503076,Unknown,2025,11,Nov,2025-11,2025-11
South Sudan,2025-11-16,Yirol East,percent_area_flooded,8.795429583,Unknown,2025,11,Nov,2025-11,2025-11
South Sudan,2025-11-16,Wulu,percent_area_flooded,0.151608526,Unknown,2025,11,Nov,2025-11,2025-11
South Sudan,2025-11-16,Rumbek East,percent_area_flooded,8.039599158,Unknown,2025,11,Nov,2025-11,2025-11
South Sudan,2025-11-16,Rumbek Centre,percent_area_flooded,1.996579816,Unknown,2025,11,Nov,2025-11,2025-11
South Sudan,2025-11-16,Cueibet,percent_area_flooded,0.562917999,Unknown,2025,11,Nov,2025-11,2025-11
South Sudan,2025-11-16,Awerial,percent_area_flooded,4.205180125,Unknown,2025,11,Nov,2025-11,2025-11
South Sudan,2025-11-16,Uror,percent_area_flooded,0.155179751,Unknown,2025,11,Nov,2025-11,2025-11
South Sudan,2025-11-16,Twic East,percent_area_flooded,10.8970996,Unknown,2025,11,Nov,2025-11,2025-11
South Sudan,2025-11-16,Pochalla,percent_area_flooded,0.1490557,Unknown,2025,11,Nov,2025-11,2025-11
South Sudan,2025-11-16,Pibor,percent_area_flooded,0.063749344,Unknown,2025,11,Nov,2025-11,2025-11
South Sudan,2025-11-16,Nyirol,percent_area_flooded,0.172113702,Unknown,2025,11,Nov,2025-11,2025-11
South Sudan,2025-11-16,Renk,percent_area_flooded,1.050155065,Unknown,2025,11,Nov,2025-11,2025-11
South Sudan,2025-11-16,Aweil North,percent_area_flooded,0.149432498,Unknown,2025,11,Nov,2025-11,2025-11
South Sudan,2025-11-16,Aweil South,percent_area_flooded,4.492788831,Unknown,2025,11,Nov,2025-11,2025-11
South Sudan,2025-11-16,Rumbek North,percent_area_flooded,0.382354291,Unknown,2025,11,Nov,2025-11,2025-11
South Sudan,2025-11-16,Abiemnhom,percent_area_flooded,0.568850044,Unknown,2025,11,Nov,2025-11,2025-11
South Sudan,2025-11-16,Aweil West,percent_area_flooded,1.282857922,Unknown,2025,11,Nov,2025-11,2025-11
South Sudan,2025-11-16,Malakal,percent_area_flooded,6.025706341,Unknown,2025,11,Nov,2025-11,2025-11
South Sudan,2025-11-16,Maiwut,percent_area_flooded,0.173168316,Unknown,2025,11,Nov,2025-11,2025-11
South Sudan,2025-11-16,Maban,percent_area_flooded,0.3144714,Unknown,2025,11,Nov,2025-11,2025-11
South Sudan,2025-11-16,Luakpiny/Nasir,percent_area_flooded,8.17354505,Unknown,2025,11,Nov,2025-11,2025-11
South Sudan,2025-11-16,Longochuk,percent_area_flooded,0.540903164,Unknown,2025,11,Nov,2025-11,2025-11
South Sudan,2025-11-16,Fashoda,percent_area_flooded,5.47493753,Unknown,2025,11,Nov,2025-11,2025-11
South Sudan,2025-11-16,Baliet,percent_area_flooded,1.080163508,Unknown,2025,11,Nov,2025-11,2025-11
South Sudan,2025-11-16,Manyo,percent_area_flooded,4.114246391,Unknown,2025,11,Nov,2025-11,2025-11
South Sudan,2025-11-16,Pariang,percent_area_flooded,10.62456382,Unknown,2025,11,Nov,2025-11,2025-11
South Sudan,2025-11-16,Panyijiar,percent_area_flooded,11.07909572,Unknown,2025,11,Nov,2025-11,2025-11
South Sudan,2025-11-16,Mayom,percent_area_flooded,17.10137652,Unknown,2025,11,Nov,2025-11,2025-11
South Sudan,2025-11-16,Mayendit,percent_area_flooded,25.53652293,Unknown,2025,11,Nov,2025-11,2025-11
South Sudan,2025-11-16,Leer,percent_area_flooded,5.726196224,Unknown,2025,11,Nov,2025-11,2025-11
South Sudan,2025-11-16,Koch,percent_area_flooded,8.031691367,Unknown,2025,11,Nov,2025-11,2025-11
South Sudan,2025-11-16,Guit,percent_area_flooded,40.75597901,Unknown,2025,11,Nov,2025-11,2025-11
South Sudan,2025-11-16,Rubkona,percent_area_flooded,42.89418177,Unknown,2025,11,Nov,2025-11,2025-11
South Sudan,2025-12-01,Melut,percent_area_flooded,5.953510271,Unknown,2025,12,Dec,2025-12,2025-12
South Sudan,2025-12-01,Manyo,percent_area_flooded,3.138278997,Unknown,2025,12,Dec,2025-12,2025-12
South Sudan,2025-12-01,Malakal,percent_area_flooded,5.874186532,Unknown,2025,12,Dec,2025-12,2025-12
South Sudan,2025-12-01,Maiwut,percent_area_flooded,0.015939944,Unknown,2025,12,Dec,2025-12,2025-12
South Sudan,2025-12-01,Maban,percent_area_flooded,0.422027575,Unknown,2025,12,Dec,2025-12,2025-12
South Sudan,2025-12-01,Luakpiny/Nasir,percent_area_flooded,6.707498597,Unknown,2025,12,Dec,2025-12,2025-12
South Sudan,2025-12-01,Longochuk,percent_area_flooded,0.464885106,Unknown,2025,12,Dec,2025-12,2025-12
South Sudan,2025-12-01,Pariang,percent_area_flooded,11.3571419,Unknown,2025,12,Dec,2025-12,2025-12
South Sudan,2025-12-01,Baliet,percent_area_flooded,1.958126853,Unknown,2025,12,Dec,2025-12,2025-12
South Sudan,2025-12-01,Rubkona,percent_area_flooded,43.65529456,Unknown,2025,12,Dec,2025-12,2025-12
South Sudan,2025-12-01,Panyijiar,percent_area_flooded,10.33490281,Unknown,2025,12,Dec,2025-12,2025-12
South Sudan,2025-12-01,Mayom,percent_area_flooded,15.83333494,Unknown,2025,12,Dec,2025-12,2025-12
South Sudan,2025-12-01,Mayendit,percent_area_flooded,23.71417936,Unknown,2025,12,Dec,2025-12,2025-12
South Sudan,2025-12-01,Leer,percent_area_flooded,5.455159787,Unknown,2025,12,Dec,2025-12,2025-12
South Sudan,2025-12-01,Panyikang,percent_area_flooded,10.40586085,Unknown,2025,12,Dec,2025-12,2025-12
South Sudan,2025-12-01,Fashoda,percent_area_flooded,7.728234628,Unknown,2025,12,Dec,2025-12,2025-12
South Sudan,2025-12-01,Renk,percent_area_flooded,0.844089835,Unknown,2025,12,Dec,2025-12,2025-12
South Sudan,2025-12-01,Koch,percent_area_flooded,6.491853702,Unknown,2025,12,Dec,2025-12,2025-12
South Sudan,2025-12-01,Gogrial East,percent_area_flooded,11.55432599,Unknown,2025,12,Dec,2025-12,2025-12
South Sudan,2025-12-01,Tambura,percent_area_flooded,0.049264044,Unknown,2025,12,Dec,2025-12,2025-12
South Sudan,2025-12-01,Nzara,percent_area_flooded,0.014893576,Unknown,2025,12,Dec,2025-12,2025-12
South Sudan,2025-12-01,Nagero,percent_area_flooded,0.132683446,Unknown,2025,12,Dec,2025-12,2025-12
South Sudan,2025-12-01,Mvolo,percent_area_flooded,0.172798768,Unknown,2025,12,Dec,2025-12,2025-12
South Sudan,2025-12-01,Mundri West,percent_area_flooded,0.012132141,Unknown,2025,12,Dec,2025-12,2025-12
South Sudan,2025-12-01,Mundri East,percent_area_flooded,0.022007766,Unknown,2025,12,Dec,2025-12,2025-12
South Sudan,2025-12-01,Maridi,percent_area_flooded,0.058102585,Unknown,2025,12,Dec,2025-12,2025-12
South Sudan,2025-12-01,Ulang,percent_area_flooded,3.544616025,Unknown,2025,12,Dec,2025-12,2025-12
South Sudan,2025-12-01,Yambio,percent_area_flooded,0.027707466,Unknown,2025,12,Dec,2025-12,2025-12
South Sudan,2025-12-01,Raja,percent_area_flooded,0.06479654,Unknown,2025,12,Dec,2025-12,2025-12
South Sudan,2025-12-01,Jur River,percent_area_flooded,0.469926158,Unknown,2025,12,Dec,2025-12,2025-12
South Sudan,2025-12-01,Twic,percent_area_flooded,15.26830578,Unknown,2025,12,Dec,2025-12,2025-12
South Sudan,2025-12-01,Tonj South,percent_area_flooded,0.709463281,Unknown,2025,12,Dec,2025-12,2025-12
South Sudan,2025-12-01,Tonj North,percent_area_flooded,13.16418738,Unknown,2025,12,Dec,2025-12,2025-12
South Sudan,2025-12-01,Tonj East,percent_area_flooded,3.219526492,Unknown,2025,12,Dec,2025-12,2025-12
South Sudan,2025-12-01,Gogrial West,percent_area_flooded,13.37749371,Unknown,2025,12,Dec,2025-12,2025-12
South Sudan,2025-12-01,Wau,percent_area_flooded,0.127334496,Unknown,2025,12,Dec,2025-12,2025-12
South Sudan,2025-12-01,Guit,percent_area_flooded,38.12132134,Unknown,2025,12,Dec,2025-12,2025-12
South Sudan,2025-12-01,Ibba,percent_area_flooded,0.021009577,Unknown,2025,12,Dec,2025-12,2025-12
South Sudan,2025-12-01,Aweil West,percent_area_flooded,0.385972352,Unknown,2025,12,Dec,2025-12,2025-12
South Sudan,2025-12-01,Bor South,percent_area_flooded,4.059684393,Unknown,2025,12,Dec,2025-12,2025-12
South Sudan,2025-12-01,Ayod,percent_area_flooded,12.77005709,Unknown,2025,12,Dec,2025-12,2025-12
South Sudan,2025-12-01,Akobo,percent_area_flooded,0.83983098,Unknown,2025,12,Dec,2025-12,2025-12
South Sudan,2025-12-01,Torit,percent_area_flooded,0.508537425,Unknown,2025,12,Dec,2025-12,2025-12
South Sudan,2025-12-01,Magwi,percent_area_flooded,0.360182114,Unknown,2025,12,Dec,2025-12,2025-12
South Sudan,2025-12-01,Lafon,percent_area_flooded,1.042459511,Unknown,2025,12,Dec,2025-12,2025-12
South Sudan,2025-12-01,Kapoeta North,percent_area_flooded,0.457777044,Unknown,2025,12,Dec,2025-12,2025-12
South Sudan,2025-12-01,Kapoeta East,percent_area_flooded,0.332854746,Unknown,2025,12,Dec,2025-12,2025-12
South Sudan,2025-12-01,Ikotos,percent_area_flooded,0.697722357,Unknown,2025,12,Dec,2025-12,2025-12
South Sudan,2025-12-01,Budi,percent_area_flooded,1.384942554,Unknown,2025,12,Dec,2025-12,2025-12
South Sudan,2025-12-01,Yei,percent_area_flooded,0.004697451,Unknown,2025,12,Dec,2025-12,2025-12
South Sudan,2025-12-01,Terekeka,percent_area_flooded,1.688005169,Unknown,2025,12,Dec,2025-12,2025-12
South Sudan,2025-12-01,Morobo,percent_area_flooded,0.094152667,Unknown,2025,12,Dec,2025-12,2025-12
South Sudan,2025-12-01,Juba,percent_area_flooded,1.674570221,Unknown,2025,12,Dec,2025-12,2025-12
South Sudan,2025-12-01,Ezo,percent_area_flooded,0.045942065,Unknown,2025,12,Dec,2025-12,2025-12
South Sudan,2025-12-01,Canal/Pigi,percent_area_flooded,4.005259119,Unknown,2025,12,Dec,2025-12,2025-12
South Sudan,2025-12-01,Duk,percent_area_flooded,13.01485869,Unknown,2025,12,Dec,2025-12,2025-12
South Sudan,2025-12-01,Abiemnhom,percent_area_flooded,0.681562105,Unknown,2025,12,Dec,2025-12,2025-12
South Sudan,2025-12-01,Nyirol,percent_area_flooded,0.14496336,Unknown,2025,12,Dec,2025-12,2025-12
South Sudan,2025-12-01,Fangak,percent_area_flooded,23.27339553,Unknown,2025,12,Dec,2025-12,2025-12
South Sudan,2025-12-01,Aweil South,percent_area_flooded,3.831865355,Unknown,2025,12,Dec,2025-12,2025-12
South Sudan,2025-12-01,Aweil North,percent_area_flooded,0.007137864,Unknown,2025,12,Dec,2025-12,2025-12
South Sudan,2025-12-01,Aweil East,percent_area_flooded,2.988202062,Unknown,2025,12,Dec,2025-12,2025-12
South Sudan,2025-12-01,Aweil Centre,percent_area_flooded,0.162118426,Unknown,2025,12,Dec,2025-12,2025-12
South Sudan,2025-12-01,Yirol East,percent_area_flooded,7.851309445,Unknown,2025,12,Dec,2025-12,2025-12
South Sudan,2025-12-01,Wulu,percent_area_flooded,0.083142849,Unknown,2025,12,Dec,2025-12,2025-12
South Sudan,2025-12-01,Rumbek North,percent_area_flooded,2.507744906,Unknown,2025,12,Dec,2025-12,2025-12
South Sudan,2025-12-01,Yirol West,percent_area_flooded,2.932118248,Unknown,2025,12,Dec,2025-12,2025-12
South Sudan,2025-12-01,Rumbek Centre,percent_area_flooded,0.956962012,Unknown,2025,12,Dec,2025-12,2025-12
South Sudan,2025-12-01,Cueibet,percent_area_flooded,0.923882826,Unknown,2025,12,Dec,2025-12,2025-12
South Sudan,2025-12-01,Awerial,percent_area_flooded,4.502760705,Unknown,2025,12,Dec,2025-12,2025-12
South Sudan,2025-12-01,Uror,percent_area_flooded,2.878742535,Unknown,2025,12,Dec,2025-12,2025-12
South Sudan,2025-12-01,Twic East,percent_area_flooded,11.22520858,Unknown,2025,12,Dec,2025-12,2025-12
South Sudan,2025-12-01,Pochalla,percent_area_flooded,0.140105197,Unknown,2025,12,Dec,2025-12,2025-12
South Sudan,2025-12-01,Pibor,percent_area_flooded,0.590473069,Unknown,2025,12,Dec,2025-12,2025-12
South Sudan,2025-12-01,Rumbek East,percent_area_flooded,4.116217223,Unknown,2025,12,Dec,2025-12,2025-12
South Sudan,2025-12-16,Maiwut,percent_area_flooded,0.201721423,Unknown,2025,12,Dec,2025-12,2025-12
South Sudan,2025-12-16,Renk,percent_area_flooded,1.069400779,Unknown,2025,12,Dec,2025-12,2025-12
South Sudan,2025-12-16,Panyikang,percent_area_flooded,15.40863799,Unknown,2025,12,Dec,2025-12,2025-12
South Sudan,2025-12-16,Melut,percent_area_flooded,8.823389477,Unknown,2025,12,Dec,2025-12,2025-12
South Sudan,2025-12-16,Manyo,percent_area_flooded,4.535000023,Unknown,2025,12,Dec,2025-12,2025-12
South Sudan,2025-12-16,Malakal,percent_area_flooded,6.76821044,Unknown,2025,12,Dec,2025-12,2025-12
South Sudan,2025-12-16,Maban,percent_area_flooded,0.945980977,Unknown,2025,12,Dec,2025-12,2025-12
South Sudan,2025-12-16,Mayom,percent_area_flooded,17.58519931,Unknown,2025,12,Dec,2025-12,2025-12
South Sudan,2025-12-16,Longochuk,percent_area_flooded,0.806895586,Unknown,2025,12,Dec,2025-12,2025-12
South Sudan,2025-12-16,Fashoda,percent_area_flooded,9.530514565,Unknown,2025,12,Dec,2025-12,2025-12
South Sudan,2025-12-16,Baliet,percent_area_flooded,5.005146485,Unknown,2025,12,Dec,2025-12,2025-12
South Sudan,2025-12-16,Rubkona,percent_area_flooded,46.16839765,Unknown,2025,12,Dec,2025-12,2025-12
South Sudan,2025-12-16,Pariang,percent_area_flooded,13.11124973,Unknown,2025,12,Dec,2025-12,2025-12
South Sudan,2025-12-16,Panyijiar,percent_area_flooded,11.32753,Unknown,2025,12,Dec,2025-12,2025-12
South Sudan,2025-12-16,Ulang,percent_area_flooded,6.041640388,Unknown,2025,12,Dec,2025-12,2025-12
South Sudan,2025-12-16,Luakpiny/Nasir,percent_area_flooded,8.049717802,Unknown,2025,12,Dec,2025-12,2025-12
South Sudan,2025-12-16,Gogrial East,percent_area_flooded,12.42472508,Unknown,2025,12,Dec,2025-12,2025-12
South Sudan,2025-12-16,Ezo,percent_area_flooded,0.249448032,Unknown,2025,12,Dec,2025-12,2025-12
South Sudan,2025-12-16,Tonj East,percent_area_flooded,4.319600108,Unknown,2025,12,Dec,2025-12,2025-12
South Sudan,2025-12-16,Mayendit,percent_area_flooded,23.67771469,Unknown,2025,12,Dec,2025-12,2025-12
South Sudan,2025-12-16,Yambio,percent_area_flooded,0.110829864,Unknown,2025,12,Dec,2025-12,2025-12
South Sudan,2025-12-16,Tambura,percent_area_flooded,0.037603074,Unknown,2025,12,Dec,2025-12,2025-12
South Sudan,2025-12-16,Nzara,percent_area_flooded,0.207281721,Unknown,2025,12,Dec,2025-12,2025-12
South Sudan,2025-12-16,Nagero,percent_area_flooded,0.746537962,Unknown,2025,12,Dec,2025-12,2025-12
South Sudan,2025-12-16,Mvolo,percent_area_flooded,0.130205083,Unknown,2025,12,Dec,2025-12,2025-12
South Sudan,2025-12-16,Mundri West,percent_area_flooded,0.107504253,Unknown,2025,12,Dec,2025-12,2025-12
South Sudan,2025-12-16,Gogrial West,percent_area_flooded,4.223382286,Unknown,2025,12,Dec,2025-12,2025-12
South Sudan,2025-12-16,Mundri East,percent_area_flooded,0.048300231,Unknown,2025,12,Dec,2025-12,2025-12
South Sudan,2025-12-16,Ibba,percent_area_flooded,0.177551527,Unknown,2025,12,Dec,2025-12,2025-12
South Sudan,2025-12-16,Wau,percent_area_flooded,0.091569224,Unknown,2025,12,Dec,2025-12,2025-12
South Sudan,2025-12-16,Raja,percent_area_flooded,0.079819069,Unknown,2025,12,Dec,2025-12,2025-12
South Sudan,2025-12-16,Jur River,percent_area_flooded,0.404893203,Unknown,2025,12,Dec,2025-12,2025-12
South Sudan,2025-12-16,Twic,percent_area_flooded,19.3144899,Unknown,2025,12,Dec,2025-12,2025-12
South Sudan,2025-12-16,Tonj South,percent_area_flooded,0.722215289,Unknown,2025,12,Dec,2025-12,2025-12
South Sudan,2025-12-16,Tonj North,percent_area_flooded,14.28748698,Unknown,2025,12,Dec,2025-12,2025-12
South Sudan,2025-12-16,Maridi,percent_area_flooded,0.147897488,Unknown,2025,12,Dec,2025-12,2025-12
South Sudan,2025-12-16,Leer,percent_area_flooded,6.284639967,Unknown,2025,12,Dec,2025-12,2025-12
South Sudan,2025-12-16,Koch,percent_area_flooded,6.780782754,Unknown,2025,12,Dec,2025-12,2025-12
South Sudan,2025-12-16,Guit,percent_area_flooded,36.76707662,Unknown,2025,12,Dec,2025-12,2025-12
South Sudan,2025-12-16,Duk,percent_area_flooded,17.39877796,Unknown,2025,12,Dec,2025-12,2025-12
South Sudan,2025-12-16,Canal/Pigi,percent_area_flooded,5.21414029,Unknown,2025,12,Dec,2025-12,2025-12
South Sudan,2025-12-16,Bor South,percent_area_flooded,15.18756156,Unknown,2025,12,Dec,2025-12,2025-12
South Sudan,2025-12-16,Ayod,percent_area_flooded,14.34526942,Unknown,2025,12,Dec,2025-12,2025-12
South Sudan,2025-12-16,Akobo,percent_area_flooded,2.816199041,Unknown,2025,12,Dec,2025-12,2025-12
South Sudan,2025-12-16,Torit,percent_area_flooded,0.170454654,Unknown,2025,12,Dec,2025-12,2025-12
South Sudan,2025-12-16,Magwi,percent_area_flooded,0.204531301,Unknown,2025,12,Dec,2025-12,2025-12
South Sudan,2025-12-16,Lafon,percent_area_flooded,2.325809965,Unknown,2025,12,Dec,2025-12,2025-12
South Sudan,2025-12-16,Kapoeta North,percent_area_flooded,0.54284253,Unknown,2025,12,Dec,2025-12,2025-12
South Sudan,2025-12-16,Kapoeta East,percent_area_flooded,0.312847998,Unknown,2025,12,Dec,2025-12,2025-12
South Sudan,2025-12-16,Ikotos,percent_area_flooded,0.017192622,Unknown,2025,12,Dec,2025-12,2025-12
South Sudan,2025-12-16,Budi,percent_area_flooded,0.058452543,Unknown,2025,12,Dec,2025-12,2025-12
South Sudan,2025-12-16,Yei,percent_area_flooded,0.024499385,Unknown,2025,12,Dec,2025-12,2025-12
South Sudan,2025-12-16,Terekeka,percent_area_flooded,1.59331084,Unknown,2025,12,Dec,2025-12,2025-12
South Sudan,2025-12-16,Morobo,percent_area_flooded,0.012148731,Unknown,2025,12,Dec,2025-12,2025-12
South Sudan,2025-12-16,Fangak,percent_area_flooded,25.46091194,Unknown,2025,12,Dec,2025-12,2025-12
South Sudan,2025-12-16,Nyirol,percent_area_flooded,0.846816082,Unknown,2025,12,Dec,2025-12,2025-12
South Sudan,2025-12-16,Juba,percent_area_flooded,0.678808434,Unknown,2025,12,Dec,2025-12,2025-12
South Sudan,2025-12-16,Pochalla,percent_area_flooded,0.434517055,Unknown,2025,12,Dec,2025-12,2025-12
South Sudan,2025-12-16,Pibor,percent_area_flooded,1.385846209,Unknown,2025,12,Dec,2025-12,2025-12
South Sudan,2025-12-16,Abiemnhom,percent_area_flooded,0.64819608,Unknown,2025,12,Dec,2025-12,2025-12
South Sudan,2025-12-16,Aweil West,percent_area_flooded,0.250559917,Unknown,2025,12,Dec,2025-12,2025-12
South Sudan,2025-12-16,Aweil South,percent_area_flooded,1.793935149,Unknown,2025,12,Dec,2025-12,2025-12
South Sudan,2025-12-16,Aweil North,percent_area_flooded,0.030498146,Unknown,2025,12,Dec,2025-12,2025-12
South Sudan,2025-12-16,Aweil Centre,percent_area_flooded,0.192339416,Unknown,2025,12,Dec,2025-12,2025-12
South Sudan,2025-12-16,Yirol West,percent_area_flooded,2.363542628,Unknown,2025,12,Dec,2025-12,2025-12
South Sudan,2025-12-16,Yirol East,percent_area_flooded,8.260386833,Unknown,2025,12,Dec,2025-12,2025-12
South Sudan,2025-12-16,Aweil East,percent_area_flooded,0.919399387,Unknown,2025,12,Dec,2025-12,2025-12
South Sudan,2025-12-16,Rumbek North,percent_area_flooded,8.373150944,Unknown,2025,12,Dec,2025-12,2025-12
South Sudan,2025-12-16,Rumbek East,percent_area_flooded,3.867772333,Unknown,2025,12,Dec,2025-12,2025-12
South Sudan,2025-12-16,Rumbek Centre,percent_area_flooded,1.591156849,Unknown,2025,12,Dec,2025-12,2025-12
South Sudan,2025-12-16,Cueibet,percent_area_flooded,2.788892667,Unknown,2025,12,Dec,2025-12,2025-12
South Sudan,2025-12-16,Awerial,percent_area_flooded,5.61809949,Unknown,2025,12,Dec,2025-12,2025-12
South Sudan,2025-12-16,Uror,percent_area_flooded,13.68648703,Unknown,2025,12,Dec,2025-12,2025-12
South Sudan,2025-12-16,Twic East,percent_area_flooded,15.31302104,Unknown,2025,12,Dec,2025-12,2025-12
South Sudan,2025-12-16,Wulu,percent_area_flooded,0.139433144,Unknown,2025,12,Dec,2025-12,2025-12
South Sudan,2026-01-01,Maiwut,percent_area_flooded,0.283460947,Unknown,2026,1,Jan,2026-01,2026-01
South Sudan,2026-01-01,Renk,percent_area_flooded,0.937888395,Unknown,2026,1,Jan,2026-01,2026-01
South Sudan,2026-01-01,Panyikang,percent_area_flooded,13.44738516,Unknown,2026,1,Jan,2026-01,2026-01
South Sudan,2026-01-01,Melut,percent_area_flooded,11.12776969,Unknown,2026,1,Jan,2026-01,2026-01
South Sudan,2026-01-01,Manyo,percent_area_flooded,4.486968119,Unknown,2026,1,Jan,2026-01,2026-01
South Sudan,2026-01-01,Malakal,percent_area_flooded,4.53032475,Unknown,2026,1,Jan,2026-01,2026-01
South Sudan,2026-01-01,Maban,percent_area_flooded,1.293406463,Unknown,2026,1,Jan,2026-01,2026-01
South Sudan,2026-01-01,Mayom,percent_area_flooded,18.69522774,Unknown,2026,1,Jan,2026-01,2026-01
South Sudan,2026-01-01,Longochuk,percent_area_flooded,1.400459304,Unknown,2026,1,Jan,2026-01,2026-01
South Sudan,2026-01-01,Fashoda,percent_area_flooded,5.394671978,Unknown,2026,1,Jan,2026-01,2026-01
South Sudan,2026-01-01,Baliet,percent_area_flooded,6.688301262,Unknown,2026,1,Jan,2026-01,2026-01
South Sudan,2026-01-01,Rubkona,percent_area_flooded,47.45315384,Unknown,2026,1,Jan,2026-01,2026-01
South Sudan,2026-01-01,Pariang,percent_area_flooded,11.67576319,Unknown,2026,1,Jan,2026-01,2026-01
South Sudan,2026-01-01,Panyijiar,percent_area_flooded,11.88914314,Unknown,2026,1,Jan,2026-01,2026-01
South Sudan,2026-01-01,Ulang,percent_area_flooded,6.712595001,Unknown,2026,1,Jan,2026-01,2026-01
South Sudan,2026-01-01,Luakpiny/Nasir,percent_area_flooded,7.403127509,Unknown,2026,1,Jan,2026-01,2026-01
South Sudan,2026-01-01,Gogrial East,percent_area_flooded,10.36463253,Unknown,2026,1,Jan,2026-01,2026-01
South Sudan,2026-01-01,Ezo,percent_area_flooded,0.179857422,Unknown,2026,1,Jan,2026-01,2026-01
South Sudan,2026-01-01,Tonj East,percent_area_flooded,6.835391564,Unknown,2026,1,Jan,2026-01,2026-01
South Sudan,2026-01-01,Mayendit,percent_area_flooded,25.1268624,Unknown,2026,1,Jan,2026-01,2026-01
South Sudan,2026-01-01,Yambio,percent_area_flooded,0.148448944,Unknown,2026,1,Jan,2026-01,2026-01
South Sudan,2026-01-01,Tambura,percent_area_flooded,0.164612612,Unknown,2026,1,Jan,2026-01,2026-01
South Sudan,2026-01-01,Nzara,percent_area_flooded,0.205132133,Unknown,2026,1,Jan,2026-01,2026-01
South Sudan,2026-01-01,Nagero,percent_area_flooded,0.108688882,Unknown,2026,1,Jan,2026-01,2026-01
South Sudan,2026-01-01,Mvolo,percent_area_flooded,0.011002202,Unknown,2026,1,Jan,2026-01,2026-01
South Sudan,2026-01-01,Mundri West,percent_area_flooded,0.013648659,Unknown,2026,1,Jan,2026-01,2026-01
South Sudan,2026-01-01,Gogrial West,percent_area_flooded,0.718507216,Unknown,2026,1,Jan,2026-01,2026-01
South Sudan,2026-01-01,Mundri East,percent_area_flooded,0.003730901,Unknown,2026,1,Jan,2026-01,2026-01
South Sudan,2026-01-01,Ibba,percent_area_flooded,0.131309859,Unknown,2026,1,Jan,2026-01,2026-01
South Sudan,2026-01-01,Wau,percent_area_flooded,0.078663152,Unknown,2026,1,Jan,2026-01,2026-01
South Sudan,2026-01-01,Raja,percent_area_flooded,0.08330531,Unknown,2026,1,Jan,2026-01,2026-01
South Sudan,2026-01-01,Jur River,percent_area_flooded,0.52888587,Unknown,2026,1,Jan,2026-01,2026-01
South Sudan,2026-01-01,Twic,percent_area_flooded,15.96945587,Unknown,2026,1,Jan,2026-01,2026-01
South Sudan,2026-01-01,Tonj South,percent_area_flooded,0.735352107,Unknown,2026,1,Jan,2026-01,2026-01
South Sudan,2026-01-01,Tonj North,percent_area_flooded,13.5898582,Unknown,2026,1,Jan,2026-01,2026-01
South Sudan,2026-01-01,Maridi,percent_area_flooded,0.055783634,Unknown,2026,1,Jan,2026-01,2026-01
South Sudan,2026-01-01,Leer,percent_area_flooded,5.913980604,Unknown,2026,1,Jan,2026-01,2026-01
South Sudan,2026-01-01,Aweil West,percent_area_flooded,0.079872908,Unknown,2026,1,Jan,2026-01,2026-01
South Sudan,2026-01-01,Guit,percent_area_flooded,37.41026477,Unknown,2026,1,Jan,2026-01,2026-01
South Sudan,2026-01-01,Duk,percent_area_flooded,16.8081233,Unknown,2026,1,Jan,2026-01,2026-01
South Sudan,2026-01-01,Canal/Pigi,percent_area_flooded,5.083555603,Unknown,2026,1,Jan,2026-01,2026-01
South Sudan,2026-01-01,Bor South,percent_area_flooded,26.8815272,Unknown,2026,1,Jan,2026-01,2026-01
South Sudan,2026-01-01,Ayod,percent_area_flooded,13.95620112,Unknown,2026,1,Jan,2026-01,2026-01
South Sudan,2026-01-01,Akobo,percent_area_flooded,3.143557499,Unknown,2026,1,Jan,2026-01,2026-01
South Sudan,2026-01-01,Torit,percent_area_flooded,0.321988841,Unknown,2026,1,Jan,2026-01,2026-01
South Sudan,2026-01-01,Magwi,percent_area_flooded,0.540483235,Unknown,2026,1,Jan,2026-01,2026-01
South Sudan,2026-01-01,Fangak,percent_area_flooded,25.56037363,Unknown,2026,1,Jan,2026-01,2026-01
South Sudan,2026-01-01,Lafon,percent_area_flooded,4.401103098,Unknown,2026,1,Jan,2026-01,2026-01
South Sudan,2026-01-01,Kapoeta East,percent_area_flooded,0.289897112,Unknown,2026,1,Jan,2026-01,2026-01
South Sudan,2026-01-01,Ikotos,percent_area_flooded,0.125046597,Unknown,2026,1,Jan,2026-01,2026-01
South Sudan,2026-01-01,Budi,percent_area_flooded,0.292779563,Unknown,2026,1,Jan,2026-01,2026-01
South Sudan,2026-01-01,Yei,percent_area_flooded,0.015561358,Unknown,2026,1,Jan,2026-01,2026-01
South Sudan,2026-01-01,Terekeka,percent_area_flooded,4.550887138,Unknown,2026,1,Jan,2026-01,2026-01
South Sudan,2026-01-01,Lainya,percent_area_flooded,0.037402746,Unknown,2026,1,Jan,2026-01,2026-01
South Sudan,2026-01-01,Koch,percent_area_flooded,6.791061746,Unknown,2026,1,Jan,2026-01,2026-01
South Sudan,2026-01-01,Kapoeta North,percent_area_flooded,3.707335917,Unknown,2026,1,Jan,2026-01,2026-01
South Sudan,2026-01-01,Nyirol,percent_area_flooded,2.329716619,Unknown,2026,1,Jan,2026-01,2026-01
South Sudan,2026-01-01,Juba,percent_area_flooded,0.744624768,Unknown,2026,1,Jan,2026-01,2026-01
South Sudan,2026-01-01,Pochalla,percent_area_flooded,0.765804983,Unknown,2026,1,Jan,2026-01,2026-01
South Sudan,2026-01-01,Pibor,percent_area_flooded,5.038139919,Unknown,2026,1,Jan,2026-01,2026-01
South Sudan,2026-01-01,Aweil South,percent_area_flooded,0.6706572,Unknown,2026,1,Jan,2026-01,2026-01
South Sudan,2026-01-01,Aweil North,percent_area_flooded,0.174439342,Unknown,2026,1,Jan,2026-01,2026-01
South Sudan,2026-01-01,Aweil East,percent_area_flooded,0.375184855,Unknown,2026,1,Jan,2026-01,2026-01
South Sudan,2026-01-01,Aweil Centre,percent_area_flooded,0.168197867,Unknown,2026,1,Jan,2026-01,2026-01
South Sudan,2026-01-01,Yirol West,percent_area_flooded,3.99202289,Unknown,2026,1,Jan,2026-01,2026-01
South Sudan,2026-01-01,Yirol East,percent_area_flooded,8.261272665,Unknown,2026,1,Jan,2026-01,2026-01
South Sudan,2026-01-01,Abiemnhom,percent_area_flooded,0.045980011,Unknown,2026,1,Jan,2026-01,2026-01
South Sudan,2026-01-01,Rumbek North,percent_area_flooded,9.81159995,Unknown,2026,1,Jan,2026-01,2026-01
South Sudan,2026-01-01,Rumbek East,percent_area_flooded,2.41749604,Unknown,2026,1,Jan,2026-01,2026-01
South Sudan,2026-01-01,Rumbek Centre,percent_area_flooded,4.751916413,Unknown,2026,1,Jan,2026-01,2026-01
South Sudan,2026-01-01,Cueibet,percent_area_flooded,2.934555352,Unknown,2026,1,Jan,2026-01,2026-01
South Sudan,2026-01-01,Awerial,percent_area_flooded,6.980053588,Unknown,2026,1,Jan,2026-01,2026-01
South Sudan,2026-01-01,Uror,percent_area_flooded,15.38808439,Unknown,2026,1,Jan,2026-01,2026-01
South Sudan,2026-01-01,Twic East,percent_area_flooded,23.22839041,Unknown,2026,1,Jan,2026-01,2026-01
South Sudan,2026-01-01,Wulu,percent_area_flooded,0.042871173,Unknown,2026,1,Jan,2026-01,2026-01
South Sudan,2026-01-16,Panyikang,percent_area_flooded,8.178759958,Unknown,2026,1,Jan,2026-01,2026-01
South Sudan,2026-01-16,Melut,percent_area_flooded,12.61150048,Unknown,2026,1,Jan,2026-01,2026-01
South Sudan,2026-01-16,Manyo,percent_area_flooded,5.466877341,Unknown,2026,1,Jan,2026-01,2026-01
South Sudan,2026-01-16,Malakal,percent_area_flooded,8.220766535,Unknown,2026,1,Jan,2026-01,2026-01
South Sudan,2026-01-16,Maiwut,percent_area_flooded,1.050992613,Unknown,2026,1,Jan,2026-01,2026-01
South Sudan,2026-01-16,Maban,percent_area_flooded,1.89237595,Unknown,2026,1,Jan,2026-01,2026-01
South Sudan,2026-01-16,Luakpiny/Nasir,percent_area_flooded,7.456331571,Unknown,2026,1,Jan,2026-01,2026-01
South Sudan,2026-01-16,Baliet,percent_area_flooded,6.396542123,Unknown,2026,1,Jan,2026-01,2026-01
South Sudan,2026-01-16,Fashoda,percent_area_flooded,8.462796383,Unknown,2026,1,Jan,2026-01,2026-01
South Sudan,2026-01-16,Rubkona,percent_area_flooded,49.00867468,Unknown,2026,1,Jan,2026-01,2026-01
South Sudan,2026-01-16,Pariang,percent_area_flooded,10.71379087,Unknown,2026,1,Jan,2026-01,2026-01
South Sudan,2026-01-16,Panyijiar,percent_area_flooded,12.08911146,Unknown,2026,1,Jan,2026-01,2026-01
South Sudan,2026-01-16,Mayom,percent_area_flooded,19.74952445,Unknown,2026,1,Jan,2026-01,2026-01
South Sudan,2026-01-16,Renk,percent_area_flooded,1.056278701,Unknown,2026,1,Jan,2026-01,2026-01
South Sudan,2026-01-16,Mayendit,percent_area_flooded,27.45541138,Unknown,2026,1,Jan,2026-01,2026-01
South Sudan,2026-01-16,Longochuk,percent_area_flooded,1.535366583,Unknown,2026,1,Jan,2026-01,2026-01
South Sudan,2026-01-16,Ulang,percent_area_flooded,8.221159344,Unknown,2026,1,Jan,2026-01,2026-01
South Sudan,2026-01-16,Raja,percent_area_flooded,0.038419554,Unknown,2026,1,Jan,2026-01,2026-01
South Sudan,2026-01-16,Gogrial West,percent_area_flooded,0.04236563,Unknown,2026,1,Jan,2026-01,2026-01
South Sudan,2026-01-16,Yambio,percent_area_flooded,0.016669532,Unknown,2026,1,Jan,2026-01,2026-01
South Sudan,2026-01-16,Tambura,percent_area_flooded,0.379124661,Unknown,2026,1,Jan,2026-01,2026-01
South Sudan,2026-01-16,Nzara,percent_area_flooded,0.03884613,Unknown,2026,1,Jan,2026-01,2026-01
South Sudan,2026-01-16,Nagero,percent_area_flooded,0.001718401,Unknown,2026,1,Jan,2026-01,2026-01
South Sudan,2026-01-16,Mvolo,percent_area_flooded,0.011773864,Unknown,2026,1,Jan,2026-01,2026-01
South Sudan,2026-01-16,Mundri West,percent_area_flooded,0.003792083,Unknown,2026,1,Jan,2026-01,2026-01
South Sudan,2026-01-16,Mundri East,percent_area_flooded,0.006232288,Unknown,2026,1,Jan,2026-01,2026-01
South Sudan,2026-01-16,Ibba,percent_area_flooded,0.00164781,Unknown,2026,1,Jan,2026-01,2026-01
South Sudan,2026-01-16,Ezo,percent_area_flooded,0.071183353,Unknown,2026,1,Jan,2026-01,2026-01
South Sudan,2026-01-16,Wau,percent_area_flooded,0.006782192,Unknown,2026,1,Jan,2026-01,2026-01
South Sudan,2026-01-16,Jur River,percent_area_flooded,0.432268172,Unknown,2026,1,Jan,2026-01,2026-01
South Sudan,2026-01-16,Twic,percent_area_flooded,10.60136284,Unknown,2026,1,Jan,2026-01,2026-01
South Sudan,2026-01-16,Tonj South,percent_area_flooded,0.406819,Unknown,2026,1,Jan,2026-01,2026-01
South Sudan,2026-01-16,Tonj North,percent_area_flooded,10.5722704,Unknown,2026,1,Jan,2026-01,2026-01
South Sudan,2026-01-16,Tonj East,percent_area_flooded,4.898949922,Unknown,2026,1,Jan,2026-01,2026-01
South Sudan,2026-01-16,Gogrial East,percent_area_flooded,7.146655467,Unknown,2026,1,Jan,2026-01,2026-01
South Sudan,2026-01-16,Leer,percent_area_flooded,6.225113546,Unknown,2026,1,Jan,2026-01,2026-01
South Sudan,2026-01-16,Guit,percent_area_flooded,38.24285976,Unknown,2026,1,Jan,2026-01,2026-01
South Sudan,2026-01-16,Aweil West,percent_area_flooded,0.159751645,Unknown,2026,1,Jan,2026-01,2026-01
South Sudan,2026-01-16,Canal/Pigi,percent_area_flooded,4.478484071,Unknown,2026,1,Jan,2026-01,2026-01
South Sudan,2026-01-16,Bor South,percent_area_flooded,9.471112261,Unknown,2026,1,Jan,2026-01,2026-01
South Sudan,2026-01-16,Ayod,percent_area_flooded,14.35150935,Unknown,2026,1,Jan,2026-01,2026-01
South Sudan,2026-01-16,Akobo,percent_area_flooded,3.731624627,Unknown,2026,1,Jan,2026-01,2026-01
South Sudan,2026-01-16,Torit,percent_area_flooded,0.153356292,Unknown,2026,1,Jan,2026-01,2026-01
South Sudan,2026-01-16,Lafon,percent_area_flooded,12.32583022,Unknown,2026,1,Jan,2026-01,2026-01
South Sudan,2026-01-16,Duk,percent_area_flooded,13.10655393,Unknown,2026,1,Jan,2026-01,2026-01
South Sudan,2026-01-16,Kapoeta North,percent_area_flooded,2.619770039,Unknown,2026,1,Jan,2026-01,2026-01
South Sudan,2026-01-16,Ikotos,percent_area_flooded,0.082705763,Unknown,2026,1,Jan,2026-01,2026-01
South Sudan,2026-01-16,Budi,percent_area_flooded,0.191536459,Unknown,2026,1,Jan,2026-01,2026-01
South Sudan,2026-01-16,Terekeka,percent_area_flooded,1.277186216,Unknown,2026,1,Jan,2026-01,2026-01
South Sudan,2026-01-16,Lainya,percent_area_flooded,0.009264377,Unknown,2026,1,Jan,2026-01,2026-01
South Sudan,2026-01-16,Juba,percent_area_flooded,0.967570188,Unknown,2026,1,Jan,2026-01,2026-01
South Sudan,2026-01-16,Koch,percent_area_flooded,6.78167658,Unknown,2026,1,Jan,2026-01,2026-01
South Sudan,2026-01-16,Kapoeta East,percent_area_flooded,0.284811785,Unknown,2026,1,Jan,2026-01,2026-01
South Sudan,2026-01-16,Fangak,percent_area_flooded,25.13637971,Unknown,2026,1,Jan,2026-01,2026-01
South Sudan,2026-01-16,Magwi,percent_area_flooded,0.270241618,Unknown,2026,1,Jan,2026-01,2026-01
South Sudan,2026-01-16,Pibor,percent_area_flooded,6.213679014,Unknown,2026,1,Jan,2026-01,2026-01
South Sudan,2026-01-16,Nyirol,percent_area_flooded,0.860846335,Unknown,2026,1,Jan,2026-01,2026-01
South Sudan,2026-01-16,Aweil North,percent_area_flooded,0.192900187,Unknown,2026,1,Jan,2026-01,2026-01
South Sudan,2026-01-16,Aweil East,percent_area_flooded,0.147406049,Unknown,2026,1,Jan,2026-01,2026-01
South Sudan,2026-01-16,Aweil Centre,percent_area_flooded,0.244499257,Unknown,2026,1,Jan,2026-01,2026-01
South Sudan,2026-01-16,Yirol West,percent_area_flooded,3.480162535,Unknown,2026,1,Jan,2026-01,2026-01
South Sudan,2026-01-16,Yirol East,percent_area_flooded,8.818284058,Unknown,2026,1,Jan,2026-01,2026-01
South Sudan,2026-01-16,Wulu,percent_area_flooded,0.068810735,Unknown,2026,1,Jan,2026-01,2026-01
South Sudan,2026-01-16,Rumbek North,percent_area_flooded,11.33741679,Unknown,2026,1,Jan,2026-01,2026-01
South Sudan,2026-01-16,Aweil South,percent_area_flooded,2.638750475,Unknown,2026,1,Jan,2026-01,2026-01
South Sudan,2026-01-16,Rumbek Centre,percent_area_flooded,5.287433966,Unknown,2026,1,Jan,2026-01,2026-01
South Sudan,2026-01-16,Cueibet,percent_area_flooded,2.806542602,Unknown,2026,1,Jan,2026-01,2026-01
South Sudan,2026-01-16,Awerial,percent_area_flooded,5.126065484,Unknown,2026,1,Jan,2026-01,2026-01
South Sudan,2026-01-16,Uror,percent_area_flooded,7.239495384,Unknown,2026,1,Jan,2026-01,2026-01
South Sudan,2026-01-16,Twic East,percent_area_flooded,17.09351559,Unknown,2026,1,Jan,2026-01,2026-01
South Sudan,2026-01-16,Pochalla,percent_area_flooded,8.932482029,Unknown,2026,1,Jan,2026-01,2026-01
South Sudan,2026-01-16,Rumbek East,percent_area_flooded,1.388026738,Unknown,2026,1,Jan,2026-01,2026-01
South Sudan,2026-02-01,Ulang,percent_area_flooded,10.77901597,Unknown,2026,2,Feb,2026-02,2026-02
South Sudan,2026-02-01,Renk,percent_area_flooded,0.976865827,Unknown,2026,2,Feb,2026-02,2026-02
South Sudan,2026-02-01,Panyikang,percent_area_flooded,7.579337705,Unknown,2026,2,Feb,2026-02,2026-02
South Sudan,2026-02-01,Melut,percent_area_flooded,13.05914025,Unknown,2026,2,Feb,2026-02,2026-02
South Sudan,2026-02-01,Manyo,percent_area_flooded,6.446202588,Unknown,2026,2,Feb,2026-02,2026-02
South Sudan,2026-02-01,Malakal,percent_area_flooded,6.200947693,Unknown,2026,2,Feb,2026-02,2026-02
South Sudan,2026-02-01,Maiwut,percent_area_flooded,0.879841316,Unknown,2026,2,Feb,2026-02,2026-02
South Sudan,2026-02-01,Fashoda,percent_area_flooded,6.506764986,Unknown,2026,2,Feb,2026-02,2026-02
South Sudan,2026-02-01,Luakpiny/Nasir,percent_area_flooded,6.401338567,Unknown,2026,2,Feb,2026-02,2026-02
South Sudan,2026-02-01,Longochuk,percent_area_flooded,1.097377997,Unknown,2026,2,Feb,2026-02,2026-02
South Sudan,2026-02-01,Baliet,percent_area_flooded,5.514549264,Unknown,2026,2,Feb,2026-02,2026-02
South Sudan,2026-02-01,Rubkona,percent_area_flooded,52.61391684,Unknown,2026,2,Feb,2026-02,2026-02
South Sudan,2026-02-01,Pariang,percent_area_flooded,10.22107866,Unknown,2026,2,Feb,2026-02,2026-02
South Sudan,2026-02-01,Panyijiar,percent_area_flooded,10.95182634,Unknown,2026,2,Feb,2026-02,2026-02
South Sudan,2026-02-01,Maban,percent_area_flooded,1.494691343,Unknown,2026,2,Feb,2026-02,2026-02
South Sudan,2026-02-01,Gogrial East,percent_area_flooded,3.976151526,Unknown,2026,2,Feb,2026-02,2026-02
South Sudan,2026-02-01,Mayom,percent_area_flooded,19.28616818,Unknown,2026,2,Feb,2026-02,2026-02
South Sudan,2026-02-01,Tonj East,percent_area_flooded,1.906450513,Unknown,2026,2,Feb,2026-02,2026-02
South Sudan,2026-02-01,Tambura,percent_area_flooded,0.01205837,Unknown,2026,2,Feb,2026-02,2026-02
South Sudan,2026-02-01,Nzara,percent_area_flooded,0.050054697,Unknown,2026,2,Feb,2026-02,2026-02
South Sudan,2026-02-01,Mvolo,percent_area_flooded,0.062505366,Unknown,2026,2,Feb,2026-02,2026-02
South Sudan,2026-02-01,Mundri West,percent_area_flooded,0.003811691,Unknown,2026,2,Feb,2026-02,2026-02
South Sudan,2026-02-01,Mundri East,percent_area_flooded,0.017138791,Unknown,2026,2,Feb,2026-02,2026-02
South Sudan,2026-02-01,Maridi,percent_area_flooded,0.006312698,Unknown,2026,2,Feb,2026-02,2026-02
South Sudan,2026-02-01,Ibba,percent_area_flooded,0.023687269,Unknown,2026,2,Feb,2026-02,2026-02
South Sudan,2026-02-01,Ezo,percent_area_flooded,0.044841837,Unknown,2026,2,Feb,2026-02,2026-02
South Sudan,2026-02-01,Wau,percent_area_flooded,0.007450135,Unknown,2026,2,Feb,2026-02,2026-02
South Sudan,2026-02-01,Raja,percent_area_flooded,0.026283728,Unknown,2026,2,Feb,2026-02,2026-02
South Sudan,2026-02-01,Jur River,percent_area_flooded,0.502927217,Unknown,2026,2,Feb,2026-02,2026-02
South Sudan,2026-02-01,Twic,percent_area_flooded,7.19407719,Unknown,2026,2,Feb,2026-02,2026-02
South Sudan,2026-02-01,Tonj South,percent_area_flooded,0.925623825,Unknown,2026,2,Feb,2026-02,2026-02
South Sudan,2026-02-01,Yambio,percent_area_flooded,0.021737971,Unknown,2026,2,Feb,2026-02,2026-02
South Sudan,2026-02-01,Tonj North,percent_area_flooded,8.372285365,Unknown,2026,2,Feb,2026-02,2026-02
South Sudan,2026-02-01,Gogrial West,percent_area_flooded,0.196342775,Unknown,2026,2,Feb,2026-02,2026-02
South Sudan,2026-02-01,Mayendit,percent_area_flooded,26.79116756,Unknown,2026,2,Feb,2026-02,2026-02
South Sudan,2026-02-01,Nyirol,percent_area_flooded,0.626360517,Unknown,2026,2,Feb,2026-02,2026-02
South Sudan,2026-02-01,Koch,percent_area_flooded,7.193506622,Unknown,2026,2,Feb,2026-02,2026-02
South Sudan,2026-02-01,Pibor,percent_area_flooded,0.812460592,Unknown,2026,2,Feb,2026-02,2026-02
South Sudan,2026-02-01,Fangak,percent_area_flooded,26.87977915,Unknown,2026,2,Feb,2026-02,2026-02
South Sudan,2026-02-01,Duk,percent_area_flooded,12.05484817,Unknown,2026,2,Feb,2026-02,2026-02
South Sudan,2026-02-01,Canal/Pigi,percent_area_flooded,3.588755622,Unknown,2026,2,Feb,2026-02,2026-02
South Sudan,2026-02-01,Bor South,percent_area_flooded,4.262375216,Unknown,2026,2,Feb,2026-02,2026-02
South Sudan,2026-02-01,Akobo,percent_area_flooded,2.900956629,Unknown,2026,2,Feb,2026-02,2026-02
South Sudan,2026-02-01,Pochalla,percent_area_flooded,6.319293356,Unknown,2026,2,Feb,2026-02,2026-02
South Sudan,2026-02-01,Magwi,percent_area_flooded,0.10600357,Unknown,2026,2,Feb,2026-02,2026-02
South Sudan,2026-02-01,Kapoeta North,percent_area_flooded,0.590769317,Unknown,2026,2,Feb,2026-02,2026-02
South Sudan,2026-02-01,Kapoeta East,percent_area_flooded,0.260321919,Unknown,2026,2,Feb,2026-02,2026-02
South Sudan,2026-02-01,Ikotos,percent_area_flooded,0.014982502,Unknown,2026,2,Feb,2026-02,2026-02
South Sudan,2026-02-01,Terekeka,percent_area_flooded,1.179509595,Unknown,2026,2,Feb,2026-02,2026-02
South Sudan,2026-02-01,Juba,percent_area_flooded,0.274639003,Unknown,2026,2,Feb,2026-02,2026-02
South Sudan,2026-02-01,Leer,percent_area_flooded,6.103156564,Unknown,2026,2,Feb,2026-02,2026-02
South Sudan,2026-02-01,Lafon,percent_area_flooded,3.198658859,Unknown,2026,2,Feb,2026-02,2026-02
South Sudan,2026-02-01,Twic East,percent_area_flooded,11.28376392,Unknown,2026,2,Feb,2026-02,2026-02
South Sudan,2026-02-01,Ayod,percent_area_flooded,14.51089015,Unknown,2026,2,Feb,2026-02,2026-02
South Sudan,2026-02-01,Awerial,percent_area_flooded,4.909866038,Unknown,2026,2,Feb,2026-02,2026-02
South Sudan,2026-02-01,Uror,percent_area_flooded,1.106977179,Unknown,2026,2,Feb,2026-02,2026-02
South Sudan,2026-02-01,Abiemnhom,percent_area_flooded,0.011797582,Unknown,2026,2,Feb,2026-02,2026-02
South Sudan,2026-02-01,Aweil West,percent_area_flooded,0.227587989,Unknown,2026,2,Feb,2026-02,2026-02
South Sudan,2026-02-01,Aweil South,percent_area_flooded,3.470274766,Unknown,2026,2,Feb,2026-02,2026-02
South Sudan,2026-02-01,Aweil North,percent_area_flooded,0.309286194,Unknown,2026,2,Feb,2026-02,2026-02
South Sudan,2026-02-01,Aweil East,percent_area_flooded,0.575190649,Unknown,2026,2,Feb,2026-02,2026-02
South Sudan,2026-02-01,Aweil Centre,percent_area_flooded,0.271548364,Unknown,2026,2,Feb,2026-02,2026-02
South Sudan,2026-02-01,Guit,percent_area_flooded,39.0902211,Unknown,2026,2,Feb,2026-02,2026-02
South Sudan,2026-02-01,Yirol East,percent_area_flooded,8.045838233,Unknown,2026,2,Feb,2026-02,2026-02
South Sudan,2026-02-01,Wulu,percent_area_flooded,0.05363067,Unknown,2026,2,Feb,2026-02,2026-02
South Sudan,2026-02-01,Rumbek North,percent_area_flooded,6.566748937,Unknown,2026,2,Feb,2026-02,2026-02
South Sudan,2026-02-01,Rumbek East,percent_area_flooded,0.952279855,Unknown,2026,2,Feb,2026-02,2026-02
South Sudan,2026-02-01,Rumbek Centre,percent_area_flooded,3.843820286,Unknown,2026,2,Feb,2026-02,2026-02
South Sudan,2026-02-01,Cueibet,percent_area_flooded,2.03319141,Unknown,2026,2,Feb,2026-02,2026-02
South Sudan,2026-02-01,Yirol West,percent_area_flooded,3.721456515,Unknown,2026,2,Feb,2026-02,2026-02
South Sudan,2026-02-16,Panyikang,percent_area_flooded,6.250450434,Unknown,2026,2,Feb,2026-02,2026-02
South Sudan,2026-02-16,Melut,percent_area_flooded,12.72077021,Unknown,2026,2,Feb,2026-02,2026-02
South Sudan,2026-02-16,Manyo,percent_area_flooded,5.319861759,Unknown,2026,2,Feb,2026-02,2026-02
South Sudan,2026-02-16,Malakal,percent_area_flooded,5.043056686,Unknown,2026,2,Feb,2026-02,2026-02
South Sudan,2026-02-16,Maiwut,percent_area_flooded,0.377950617,Unknown,2026,2,Feb,2026-02,2026-02
South Sudan,2026-02-16,Maban,percent_area_flooded,0.704207283,Unknown,2026,2,Feb,2026-02,2026-02
South Sudan,2026-02-16,Luakpiny/Nasir,percent_area_flooded,5.087330768,Unknown,2026,2,Feb,2026-02,2026-02
South Sudan,2026-02-16,Baliet,percent_area_flooded,2.476296936,Unknown,2026,2,Feb,2026-02,2026-02
South Sudan,2026-02-16,Fashoda,percent_area_flooded,3.875310638,Unknown,2026,2,Feb,2026-02,2026-02
South Sudan,2026-02-16,Rubkona,percent_area_flooded,51.72650225,Unknown,2026,2,Feb,2026-02,2026-02
South Sudan,2026-02-16,Pariang,percent_area_flooded,8.560015663,Unknown,2026,2,Feb,2026-02,2026-02
South Sudan,2026-02-16,Panyijiar,percent_area_flooded,9.792528055,Unknown,2026,2,Feb,2026-02,2026-02
South Sudan,2026-02-16,Mayom,percent_area_flooded,17.02603976,Unknown,2026,2,Feb,2026-02,2026-02
South Sudan,2026-02-16,Renk,percent_area_flooded,0.830773356,Unknown,2026,2,Feb,2026-02,2026-02
South Sudan,2026-02-16,Longochuk,percent_area_flooded,0.850920942,Unknown,2026,2,Feb,2026-02,2026-02
South Sudan,2026-02-16,Ulang,percent_area_flooded,8.232338787,Unknown,2026,2,Feb,2026-02,2026-02
South Sudan,2026-02-16,Tambura,percent_area_flooded,0.008250463,Unknown,2026,2,Feb,2026-02,2026-02
South Sudan,2026-02-16,Gogrial West,percent_area_flooded,0.122306701,Unknown,2026,2,Feb,2026-02,2026-02
South Sudan,2026-02-16,Mayendit,percent_area_flooded,25.26761653,Unknown,2026,2,Feb,2026-02,2026-02
South Sudan,2026-02-16,Nzara,percent_area_flooded,0.009212521,Unknown,2026,2,Feb,2026-02,2026-02
South Sudan,2026-02-16,Mvolo,percent_area_flooded,0.078781001,Unknown,2026,2,Feb,2026-02,2026-02
South Sudan,2026-02-16,Mundri West,percent_area_flooded,0.003792083,Unknown,2026,2,Feb,2026-02,2026-02
South Sudan,2026-02-16,Mundri East,percent_area_flooded,0.020519957,Unknown,2026,2,Feb,2026-02,2026-02
South Sudan,2026-02-16,Maridi,percent_area_flooded,0.020097568,Unknown,2026,2,Feb,2026-02,2026-02
South Sudan,2026-02-16,Ibba,percent_area_flooded,0.003276068,Unknown,2026,2,Feb,2026-02,2026-02
South Sudan,2026-02-16,Ezo,percent_area_flooded,0.004209263,Unknown,2026,2,Feb,2026-02,2026-02
South Sudan,2026-02-16,Wau,percent_area_flooded,0.002723153,Unknown,2026,2,Feb,2026-02,2026-02
South Sudan,2026-02-16,Raja,percent_area_flooded,0.021419892,Unknown,2026,2,Feb,2026-02,2026-02
South Sudan,2026-02-16,Jur River,percent_area_flooded,0.227354244,Unknown,2026,2,Feb,2026-02,2026-02
South Sudan,2026-02-16,Twic,percent_area_flooded,4.265963305,Unknown,2026,2,Feb,2026-02,2026-02
South Sudan,2026-02-16,Tonj South,percent_area_flooded,0.615982848,Unknown,2026,2,Feb,2026-02,2026-02
South Sudan,2026-02-16,Tonj North,percent_area_flooded,6.437707962,Unknown,2026,2,Feb,2026-02,2026-02
South Sudan,2026-02-16,Tonj East,percent_area_flooded,1.21096663,Unknown,2026,2,Feb,2026-02,2026-02
South Sudan,2026-02-16,Gogrial East,percent_area_flooded,2.731098181,Unknown,2026,2,Feb,2026-02,2026-02
South Sudan,2026-02-16,Leer,percent_area_flooded,6.042018463,Unknown,2026,2,Feb,2026-02,2026-02
South Sudan,2026-02-16,Koch,percent_area_flooded,6.60380533,Unknown,2026,2,Feb,2026-02,2026-02
South Sudan,2026-02-16,Guit,percent_area_flooded,37.33643302,Unknown,2026,2,Feb,2026-02,2026-02
South Sudan,2026-02-16,Fangak,percent_area_flooded,26.14471108,Unknown,2026,2,Feb,2026-02,2026-02
South Sudan,2026-02-16,Duk,percent_area_flooded,11.67376219,Unknown,2026,2,Feb,2026-02,2026-02
South Sudan,2026-02-16,Canal/Pigi,percent_area_flooded,2.616825291,Unknown,2026,2,Feb,2026-02,2026-02
South Sudan,2026-02-16,Bor South,percent_area_flooded,1.47005369,Unknown,2026,2,Feb,2026-02,2026-02
South Sudan,2026-02-16,Ayod,percent_area_flooded,13.28782533,Unknown,2026,2,Feb,2026-02,2026-02
South Sudan,2026-02-16,Akobo,percent_area_flooded,4.525531611,Unknown,2026,2,Feb,2026-02,2026-02
South Sudan,2026-02-16,Nyirol,percent_area_flooded,0.59704979,Unknown,2026,2,Feb,2026-02,2026-02
South Sudan,2026-02-16,Torit,percent_area_flooded,0.236420605,Unknown,2026,2,Feb,2026-02,2026-02
South Sudan,2026-02-16,Lafon,percent_area_flooded,0.660226388,Unknown,2026,2,Feb,2026-02,2026-02
South Sudan,2026-02-16,Kapoeta North,percent_area_flooded,0.101068708,Unknown,2026,2,Feb,2026-02,2026-02
South Sudan,2026-02-16,Kapoeta East,percent_area_flooded,0.275644814,Unknown,2026,2,Feb,2026-02,2026-02
South Sudan,2026-02-16,Budi,percent_area_flooded,0.037054737,Unknown,2026,2,Feb,2026-02,2026-02
South Sudan,2026-02-16,Terekeka,percent_area_flooded,0.676110095,Unknown,2026,2,Feb,2026-02,2026-02
South Sudan,2026-02-16,Lainya,percent_area_flooded,0.013600998,Unknown,2026,2,Feb,2026-02,2026-02
South Sudan,2026-02-16,Magwi,percent_area_flooded,0.089710074,Unknown,2026,2,Feb,2026-02,2026-02
South Sudan,2026-02-16,Pibor,percent_area_flooded,0.070978651,Unknown,2026,2,Feb,2026-02,2026-02
South Sudan,2026-02-16,Juba,percent_area_flooded,0.261324806,Unknown,2026,2,Feb,2026-02,2026-02
South Sudan,2026-02-16,Twic East,percent_area_flooded,9.786372753,Unknown,2026,2,Feb,2026-02,2026-02
South Sudan,2026-02-16,Abiemnhom,percent_area_flooded,0.011797582,Unknown,2026,2,Feb,2026-02,2026-02
South Sudan,2026-02-16,Aweil West,percent_area_flooded,1.6294436,Unknown,2026,2,Feb,2026-02,2026-02
South Sudan,2026-02-16,Aweil South,percent_area_flooded,2.030000603,Unknown,2026,2,Feb,2026-02,2026-02
South Sudan,2026-02-16,Aweil North,percent_area_flooded,0.393299403,Unknown,2026,2,Feb,2026-02,2026-02
South Sudan,2026-02-16,Pochalla,percent_area_flooded,3.147593335,Unknown,2026,2,Feb,2026-02,2026-02
South Sudan,2026-02-16,Aweil Centre,percent_area_flooded,0.346520026,Unknown,2026,2,Feb,2026-02,2026-02
South Sudan,2026-02-16,Yirol West,percent_area_flooded,1.734795974,Unknown,2026,2,Feb,2026-02,2026-02
South Sudan,2026-02-16,Aweil East,percent_area_flooded,1.657151779,Unknown,2026,2,Feb,2026-02,2026-02
South Sudan,2026-02-16,Wulu,percent_area_flooded,0.019350413,Unknown,2026,2,Feb,2026-02,2026-02
South Sudan,2026-02-16,Rumbek North,percent_area_flooded,1.094018117,Unknown,2026,2,Feb,2026-02,2026-02
South Sudan,2026-02-16,Rumbek East,percent_area_flooded,1.672161372,Unknown,2026,2,Feb,2026-02,2026-02
South Sudan,2026-02-16,Rumbek Centre,percent_area_flooded,1.327118726,Unknown,2026,2,Feb,2026-02,2026-02
South Sudan,2026-02-16,Cueibet,percent_area_flooded,0.371663008,Unknown,2026,2,Feb,2026-02,2026-02
South Sudan,2026-02-16,Awerial,percent_area_flooded,4.596354598,Unknown,2026,2,Feb,2026-02,2026-02
South Sudan,2026-02-16,Uror,percent_area_flooded,0.19419654,Unknown,2026,2,Feb,2026-02,2026-02
South Sudan,2026-02-16,Yirol East,percent_area_flooded,6.936067442,Unknown,2026,2,Feb,2026-02,2026-02
South Sudan,2026-03-01,Malakal,percent_area_flooded,4.950892715,Unknown,2026,3,Mar,2026-03,2026-03
South Sudan,2026-03-01,Tambura,percent_area_flooded,0.015231625,Unknown,2026,3,Mar,2026-03,2026-03
South Sudan,2026-03-01,Maiwut,percent_area_flooded,0.434989708,Unknown,2026,3,Mar,2026-03,2026-03
South Sudan,2026-03-01,Maban,percent_area_flooded,0.498202848,Unknown,2026,3,Mar,2026-03,2026-03
South Sudan,2026-03-01,Luakpiny/Nasir,percent_area_flooded,5.568250049,Unknown,2026,3,Mar,2026-03,2026-03
South Sudan,2026-03-01,Longochuk,percent_area_flooded,1.110401575,Unknown,2026,3,Mar,2026-03,2026-03
South Sudan,2026-03-01,Leer,percent_area_flooded,8.247776568,Unknown,2026,3,Mar,2026-03,2026-03
South Sudan,2026-03-01,Baliet,percent_area_flooded,1.719860491,Unknown,2026,3,Mar,2026-03,2026-03
South Sudan,2026-03-01,Rubkona,percent_area_flooded,49.91975366,Unknown,2026,3,Mar,2026-03,2026-03
South Sudan,2026-03-01,Pariang,percent_area_flooded,7.036283789,Unknown,2026,3,Mar,2026-03,2026-03
South Sudan,2026-03-01,Panyijiar,percent_area_flooded,10.71412117,Unknown,2026,3,Mar,2026-03,2026-03
South Sudan,2026-03-01,Mayom,percent_area_flooded,16.9161884,Unknown,2026,3,Mar,2026-03,2026-03
South Sudan,2026-03-01,Mayendit,percent_area_flooded,26.62803055,Unknown,2026,3,Mar,2026-03,2026-03
South Sudan,2026-03-01,Manyo,percent_area_flooded,3.263541529,Unknown,2026,3,Mar,2026-03,2026-03
South Sudan,2026-03-01,Fashoda,percent_area_flooded,3.276114382,Unknown,2026,3,Mar,2026-03,2026-03
South Sudan,2026-03-01,Melut,percent_area_flooded,9.146974307,Unknown,2026,3,Mar,2026-03,2026-03
South Sudan,2026-03-01,Twic,percent_area_flooded,4.987184636,Unknown,2026,3,Mar,2026-03,2026-03
South Sudan,2026-03-01,Renk,percent_area_flooded,0.788685505,Unknown,2026,3,Mar,2026-03,2026-03
South Sudan,2026-03-01,Koch,percent_area_flooded,8.421399231,Unknown,2026,3,Mar,2026-03,2026-03
South Sudan,2026-03-01,Nagero,percent_area_flooded,0.002868719,Unknown,2026,3,Mar,2026-03,2026-03
South Sudan,2026-03-01,Mvolo,percent_area_flooded,0.084321643,Unknown,2026,3,Mar,2026-03,2026-03
South Sudan,2026-03-01,Mundri West,percent_area_flooded,0.010784126,Unknown,2026,3,Mar,2026-03,2026-03
South Sudan,2026-03-01,Mundri East,percent_area_flooded,0.020519957,Unknown,2026,3,Mar,2026-03,2026-03
South Sudan,2026-03-01,Ezo,percent_area_flooded,0.003286769,Unknown,2026,3,Mar,2026-03,2026-03
South Sudan,2026-03-01,Wau,percent_area_flooded,0.001165102,Unknown,2026,3,Mar,2026-03,2026-03
South Sudan,2026-03-01,Raja,percent_area_flooded,0.009761474,Unknown,2026,3,Mar,2026-03,2026-03
South Sudan,2026-03-01,Jur River,percent_area_flooded,0.312107819,Unknown,2026,3,Mar,2026-03,2026-03
South Sudan,2026-03-01,Tonj South,percent_area_flooded,0.597783051,Unknown,2026,3,Mar,2026-03,2026-03
South Sudan,2026-03-01,Tonj North,percent_area_flooded,5.657230709,Unknown,2026,3,Mar,2026-03,2026-03
South Sudan,2026-03-01,Tonj East,percent_area_flooded,0.148482072,Unknown,2026,3,Mar,2026-03,2026-03
South Sudan,2026-03-01,Gogrial West,percent_area_flooded,0.859923539,Unknown,2026,3,Mar,2026-03,2026-03
South Sudan,2026-03-01,Gogrial East,percent_area_flooded,4.457396143,Unknown,2026,3,Mar,2026-03,2026-03
South Sudan,2026-03-01,Ulang,percent_area_flooded,4.465882706,Unknown,2026,3,Mar,2026-03,2026-03
South Sudan,2026-03-01,Panyikang,percent_area_flooded,4.747779695,Unknown,2026,3,Mar,2026-03,2026-03
South Sudan,2026-03-01,Guit,percent_area_flooded,37.58802891,Unknown,2026,3,Mar,2026-03,2026-03
South Sudan,2026-03-01,Twic East,percent_area_flooded,9.963199936,Unknown,2026,3,Mar,2026-03,2026-03
South Sudan,2026-03-01,Aweil West,percent_area_flooded,1.763561457,Unknown,2026,3,Mar,2026-03,2026-03
South Sudan,2026-03-01,Bor South,percent_area_flooded,1.750540739,Unknown,2026,3,Mar,2026-03,2026-03
South Sudan,2026-03-01,Ayod,percent_area_flooded,13.45032123,Unknown,2026,3,Mar,2026-03,2026-03
South Sudan,2026-03-01,Akobo,percent_area_flooded,4.977541055,Unknown,2026,3,Mar,2026-03,2026-03
South Sudan,2026-03-01,Torit,percent_area_flooded,0.158693283,Unknown,2026,3,Mar,2026-03,2026-03
South Sudan,2026-03-01,Magwi,percent_area_flooded,0.084151117,Unknown,2026,3,Mar,2026-03,2026-03
South Sudan,2026-03-01,Kapoeta North,percent_area_flooded,0.238659736,Unknown,2026,3,Mar,2026-03,2026-03
South Sudan,2026-03-01,Canal/Pigi,percent_area_flooded,2.000971662,Unknown,2026,3,Mar,2026-03,2026-03
South Sudan,2026-03-01,Kapoeta East,percent_area_flooded,0.361359344,Unknown,2026,3,Mar,2026-03,2026-03
South Sudan,2026-03-01,Yei,percent_area_flooded,0.009077459,Unknown,2026,3,Mar,2026-03,2026-03
South Sudan,2026-03-01,Terekeka,percent_area_flooded,0.711966928,Unknown,2026,3,Mar,2026-03,2026-03
South Sudan,2026-03-01,Lainya,percent_area_flooded,0.013600998,Unknown,2026,3,Mar,2026-03,2026-03
South Sudan,2026-03-01,Juba,percent_area_flooded,0.304501615,Unknown,2026,3,Mar,2026-03,2026-03
South Sudan,2026-03-01,Yambio,percent_area_flooded,0.008109502,Unknown,2026,3,Mar,2026-03,2026-03
South Sudan,2026-03-01,Abiemnhom,percent_area_flooded,0.004859658,Unknown,2026,3,Mar,2026-03,2026-03
South Sudan,2026-03-01,Budi,percent_area_flooded,0.042317334,Unknown,2026,3,Mar,2026-03,2026-03
South Sudan,2026-03-01,Duk,percent_area_flooded,12.80829407,Unknown,2026,3,Mar,2026-03,2026-03
South Sudan,2026-03-01,Lafon,percent_area_flooded,0.393869484,Unknown,2026,3,Mar,2026-03,2026-03
South Sudan,2026-03-01,Nyirol,percent_area_flooded,0.462799691,Unknown,2026,3,Mar,2026-03,2026-03
South Sudan,2026-03-01,Fangak,percent_area_flooded,26.75588156,Unknown,2026,3,Mar,2026-03,2026-03
South Sudan,2026-03-01,Aweil North,percent_area_flooded,0.197003676,Unknown,2026,3,Mar,2026-03,2026-03
South Sudan,2026-03-01,Aweil East,percent_area_flooded,1.688962958,Unknown,2026,3,Mar,2026-03,2026-03
South Sudan,2026-03-01,Aweil Centre,percent_area_flooded,0.419559716,Unknown,2026,3,Mar,2026-03,2026-03
South Sudan,2026-03-01,Yirol West,percent_area_flooded,1.0749474,Unknown,2026,3,Mar,2026-03,2026-03
South Sudan,2026-03-01,Wulu,percent_area_flooded,0.009341579,Unknown,2026,3,Mar,2026-03,2026-03
South Sudan,2026-03-01,Rumbek North,percent_area_flooded,0.900320745,Unknown,2026,3,Mar,2026-03,2026-03
South Sudan,2026-03-01,Yirol East,percent_area_flooded,8.174283926,Unknown,2026,3,Mar,2026-03,2026-03
South Sudan,2026-03-01,Aweil South,percent_area_flooded,0.415121395,Unknown,2026,3,Mar,2026-03,2026-03
South Sudan,2026-03-01,Rumbek Centre,percent_area_flooded,2.690417603,Unknown,2026,3,Mar,2026-03,2026-03
South Sudan,2026-03-01,Cueibet,percent_area_flooded,0.476751129,Unknown,2026,3,Mar,2026-03,2026-03
South Sudan,2026-03-01,Awerial,percent_area_flooded,4.736418185,Unknown,2026,3,Mar,2026-03,2026-03
South Sudan,2026-03-01,Uror,percent_area_flooded,0.050154569,Unknown,2026,3,Mar,2026-03,2026-03
South Sudan,2026-03-01,Pochalla,percent_area_flooded,3.982018836,Unknown,2026,3,Mar,2026-03,2026-03
South Sudan,2026-03-01,Pibor,percent_area_flooded,0.841945411,Unknown,2026,3,Mar,2026-03,2026-03
South Sudan,2026-03-01,Rumbek East,percent_area_flooded,2.181501062,Unknown,2026,3,Mar,2026-03,2026-03
South Sudan,2026-03-16,Luakpiny/Nasir,percent_area_flooded,3.059517581,Unknown,2026,3,Mar,2026-03,2026-03
South Sudan,2026-03-16,Manyo,percent_area_flooded,1.714403157,Unknown,2026,3,Mar,2026-03,2026-03
South Sudan,2026-03-16,Malakal,percent_area_flooded,2.616937523,Unknown,2026,3,Mar,2026-03,2026-03
South Sudan,2026-03-16,Maiwut,percent_area_flooded,0.144463494,Unknown,2026,3,Mar,2026-03,2026-03
South Sudan,2026-03-16,Maban,percent_area_flooded,0.320184546,Unknown,2026,3,Mar,2026-03,2026-03
South Sudan,2026-03-16,Longochuk,percent_area_flooded,0.651462015,Unknown,2026,3,Mar,2026-03,2026-03
South Sudan,2026-03-16,Leer,percent_area_flooded,5.961233536,Unknown,2026,3,Mar,2026-03,2026-03
South Sudan,2026-03-16,Baliet,percent_area_flooded,0.582184108,Unknown,2026,3,Mar,2026-03,2026-03
South Sudan,2026-03-16,Rubkona,percent_area_flooded,44.38889062,Unknown,2026,3,Mar,2026-03,2026-03
South Sudan,2026-03-16,Pariang,percent_area_flooded,5.908619668,Unknown,2026,3,Mar,2026-03,2026-03
South Sudan,2026-03-16,Panyijiar,percent_area_flooded,8.093999756,Unknown,2026,3,Mar,2026-03,2026-03
South Sudan,2026-03-16,Mayom,percent_area_flooded,12.36760511,Unknown,2026,3,Mar,2026-03,2026-03
South Sudan,2026-03-16,Mayendit,percent_area_flooded,24.08964073,Unknown,2026,3,Mar,2026-03,2026-03
South Sudan,2026-03-16,Melut,percent_area_flooded,6.146295818,Unknown,2026,3,Mar,2026-03,2026-03
South Sudan,2026-03-16,Fashoda,percent_area_flooded,0.854350891,Unknown,2026,3,Mar,2026-03,2026-03
South Sudan,2026-03-16,Panyikang,percent_area_flooded,3.768569314,Unknown,2026,3,Mar,2026-03,2026-03
South Sudan,2026-03-16,Mvolo,percent_area_flooded,0.003143486,Unknown,2026,3,Mar,2026-03,2026-03
South Sudan,2026-03-16,Ulang,percent_area_flooded,2.410287977,Unknown,2026,3,Mar,2026-03,2026-03
South Sudan,2026-03-16,Nagero,percent_area_flooded,0.009880807,Unknown,2026,3,Mar,2026-03,2026-03
South Sudan,2026-03-16,Koch,percent_area_flooded,6.725589037,Unknown,2026,3,Mar,2026-03,2026-03
South Sudan,2026-03-16,Mundri West,percent_area_flooded,0.023084769,Unknown,2026,3,Mar,2026-03,2026-03
South Sudan,2026-03-16,Mundri East,percent_area_flooded,0.02122873,Unknown,2026,3,Mar,2026-03,2026-03
South Sudan,2026-03-16,Maridi,percent_area_flooded,0.01133709,Unknown,2026,3,Mar,2026-03,2026-03
South Sudan,2026-03-16,Ibba,percent_area_flooded,0.111742116,Unknown,2026,3,Mar,2026-03,2026-03
South Sudan,2026-03-16,Ezo,percent_area_flooded,0.021808325,Unknown,2026,3,Mar,2026-03,2026-03
South Sudan,2026-03-16,Renk,percent_area_flooded,0.59785648,Unknown,2026,3,Mar,2026-03,2026-03
South Sudan,2026-03-16,Wau,percent_area_flooded,0.009299824,Unknown,2026,3,Mar,2026-03,2026-03
South Sudan,2026-03-16,Jur River,percent_area_flooded,0.080363887,Unknown,2026,3,Mar,2026-03,2026-03
South Sudan,2026-03-16,Twic,percent_area_flooded,3.555673335,Unknown,2026,3,Mar,2026-03,2026-03
South Sudan,2026-03-16,Tonj South,percent_area_flooded,0.22681834,Unknown,2026,3,Mar,2026-03,2026-03
South Sudan,2026-03-16,Tonj North,percent_area_flooded,4.197348359,Unknown,2026,3,Mar,2026-03,2026-03
South Sudan,2026-03-16,Tonj East,percent_area_flooded,0.158713762,Unknown,2026,3,Mar,2026-03,2026-03
South Sudan,2026-03-16,Gogrial West,percent_area_flooded,0.565016114,Unknown,2026,3,Mar,2026-03,2026-03
South Sudan,2026-03-16,Gogrial East,percent_area_flooded,2.389771572,Unknown,2026,3,Mar,2026-03,2026-03
South Sudan,2026-03-16,Raja,percent_area_flooded,0.003375315,Unknown,2026,3,Mar,2026-03,2026-03
South Sudan,2026-03-16,Guit,percent_area_flooded,34.41638723,Unknown,2026,3,Mar,2026-03,2026-03
South Sudan,2026-03-16,Pibor,percent_area_flooded,0.106258864,Unknown,2026,3,Mar,2026-03,2026-03
South Sudan,2026-03-16,Aweil West,percent_area_flooded,0.129416561,Unknown,2026,3,Mar,2026-03,2026-03
South Sudan,2026-03-16,Ayod,percent_area_flooded,11.58391305,Unknown,2026,3,Mar,2026-03,2026-03
South Sudan,2026-03-16,Akobo,percent_area_flooded,2.864230187,Unknown,2026,3,Mar,2026-03,2026-03
South Sudan,2026-03-16,Torit,percent_area_flooded,0.009959397,Unknown,2026,3,Mar,2026-03,2026-03
South Sudan,2026-03-16,Magwi,percent_area_flooded,0.099869548,Unknown,2026,3,Mar,2026-03,2026-03
South Sudan,2026-03-16,Lafon,percent_area_flooded,0.083952382,Unknown,2026,3,Mar,2026-03,2026-03
South Sudan,2026-03-16,Kapoeta South,percent_area_flooded,0.066202312,Unknown,2026,3,Mar,2026-03,2026-03
South Sudan,2026-03-16,Kapoeta North,percent_area_flooded,0.004558353,Unknown,2026,3,Mar,2026-03,2026-03
South Sudan,2026-03-16,Kapoeta East,percent_area_flooded,0.34877985,Unknown,2026,3,Mar,2026-03,2026-03
South Sudan,2026-03-16,Ikotos,percent_area_flooded,0.054793689,Unknown,2026,3,Mar,2026-03,2026-03
South Sudan,2026-03-16,Budi,percent_area_flooded,0.008698295,Unknown,2026,3,Mar,2026-03,2026-03
South Sudan,2026-03-16,Yei,percent_area_flooded,0.028631811,Unknown,2026,3,Mar,2026-03,2026-03
South Sudan,2026-03-16,Terekeka,percent_area_flooded,0.638963683,Unknown,2026,3,Mar,2026-03,2026-03
South Sudan,2026-03-16,Morobo,percent_area_flooded,0.028827129,Unknown,2026,3,Mar,2026-03,2026-03
South Sudan,2026-03-16,Juba,percent_area_flooded,0.252754129,Unknown,2026,3,Mar,2026-03,2026-03
South Sudan,2026-03-16,Tambura,percent_area_flooded,0.040062346,Unknown,2026,3,Mar,2026-03,2026-03
South Sudan,2026-03-16,Bor South,percent_area_flooded,1.389149163,Unknown,2026,3,Mar,2026-03,2026-03
South Sudan,2026-03-16,Canal/Pigi,percent_area_flooded,1.313755671,Unknown,2026,3,Mar,2026-03,2026-03
South Sudan,2026-03-16,Duk,percent_area_flooded,11.52370244,Unknown,2026,3,Mar,2026-03,2026-03
South Sudan,2026-03-16,Fangak,percent_area_flooded,23.96927691,Unknown,2026,3,Mar,2026-03,2026-03
South Sudan,2026-03-16,Aweil South,percent_area_flooded,0.09899021,Unknown,2026,3,Mar,2026-03,2026-03
South Sudan,2026-03-16,Aweil North,percent_area_flooded,0.005314715,Unknown,2026,3,Mar,2026-03,2026-03
South Sudan,2026-03-16,Aweil East,percent_area_flooded,0.407123448,Unknown,2026,3,Mar,2026-03,2026-03
South Sudan,2026-03-16,Aweil Centre,percent_area_flooded,0.100266722,Unknown,2026,3,Mar,2026-03,2026-03
South Sudan,2026-03-16,Yirol West,percent_area_flooded,0.250238322,Unknown,2026,3,Mar,2026-03,2026-03
South Sudan,2026-03-16,Yirol East,percent_area_flooded,7.956900663,Unknown,2026,3,Mar,2026-03,2026-03
South Sudan,2026-03-16,Wulu,percent_area_flooded,0.007006184,Unknown,2026,3,Mar,2026-03,2026-03
South Sudan,2026-03-16,Abiemnhom,percent_area_flooded,0.049501324,Unknown,2026,3,Mar,2026-03,2026-03
South Sudan,2026-03-16,Rumbek North,percent_area_flooded,0.408276616,Unknown,2026,3,Mar,2026-03,2026-03
South Sudan,2026-03-16,Rumbek Centre,percent_area_flooded,1.305307997,Unknown,2026,3,Mar,2026-03,2026-03
South Sudan,2026-03-16,Cueibet,percent_area_flooded,0.057535715,Unknown,2026,3,Mar,2026-03,2026-03
South Sudan,2026-03-16,Awerial,percent_area_flooded,3.302184507,Unknown,2026,3,Mar,2026-03,2026-03
South Sudan,2026-03-16,Uror,percent_area_flooded,0.051780325,Unknown,2026,3,Mar,2026-03,2026-03
South Sudan,2026-03-16,Twic East,percent_area_flooded,12.89196237,Unknown,2026,3,Mar,2026-03,2026-03
South Sudan,2026-03-16,Pochalla,percent_area_flooded,0.333078028,Unknown,2026,3,Mar,2026-03,2026-03
South Sudan,2026-03-16,Nyirol,percent_area_flooded,0.23757883899999999,Unknown,2026,3,Mar,2026-03,2026-03
South Sudan,2026-03-16,Rumbek East,percent_area_flooded,1.04053589,Unknown,2026,3,Mar,2026-03,2026-03
South Sudan,2026-03-16,Yambio,percent_area_flooded,0.007208446,Unknown,2026,3,Mar,2026-03,2026-03
